-- Your SQL goes here

PRAGMA foreign_keys = ON;

CREATE TABLE protocol (
  id INTEGER PRIMARY KEY NOT NULL,
  protocol_name TEXT NOT NULL UNIQUE,
  display_name TEXT NOT NULL
);

CREATE TABLE protocol_bluetooth_name (
  id INTEGER PRIMARY KEY NOT NULL,
  protocol_id INTEGER NOT NULL,
  bluetooth_name TEXT NOT NULL,
  prefix INTEGER NOT NULL CHECK (prefix IN (0, 1)),
  FOREIGN KEY(protocol_id)
    REFERENCES protocol (id)
      ON DELETE CASCADE
      ON UPDATE NO ACTION
);

CREATE UNIQUE INDEX protocol_bluetooth_name_unique ON protocol_bluetooth_name(protocol_id, bluetooth_name);

CREATE TABLE protocol_bluetooth_manufacturer_data (
  id INTEGER PRIMARY KEY NOT NULL,
  protocol_id INTEGER NOT NULL,
  manufacturer_company INTEGER NOT NULL,
  manufacturer_data BLOB NOT NULL,
  FOREIGN KEY(protocol_id)
    REFERENCES protocol (id)
      ON DELETE CASCADE
      ON UPDATE NO ACTION
);

CREATE TABLE protocol_bluetooth_service (
  id INTEGER PRIMARY KEY NOT NULL,
  protocol_id INTEGER NOT NULL,
  service_uuid TEXT NOT NULL,
  FOREIGN KEY(protocol_id)
    REFERENCES protocol (id)
      ON DELETE CASCADE
      ON UPDATE NO ACTION   
);

CREATE TABLE protocol_bluetooth_characteristic (
  id INTEGER PRIMARY KEY NOT NULL,
  protocol_bluetooth_service_id INTEGER NOT NULL,
  endpoint TEXT NOT NULL,
  characteristic_uuid TEXT NOT NULL,
  FOREIGN KEY(protocol_bluetooth_service_id)
    REFERENCES protocol_bluetooth_service (id)
      ON DELETE CASCADE
      ON UPDATE NO ACTION
);

CREATE TABLE protocol_xinput (
  protocol_id INTEGER PRIMARY KEY NOT NULL,
  FOREIGN KEY(protocol_id)
    REFERENCES protocol (id)
      ON DELETE CASCADE
      ON UPDATE NO ACTION
);

-- If protocol are in this table, it just means they are *capable* of serial use.
CREATE TABLE protocol_serial (
  protocol_id INTEGER PRIMARY KEY NOT NULL,
  FOREIGN KEY(protocol_id)
    REFERENCES protocol (id)
      ON DELETE CASCADE
      ON UPDATE NO ACTION
);

CREATE TABLE protocol_hid (
  protocol_id INTEGER NOT NULL,
  hid_vendor_id INTEGER NOT NULL,
  hid_product_id INTEGER NOT NULL,
  PRIMARY KEY(protocol_id, hid_vendor_id, hid_product_id),
  FOREIGN KEY(protocol_id)
    REFERENCES protocol (id)
      ON DELETE CASCADE
      ON UPDATE NO ACTION
);

CREATE TABLE protocol_usb (
  protocol_id INTEGER NOT NULL,
  usb_vendor_id INTEGER NOT NULL,
  usb_product_id INTEGER NOT NULL,
  PRIMARY KEY(protocol_id, usb_vendor_id, usb_product_id),
  FOREIGN KEY(protocol_id)
    REFERENCES protocol (id)
      ON DELETE CASCADE
      ON UPDATE NO ACTION
);

CREATE TABLE user_protocol_serial (
  protocol_id INTEGER NOT NULL,
  port TEXT UNIQUE NOT NULL,
  baud INTEGER NOT NULL,
  data_bits INTEGER NOT NULL,
  stop_bits INTEGER NOT NULL,
  parity TEXT NOT NULL,
  PRIMARY KEY(protocol_id, port),
  FOREIGN KEY(protocol_id)
    REFERENCES protocol (id)
      ON DELETE CASCADE
      ON UPDATE NO ACTION
);

CREATE TABLE user_protocol_websocket_name (
  id INTEGER PRIMARY KEY NOT NULL,
  protocol_id INTEGER NOT NULL,
  device_name TEXT NOT NULL,
  FOREIGN KEY(protocol_id)
    REFERENCES protocol (id)
      ON DELETE CASCADE
      ON UPDATE NO ACTION
);

CREATE TABLE user_protocol_websocket_prefix (
  id INTEGER PRIMARY KEY NOT NULL,
  protocol_id INTEGER NOT NULL,
  device_name TEXT NOT NULL,
  FOREIGN KEY(protocol_id)
    REFERENCES protocol (id)
      ON DELETE CASCADE
      ON UPDATE NO ACTION
);

CREATE TABLE device (
  id INTEGER PRIMARY KEY NOT NULL,
  protocol_id INTEGER NOT NULL,
  identifier TEXT,
  device_name TEXT NOT NULL,
  FOREIGN KEY(protocol_id)
    REFERENCES protocol (id)
      ON DELETE CASCADE
      ON UPDATE NO ACTION
);

CREATE UNIQUE INDEX device_protocol_identifier_index ON device (protocol_id, identifier);

CREATE TABLE device_feature (
  id INTEGER PRIMARY KEY NOT NULL,
  device_id INTEGER NOT NULL,
  descriptor TEXT,
  FOREIGN KEY(device_id)
    REFERENCES device (id)
      ON DELETE CASCADE
      ON UPDATE NO ACTION
);

CREATE TABLE actuator_type (
  id INTEGER PRIMARY KEY NOT NULL,
  typename TEXT NOT NULL
);

INSERT INTO actuator_type (id, typename) VALUES (1, "Unknown");
INSERT INTO actuator_type (id, typename) VALUES (2, "Vibrate");
INSERT INTO actuator_type (id, typename) VALUES (3, "Rotate");
INSERT INTO actuator_type (id, typename) VALUES (4, "Oscillate");
INSERT INTO actuator_type (id, typename) VALUES (5, "Constrict");
INSERT INTO actuator_type (id, typename) VALUES (6, "Inflate");
INSERT INTO actuator_type (id, typename) VALUES (7, "Position");

CREATE TABLE sensor_type (
  id INTEGER PRIMARY KEY NOT NULL,
  typename TEXT NOT NULL
);

INSERT INTO sensor_type (id, typename) VALUES (1, "Unknown");
INSERT INTO sensor_type (id, typename) VALUES (2, "Battery");
INSERT INTO sensor_type (id, typename) VALUES (3, "RSSI");
INSERT INTO sensor_type (id, typename) VALUES (4, "Button");
INSERT INTO sensor_type (id, typename) VALUES (5, "Pressure");

CREATE TABLE feature_scalarcmd (
  id INTEGER PRIMARY KEY NOT NULL,
  feature_id INTEGER NOT NULL,
  actuator_type_id INTEGER NOT NULL,
  description TEXT,
  range_min INTEGER NOT NULL,
  range_max INTEGER NOT NULL,
  FOREIGN KEY(feature_id)
    REFERENCES device_feature (id)
      ON DELETE CASCADE
      ON UPDATE NO ACTION
);

CREATE TABLE feature_rotatecmd (
  id INTEGER PRIMARY KEY NOT NULL,
  feature_id INTEGER NOT NULL,
  description TEXT NOT NULL,
  range_min INTEGER NOT NULL,
  range_max INTEGER NOT NULL,
  FOREIGN KEY(feature_id)
    REFERENCES device_feature (id)
      ON DELETE CASCADE
      ON UPDATE NO ACTION
);

CREATE TABLE feature_linearcmd (
  id INTEGER PRIMARY KEY NOT NULL,
  feature_id INTEGER NOT NULL,
  description TEXT,
  range_min INTEGER NOT NULL,
  range_max INTEGER NOT NULL,
  FOREIGN KEY(feature_id)
    REFERENCES device_feature (id)
      ON DELETE CASCADE
      ON UPDATE NO ACTION
);

CREATE TABLE feature_sensorcmd (
  id INTEGER PRIMARY KEY NOT NULL,
  feature_id INTEGER NOT NULL,
  sensor_type_id INTEGER NOT NULL,
  description TEXT,
  range_min INTEGER NOT NULL,
  range_max INTEGER NOT NULL,
  readable INTEGER NOT NULL CHECK (readable IN (0, 1)),
  writable INTEGER NOT NULL CHECK (writable IN (0, 1)),
  FOREIGN KEY(sensor_type_id)
    REFERENCES sensor_type (id)
      ON DELETE CASCADE
      ON UPDATE NO ACTION,
  FOREIGN KEY(feature_id)
    REFERENCES device_feature (id)
      ON DELETE CASCADE
      ON UPDATE NO ACTION
);

INSERT INTO protocol (id, protocol_name, display_name) VALUES (1, "svakom-sam", "svakom-sam");
INSERT INTO protocol_bluetooth_name (protocol_id, bluetooth_name, prefix) VALUES (1, "Sam Neo", 0);
INSERT INTO protocol_bluetooth_service (id, protocol_id, service_uuid) VALUES (1, 1, "0000ae00-0000-1000-8000-00805f9b34fb");
INSERT INTO protocol_bluetooth_characteristic (id, protocol_bluetooth_service_id, endpoint, characteristic_uuid) VALUES (1, 1, "tx", "0000ae01-0000-1000-8000-00805f9b34fb");
INSERT INTO device (id, protocol_id, identifier, device_name) VALUES (1, 1, NULL, "Svakom Sam Neo");
INSERT INTO device_feature (id, device_id) VALUES (1, 1);
INSERT INTO feature_scalarcmd (id, feature_id, actuator_type_id, description, range_min, range_max) VALUES (1, 1, 2, NULL, 0, 10);
INSERT INTO device_feature (id, device_id) VALUES (2, 1);
INSERT INTO feature_scalarcmd (id, feature_id, actuator_type_id, description, range_min, range_max) VALUES (2, 2, 2, NULL, 0, 1);
INSERT INTO protocol (id, protocol_name, display_name) VALUES (2, "jejoue", "jejoue");
INSERT INTO protocol_bluetooth_name (protocol_id, bluetooth_name, prefix) VALUES (2, "Je Joue", 0);
INSERT INTO protocol_bluetooth_service (id, protocol_id, service_uuid) VALUES (2, 2, "0000fff0-0000-1000-8000-00805f9b34fb");
INSERT INTO protocol_bluetooth_characteristic (id, protocol_bluetooth_service_id, endpoint, characteristic_uuid) VALUES (2, 2, "tx", "0000fff1-0000-1000-8000-00805f9b34fb");
INSERT INTO device (id, protocol_id, identifier, device_name) VALUES (2, 2, NULL, "Je Joue Device");
INSERT INTO device_feature (id, device_id) VALUES (3, 2);
INSERT INTO feature_scalarcmd (id, feature_id, actuator_type_id, description, range_min, range_max) VALUES (3, 3, 2, NULL, 0, 5);
INSERT INTO device_feature (id, device_id) VALUES (4, 2);
INSERT INTO feature_scalarcmd (id, feature_id, actuator_type_id, description, range_min, range_max) VALUES (4, 4, 2, NULL, 0, 5);
INSERT INTO protocol (id, protocol_name, display_name) VALUES (3, "kiiroo-v21", "kiiroo-v21");
INSERT INTO protocol_bluetooth_name (protocol_id, bluetooth_name, prefix) VALUES (3, "Titan1.1", 0);
INSERT INTO protocol_bluetooth_name (protocol_id, bluetooth_name, prefix) VALUES (3, "Cliona", 0);
INSERT INTO protocol_bluetooth_name (protocol_id, bluetooth_name, prefix) VALUES (3, "OhMiBod 4.0", 0);
INSERT INTO protocol_bluetooth_name (protocol_id, bluetooth_name, prefix) VALUES (3, "Pearl2.1", 0);
INSERT INTO protocol_bluetooth_name (protocol_id, bluetooth_name, prefix) VALUES (3, "OhMiBod LUMEN", 0);
INSERT INTO protocol_bluetooth_name (protocol_id, bluetooth_name, prefix) VALUES (3, "OhMiBod NEX3", 0);
INSERT INTO protocol_bluetooth_name (protocol_id, bluetooth_name, prefix) VALUES (3, "Pulse Interactive", 0);
INSERT INTO protocol_bluetooth_service (id, protocol_id, service_uuid) VALUES (3, 3, "a0d70001-4c16-4ba7-977a-d394920e13a3");
INSERT INTO protocol_bluetooth_characteristic (id, protocol_bluetooth_service_id, endpoint, characteristic_uuid) VALUES (3, 3, "tx", "a0d70002-4c16-4ba7-977a-d394920e13a3");
INSERT INTO protocol_bluetooth_characteristic (id, protocol_bluetooth_service_id, endpoint, characteristic_uuid) VALUES (4, 3, "rx", "a0d70003-4c16-4ba7-977a-d394920e13a3");
INSERT INTO protocol_bluetooth_service (id, protocol_id, service_uuid) VALUES (4, 3, "00001900-0000-1000-8000-00805f9b34fb");
INSERT INTO protocol_bluetooth_characteristic (id, protocol_bluetooth_service_id, endpoint, characteristic_uuid) VALUES (5, 4, "tx", "00001902-0000-1000-8000-00805f9b34fb");
INSERT INTO protocol_bluetooth_characteristic (id, protocol_bluetooth_service_id, endpoint, characteristic_uuid) VALUES (6, 4, "whitelist", "00001901-0000-1000-8000-00805f9b34fb");
INSERT INTO protocol_bluetooth_characteristic (id, protocol_bluetooth_service_id, endpoint, characteristic_uuid) VALUES (7, 4, "rx", "00001903-0000-1000-8000-00805f9b34fb");
INSERT INTO device (id, protocol_id, identifier, device_name) VALUES (3, 3, "OhMiBod LUMEN", "OhMiBod Lumen");
INSERT INTO device_feature (id, device_id) VALUES (5, 3);
INSERT INTO feature_scalarcmd (id, feature_id, actuator_type_id, description, range_min, range_max) VALUES (5, 5, 2, NULL, 0, 100);
INSERT INTO device (id, protocol_id, identifier, device_name) VALUES (4, 3, NULL, "Kiiroo V2.1 Device");
INSERT INTO device (id, protocol_id, identifier, device_name) VALUES (5, 3, "Pulse Interactive", "Hot Octopuss Pulse Solo Interactive");
INSERT INTO device_feature (id, device_id) VALUES (6, 5);
INSERT INTO feature_scalarcmd (id, feature_id, actuator_type_id, description, range_min, range_max) VALUES (6, 6, 2, NULL, 0, 6);
INSERT INTO device (id, protocol_id, identifier, device_name) VALUES (6, 3, "Pearl2.1", "Kiiroo Pearl 2.1");
INSERT INTO device_feature (id, device_id) VALUES (7, 6);
INSERT INTO feature_scalarcmd (id, feature_id, actuator_type_id, description, range_min, range_max) VALUES (7, 7, 2, NULL, 0, 100);
INSERT INTO device (id, protocol_id, identifier, device_name) VALUES (7, 3, "OhMiBod NEX3", "hMiBod NEX|3");
INSERT INTO device_feature (id, device_id) VALUES (8, 7);
INSERT INTO feature_scalarcmd (id, feature_id, actuator_type_id, description, range_min, range_max) VALUES (8, 8, 2, NULL, 0, 100);
INSERT INTO device (id, protocol_id, identifier, device_name) VALUES (8, 3, "OhMiBod 4.0", "OhMiBod Esca 2");
INSERT INTO device_feature (id, device_id) VALUES (9, 8);
INSERT INTO feature_scalarcmd (id, feature_id, actuator_type_id, description, range_min, range_max) VALUES (9, 9, 2, NULL, 0, 100);
INSERT INTO device (id, protocol_id, identifier, device_name) VALUES (9, 3, "Cliona", "Kiiroo Cliona");
INSERT INTO device_feature (id, device_id) VALUES (10, 9);
INSERT INTO feature_scalarcmd (id, feature_id, actuator_type_id, description, range_min, range_max) VALUES (10, 10, 2, NULL, 0, 100);
INSERT INTO device (id, protocol_id, identifier, device_name) VALUES (10, 3, "Titan1.1", "Kiiroo Titan 1.1");
INSERT INTO device_feature (id, device_id) VALUES (11, 10);
INSERT INTO feature_scalarcmd (id, feature_id, actuator_type_id, description, range_min, range_max) VALUES (11, 11, 2, NULL, 0, 100);
INSERT INTO protocol (id, protocol_name, display_name) VALUES (4, "lovedistance", "lovedistance");
INSERT INTO protocol_bluetooth_name (protocol_id, bluetooth_name, prefix) VALUES (4, "REACH", 0);
INSERT INTO protocol_bluetooth_name (protocol_id, bluetooth_name, prefix) VALUES (4, "SPAN", 0);
INSERT INTO protocol_bluetooth_name (protocol_id, bluetooth_name, prefix) VALUES (4, "RANGE", 0);
INSERT INTO protocol_bluetooth_name (protocol_id, bluetooth_name, prefix) VALUES (4, "REACH G", 0);
INSERT INTO protocol_bluetooth_name (protocol_id, bluetooth_name, prefix) VALUES (4, "MAG", 0);
INSERT INTO protocol_bluetooth_service (id, protocol_id, service_uuid) VALUES (5, 4, "0000ff00-0000-1000-8000-00805f9b34fb");
INSERT INTO protocol_bluetooth_characteristic (id, protocol_bluetooth_service_id, endpoint, characteristic_uuid) VALUES (8, 5, "tx", "0000ff01-0000-1000-8000-00805f9b34fb");
INSERT INTO protocol_bluetooth_characteristic (id, protocol_bluetooth_service_id, endpoint, characteristic_uuid) VALUES (9, 5, "rx", "0000ff02-0000-1000-8000-00805f9b34fb");
INSERT INTO device (id, protocol_id, identifier, device_name) VALUES (11, 4, "REACH G", "Love Distance Reach G");
INSERT INTO device (id, protocol_id, identifier, device_name) VALUES (12, 4, NULL, "Love Distance Device");
INSERT INTO device_feature (id, device_id) VALUES (12, 12);
INSERT INTO feature_scalarcmd (id, feature_id, actuator_type_id, description, range_min, range_max) VALUES (12, 12, 2, NULL, 0, 121);
INSERT INTO device (id, protocol_id, identifier, device_name) VALUES (13, 4, "MAG", "Love Distance Mag");
INSERT INTO device (id, protocol_id, identifier, device_name) VALUES (14, 4, "REACH", "Love Distance Reach");
INSERT INTO device (id, protocol_id, identifier, device_name) VALUES (15, 4, "RANGE", "Love Distance Range");
INSERT INTO device (id, protocol_id, identifier, device_name) VALUES (16, 4, "SPAN", "Love Distance Span");
INSERT INTO protocol (id, protocol_name, display_name) VALUES (5, "meese", "meese");
INSERT INTO protocol_bluetooth_name (protocol_id, bluetooth_name, prefix) VALUES (5, "Meese-V389", 0);
INSERT INTO protocol_bluetooth_service (id, protocol_id, service_uuid) VALUES (6, 5, "0000ffe0-0000-1000-8000-00805f9b34fb");
INSERT INTO protocol_bluetooth_characteristic (id, protocol_bluetooth_service_id, endpoint, characteristic_uuid) VALUES (10, 6, "tx", "0000ffe1-0000-1000-8000-00805f9b34fb");
INSERT INTO device (id, protocol_id, identifier, device_name) VALUES (17, 5, NULL, "Meese Tera");
INSERT INTO device_feature (id, device_id) VALUES (13, 17);
INSERT INTO feature_scalarcmd (id, feature_id, actuator_type_id, description, range_min, range_max) VALUES (13, 13, 2, NULL, 0, 10);
INSERT INTO device_feature (id, device_id) VALUES (14, 17);
INSERT INTO feature_scalarcmd (id, feature_id, actuator_type_id, description, range_min, range_max) VALUES (14, 14, 2, NULL, 0, 3);
INSERT INTO protocol (id, protocol_name, display_name) VALUES (6, "pink_punch", "pink_punch");
INSERT INTO protocol_bluetooth_name (protocol_id, bluetooth_name, prefix) VALUES (6, "Pink_Punch", 0);
INSERT INTO protocol_bluetooth_service (id, protocol_id, service_uuid) VALUES (7, 6, "0000ffe0-0000-1000-8000-00805f9b34fb");
INSERT INTO protocol_bluetooth_characteristic (id, protocol_bluetooth_service_id, endpoint, characteristic_uuid) VALUES (11, 7, "tx", "0000ffe1-0000-1000-8000-00805f9b34fb");
INSERT INTO device (id, protocol_id, identifier, device_name) VALUES (18, 6, NULL, "Pink Punch Sunset Mushroom");
INSERT INTO device_feature (id, device_id) VALUES (15, 18);
INSERT INTO feature_scalarcmd (id, feature_id, actuator_type_id, description, range_min, range_max) VALUES (15, 15, 2, NULL, 0, 100);
INSERT INTO protocol (id, protocol_name, display_name) VALUES (7, "vorze-cyclone-x", "vorze-cyclone-x");
INSERT INTO device (id, protocol_id, identifier, device_name) VALUES (19, 7, NULL, "Vorze Cyclone X10 Device");
INSERT INTO protocol (id, protocol_name, display_name) VALUES (8, "ankni", "ankni");
INSERT INTO protocol_bluetooth_name (protocol_id, bluetooth_name, prefix) VALUES (8, "DSJM", 0);
INSERT INTO protocol_bluetooth_service (id, protocol_id, service_uuid) VALUES (8, 8, "0000fe00-0000-1000-8000-00805f9b34fb");
INSERT INTO protocol_bluetooth_characteristic (id, protocol_bluetooth_service_id, endpoint, characteristic_uuid) VALUES (12, 8, "rx", "0000fe02-0000-1000-8000-00805f9b34fb");
INSERT INTO protocol_bluetooth_characteristic (id, protocol_bluetooth_service_id, endpoint, characteristic_uuid) VALUES (13, 8, "tx", "0000fe01-0000-1000-8000-00805f9b34fb");
INSERT INTO protocol_bluetooth_service (id, protocol_id, service_uuid) VALUES (9, 8, "0000fffe-0000-1000-8000-00805f9b34fb");
INSERT INTO protocol_bluetooth_characteristic (id, protocol_bluetooth_service_id, endpoint, characteristic_uuid) VALUES (14, 9, "tx", "0000fe01-0000-1000-8000-00805f9b34fb");
INSERT INTO protocol_bluetooth_characteristic (id, protocol_bluetooth_service_id, endpoint, characteristic_uuid) VALUES (15, 9, "rx", "0000fe02-0000-1000-8000-00805f9b34fb");
INSERT INTO protocol_bluetooth_service (id, protocol_id, service_uuid) VALUES (10, 8, "0000180a-0000-1000-8000-00805f9b34fb");
INSERT INTO protocol_bluetooth_characteristic (id, protocol_bluetooth_service_id, endpoint, characteristic_uuid) VALUES (16, 10, "generic0", "00002a50-0000-1000-8000-00805f9b34fb");
INSERT INTO device (id, protocol_id, identifier, device_name) VALUES (20, 8, NULL, "Roselex Device");
INSERT INTO device_feature (id, device_id) VALUES (16, 20);
INSERT INTO feature_scalarcmd (id, feature_id, actuator_type_id, description, range_min, range_max) VALUES (16, 16, 2, NULL, 0, 3);
INSERT INTO protocol (id, protocol_name, display_name) VALUES (9, "kgoal-boost", "kgoal-boost");
INSERT INTO protocol_bluetooth_name (protocol_id, bluetooth_name, prefix) VALUES (9, "Boost", 0);
INSERT INTO protocol_bluetooth_service (id, protocol_id, service_uuid) VALUES (11, 9, "8e7c6065-7656-17ad-1b41-b53d1a548e0d");
INSERT INTO protocol_bluetooth_characteristic (id, protocol_bluetooth_service_id, endpoint, characteristic_uuid) VALUES (17, 11, "rxpressure", "10c2be2d-d2d5-b7a8-5f42-e2468c9ebbf5");
INSERT INTO protocol_bluetooth_service (id, protocol_id, service_uuid) VALUES (12, 9, "0000180f-0000-1000-8000-00805f9b34fb");
INSERT INTO protocol_bluetooth_characteristic (id, protocol_bluetooth_service_id, endpoint, characteristic_uuid) VALUES (18, 12, "rxblebattery", "00002a19-0000-1000-8000-00805f9b34fb");
INSERT INTO device (id, protocol_id, identifier, device_name) VALUES (21, 9, NULL, "KGoal Boost");
INSERT INTO protocol (id, protocol_name, display_name) VALUES (10, "lovehoney-desire", "lovehoney-desire");
INSERT INTO protocol_bluetooth_name (protocol_id, bluetooth_name, prefix) VALUES (10, "LOVE EGG", 0);
INSERT INTO protocol_bluetooth_name (protocol_id, bluetooth_name, prefix) VALUES (10, "KNICKER VIBE", 0);
INSERT INTO protocol_bluetooth_name (protocol_id, bluetooth_name, prefix) VALUES (10, "PROSTATE VIBE", 0);
INSERT INTO protocol_bluetooth_service (id, protocol_id, service_uuid) VALUES (13, 10, "0000ff00-0000-1000-8000-00805f9b34fb");
INSERT INTO protocol_bluetooth_characteristic (id, protocol_bluetooth_service_id, endpoint, characteristic_uuid) VALUES (19, 13, "tx", "0000ff01-0000-1000-8000-00805f9b34fb");
INSERT INTO device (id, protocol_id, identifier, device_name) VALUES (22, 10, "KNICKER VIBE", "Lovehoney Desire Knicker Vibrator");
INSERT INTO device_feature (id, device_id) VALUES (17, 22);
INSERT INTO feature_scalarcmd (id, feature_id, actuator_type_id, description, range_min, range_max) VALUES (17, 17, 2, NULL, 0, 127);
INSERT INTO device (id, protocol_id, identifier, device_name) VALUES (23, 10, "PROSTATE VIBE", "Lovehoney Desire Prostate Vibrator");
INSERT INTO device (id, protocol_id, identifier, device_name) VALUES (24, 10, NULL, "Lovehoney Device");
INSERT INTO device_feature (id, device_id) VALUES (18, 24);
INSERT INTO feature_scalarcmd (id, feature_id, actuator_type_id, description, range_min, range_max) VALUES (18, 18, 2, NULL, 0, 127);
INSERT INTO device_feature (id, device_id) VALUES (19, 24);
INSERT INTO feature_scalarcmd (id, feature_id, actuator_type_id, description, range_min, range_max) VALUES (19, 19, 2, NULL, 0, 127);
INSERT INTO device (id, protocol_id, identifier, device_name) VALUES (25, 10, "LOVE EGG", "Lovehoney Desire Love Egg");
INSERT INTO device_feature (id, device_id) VALUES (20, 25);
INSERT INTO feature_scalarcmd (id, feature_id, actuator_type_id, description, range_min, range_max) VALUES (20, 20, 2, NULL, 0, 127);
INSERT INTO protocol (id, protocol_name, display_name) VALUES (11, "svakom-v2", "svakom-v2");
INSERT INTO protocol_bluetooth_name (protocol_id, bluetooth_name, prefix) VALUES (11, "116", 0);
INSERT INTO protocol_bluetooth_name (protocol_id, bluetooth_name, prefix) VALUES (11, "Viviana", 0);
INSERT INTO protocol_bluetooth_service (id, protocol_id, service_uuid) VALUES (14, 11, "0000ffe0-0000-1000-8000-00805f9b34fb");
INSERT INTO protocol_bluetooth_characteristic (id, protocol_bluetooth_service_id, endpoint, characteristic_uuid) VALUES (20, 14, "rx", "0000ffe2-0000-1000-8000-00805f9b34fb");
INSERT INTO protocol_bluetooth_characteristic (id, protocol_bluetooth_service_id, endpoint, characteristic_uuid) VALUES (21, 14, "tx", "0000ffe1-0000-1000-8000-00805f9b34fb");
INSERT INTO device (id, protocol_id, identifier, device_name) VALUES (26, 11, "Viviana", "Svakom Viviana");
INSERT INTO device (id, protocol_id, identifier, device_name) VALUES (27, 11, "116", "Svakom Phoenix Neo");
INSERT INTO device (id, protocol_id, identifier, device_name) VALUES (28, 11, NULL, "Svakom Device v2");
INSERT INTO device_feature (id, device_id) VALUES (21, 28);
INSERT INTO feature_scalarcmd (id, feature_id, actuator_type_id, description, range_min, range_max) VALUES (21, 21, 2, NULL, 0, 10);
INSERT INTO protocol (id, protocol_name, display_name) VALUES (12, "cowgirl", "cowgirl");
INSERT INTO protocol_bluetooth_name (protocol_id, bluetooth_name, prefix) VALUES (12, "THE UNICORN", 0);
INSERT INTO protocol_bluetooth_name (protocol_id, bluetooth_name, prefix) VALUES (12, "THE COWGIRL", 0);
INSERT INTO protocol_bluetooth_service (id, protocol_id, service_uuid) VALUES (15, 12, "0000fe00-0000-1000-8000-00805f9b34fb");
INSERT INTO protocol_bluetooth_characteristic (id, protocol_bluetooth_service_id, endpoint, characteristic_uuid) VALUES (22, 15, "tx", "0000fe01-0000-1000-8000-00805f9b34fb");
INSERT INTO device (id, protocol_id, identifier, device_name) VALUES (29, 12, "THE UNICORN", "The Unicorn");
INSERT INTO device (id, protocol_id, identifier, device_name) VALUES (30, 12, NULL, "The Cowgirl Device");
INSERT INTO device_feature (id, device_id) VALUES (22, 30);
INSERT INTO feature_scalarcmd (id, feature_id, actuator_type_id, description, range_min, range_max) VALUES (22, 22, 2, NULL, 0, 255);
INSERT INTO device_feature (id, device_id) VALUES (23, 30);
INSERT INTO feature_scalarcmd (id, feature_id, actuator_type_id, description, range_min, range_max) VALUES (23, 23, 3, NULL, 0, 255);
INSERT INTO device (id, protocol_id, identifier, device_name) VALUES (31, 12, "THE COWGIRL", "The Cowgirl");
INSERT INTO protocol (id, protocol_name, display_name) VALUES (13, "tryfun", "tryfun");
INSERT INTO protocol_bluetooth_name (protocol_id, bluetooth_name, prefix) VALUES (13, "TRYFUN-ONE", 0);
INSERT INTO protocol_bluetooth_service (id, protocol_id, service_uuid) VALUES (16, 13, "0000ff10-0000-1000-8000-00805f9b34fb");
INSERT INTO protocol_bluetooth_characteristic (id, protocol_bluetooth_service_id, endpoint, characteristic_uuid) VALUES (23, 16, "tx", "0000fff1-0000-1000-8000-00805f9b34fb");
INSERT INTO device (id, protocol_id, identifier, device_name) VALUES (32, 13, NULL, "TryFun Yuan Series");
INSERT INTO device_feature (id, device_id) VALUES (24, 32);
INSERT INTO feature_scalarcmd (id, feature_id, actuator_type_id, description, range_min, range_max) VALUES (24, 24, 4, NULL, 0, 9);
INSERT INTO device_feature (id, device_id) VALUES (25, 32);
INSERT INTO feature_scalarcmd (id, feature_id, actuator_type_id, description, range_min, range_max) VALUES (25, 25, 3, NULL, 0, 9);
INSERT INTO protocol (id, protocol_name, display_name) VALUES (14, "lovenuts", "lovenuts");
INSERT INTO protocol_bluetooth_name (protocol_id, bluetooth_name, prefix) VALUES (14, "Love_Nuts", 0);
INSERT INTO protocol_bluetooth_service (id, protocol_id, service_uuid) VALUES (17, 14, "0000fff0-0000-1000-8000-00805f9b34fb");
INSERT INTO protocol_bluetooth_characteristic (id, protocol_bluetooth_service_id, endpoint, characteristic_uuid) VALUES (24, 17, "tx", "0000fff1-0000-1000-8000-00805f9b34fb");
INSERT INTO device (id, protocol_id, identifier, device_name) VALUES (33, 14, NULL, "Love Nut");
INSERT INTO device_feature (id, device_id) VALUES (26, 33);
INSERT INTO feature_scalarcmd (id, feature_id, actuator_type_id, description, range_min, range_max) VALUES (26, 26, 2, NULL, 0, 15);
INSERT INTO protocol (id, protocol_name, display_name) VALUES (15, "mysteryvibe", "mysteryvibe");
INSERT INTO protocol_bluetooth_name (protocol_id, bluetooth_name, prefix) VALUES (15, "MV Tenuto   ", 0);
INSERT INTO protocol_bluetooth_name (protocol_id, bluetooth_name, prefix) VALUES (15, "MV Poco     ", 0);
INSERT INTO protocol_bluetooth_name (protocol_id, bluetooth_name, prefix) VALUES (15, "MV Crescendo", 0);
INSERT INTO protocol_bluetooth_service (id, protocol_id, service_uuid) VALUES (18, 15, "f0006900-110c-478b-b74b-6f403b364a9c");
INSERT INTO protocol_bluetooth_characteristic (id, protocol_bluetooth_service_id, endpoint, characteristic_uuid) VALUES (25, 18, "txvibrate", "f0006903-110c-478b-b74b-6f403b364a9c");
INSERT INTO protocol_bluetooth_characteristic (id, protocol_bluetooth_service_id, endpoint, characteristic_uuid) VALUES (26, 18, "txmode", "f0006901-110c-478b-b74b-6f403b364a9c");
INSERT INTO device (id, protocol_id, identifier, device_name) VALUES (34, 15, "MV Poco     ", "MysteryVibe Poco");
INSERT INTO device_feature (id, device_id) VALUES (27, 34);
INSERT INTO feature_scalarcmd (id, feature_id, actuator_type_id, description, range_min, range_max) VALUES (27, 27, 2, NULL, 0, 56);
INSERT INTO device_feature (id, device_id) VALUES (28, 34);
INSERT INTO feature_scalarcmd (id, feature_id, actuator_type_id, description, range_min, range_max) VALUES (28, 28, 2, NULL, 0, 56);
INSERT INTO device (id, protocol_id, identifier, device_name) VALUES (35, 15, "MV Tenuto   ", "MysteryVibe Tenuto");
INSERT INTO device (id, protocol_id, identifier, device_name) VALUES (36, 15, "MV Crescendo", "MysteryVibe Crescendo");
INSERT INTO device (id, protocol_id, identifier, device_name) VALUES (37, 15, NULL, "Mysteryvibe Device");
INSERT INTO device_feature (id, device_id) VALUES (29, 37);
INSERT INTO feature_scalarcmd (id, feature_id, actuator_type_id, description, range_min, range_max) VALUES (29, 29, 2, NULL, 0, 56);
INSERT INTO device_feature (id, device_id) VALUES (30, 37);
INSERT INTO feature_scalarcmd (id, feature_id, actuator_type_id, description, range_min, range_max) VALUES (30, 30, 2, NULL, 0, 56);
INSERT INTO device_feature (id, device_id) VALUES (31, 37);
INSERT INTO feature_scalarcmd (id, feature_id, actuator_type_id, description, range_min, range_max) VALUES (31, 31, 2, NULL, 0, 56);
INSERT INTO device_feature (id, device_id) VALUES (32, 37);
INSERT INTO feature_scalarcmd (id, feature_id, actuator_type_id, description, range_min, range_max) VALUES (32, 32, 2, NULL, 0, 56);
INSERT INTO device_feature (id, device_id) VALUES (33, 37);
INSERT INTO feature_scalarcmd (id, feature_id, actuator_type_id, description, range_min, range_max) VALUES (33, 33, 2, NULL, 0, 56);
INSERT INTO device_feature (id, device_id) VALUES (34, 37);
INSERT INTO feature_scalarcmd (id, feature_id, actuator_type_id, description, range_min, range_max) VALUES (34, 34, 2, NULL, 0, 56);
INSERT INTO protocol (id, protocol_name, display_name) VALUES (16, "htk_bm", "htk_bm");
INSERT INTO protocol_bluetooth_name (protocol_id, bluetooth_name, prefix) VALUES (16, "HTK-BLE-BM001", 0);
INSERT INTO protocol_bluetooth_service (id, protocol_id, service_uuid) VALUES (19, 16, "0000180f-0000-1000-8000-00805f9b34fb");
INSERT INTO protocol_bluetooth_characteristic (id, protocol_bluetooth_service_id, endpoint, characteristic_uuid) VALUES (27, 19, "rxblebattery", "00002a19-0000-1000-8000-00805f9b34fb");
INSERT INTO protocol_bluetooth_service (id, protocol_id, service_uuid) VALUES (20, 16, "00001802-0000-1000-8000-00805f9b34fb");
INSERT INTO protocol_bluetooth_characteristic (id, protocol_bluetooth_service_id, endpoint, characteristic_uuid) VALUES (28, 20, "tx", "00002a06-0000-1000-8000-00805f9b34fb");
INSERT INTO device (id, protocol_id, identifier, device_name) VALUES (38, 16, NULL, "HTK Breast Massager");
INSERT INTO device_feature (id, device_id) VALUES (35, 38);
INSERT INTO feature_scalarcmd (id, feature_id, actuator_type_id, description, range_min, range_max) VALUES (35, 35, 2, NULL, 0, 1);
INSERT INTO device_feature (id, device_id) VALUES (36, 38);
INSERT INTO feature_scalarcmd (id, feature_id, actuator_type_id, description, range_min, range_max) VALUES (36, 36, 2, NULL, 0, 1);
INSERT INTO protocol (id, protocol_name, display_name) VALUES (17, "prettylove", "prettylove");
INSERT INTO protocol_bluetooth_name (protocol_id, bluetooth_name, prefix) VALUES (17, "Aogu BLE ", 1);
INSERT INTO protocol_bluetooth_service (id, protocol_id, service_uuid) VALUES (21, 17, "0000ffe5-0000-1000-8000-00805f9b34fb");
INSERT INTO protocol_bluetooth_characteristic (id, protocol_bluetooth_service_id, endpoint, characteristic_uuid) VALUES (29, 21, "rx", "0000ffe2-0000-1000-8000-00805f9b34fb");
INSERT INTO protocol_bluetooth_characteristic (id, protocol_bluetooth_service_id, endpoint, characteristic_uuid) VALUES (30, 21, "tx", "0000ffe9-0000-1000-8000-00805f9b34fb");
INSERT INTO device (id, protocol_id, identifier, device_name) VALUES (39, 17, NULL, "Pretty Love Device");
INSERT INTO device_feature (id, device_id) VALUES (37, 39);
INSERT INTO feature_scalarcmd (id, feature_id, actuator_type_id, description, range_min, range_max) VALUES (37, 37, 2, NULL, 0, 3);
INSERT INTO protocol (id, protocol_name, display_name) VALUES (18, "lelo-f1s", "lelo-f1s");
INSERT INTO protocol_bluetooth_name (protocol_id, bluetooth_name, prefix) VALUES (18, "F1s", 0);
INSERT INTO protocol_bluetooth_service (id, protocol_id, service_uuid) VALUES (22, 18, "0000fff0-0000-1000-8000-00805f9b34fb");
INSERT INTO protocol_bluetooth_characteristic (id, protocol_bluetooth_service_id, endpoint, characteristic_uuid) VALUES (31, 22, "tx", "0000fff1-0000-1000-8000-00805f9b34fb");
INSERT INTO protocol_bluetooth_characteristic (id, protocol_bluetooth_service_id, endpoint, characteristic_uuid) VALUES (32, 22, "rx", "00000aa4-0000-1000-8000-00805f9b34fb");
INSERT INTO device (id, protocol_id, identifier, device_name) VALUES (40, 18, NULL, "Lelo F1s");
INSERT INTO device_feature (id, device_id) VALUES (38, 40);
INSERT INTO feature_scalarcmd (id, feature_id, actuator_type_id, description, range_min, range_max) VALUES (38, 38, 2, NULL, 0, 100);
INSERT INTO device_feature (id, device_id) VALUES (39, 40);
INSERT INTO feature_scalarcmd (id, feature_id, actuator_type_id, description, range_min, range_max) VALUES (39, 39, 2, NULL, 0, 100);
INSERT INTO protocol (id, protocol_name, display_name) VALUES (19, "sakuraneko", "sakuraneko");
INSERT INTO protocol_bluetooth_name (protocol_id, bluetooth_name, prefix) VALUES (19, "sakuraneko-01", 0);
INSERT INTO protocol_bluetooth_name (protocol_id, bluetooth_name, prefix) VALUES (19, "sakuraneko-03", 0);
INSERT INTO protocol_bluetooth_name (protocol_id, bluetooth_name, prefix) VALUES (19, "sakuraneko-02", 0);
INSERT INTO protocol_bluetooth_name (protocol_id, bluetooth_name, prefix) VALUES (19, "sakuraneko-04", 0);
INSERT INTO protocol_bluetooth_service (id, protocol_id, service_uuid) VALUES (23, 19, "0000ffe0-0000-1000-8000-00805f9b34fb");
INSERT INTO protocol_bluetooth_characteristic (id, protocol_bluetooth_service_id, endpoint, characteristic_uuid) VALUES (33, 23, "tx", "0000ffe1-0000-1000-8000-00805f9b34fb");
INSERT INTO device (id, protocol_id, identifier, device_name) VALUES (41, 19, "sakuraneko-02", "Sakuraneko Nukunuku");
INSERT INTO device (id, protocol_id, identifier, device_name) VALUES (42, 19, NULL, "Sakuraneko Device");
INSERT INTO device_feature (id, device_id) VALUES (40, 42);
INSERT INTO feature_scalarcmd (id, feature_id, actuator_type_id, description, range_min, range_max) VALUES (40, 40, 2, NULL, 0, 100);
INSERT INTO device (id, protocol_id, identifier, device_name) VALUES (43, 19, "sakuraneko-03", "Sakuraneko Dokidoki");
INSERT INTO device (id, protocol_id, identifier, device_name) VALUES (44, 19, "sakuraneko-01", "Sakuraneko Korokoro");
INSERT INTO device (id, protocol_id, identifier, device_name) VALUES (45, 19, "sakuraneko-04", "Sakuraneko Koikoi");
INSERT INTO device_feature (id, device_id) VALUES (41, 45);
INSERT INTO feature_scalarcmd (id, feature_id, actuator_type_id, description, range_min, range_max) VALUES (41, 41, 2, NULL, 0, 100);
INSERT INTO device_feature (id, device_id) VALUES (42, 45);
INSERT INTO feature_scalarcmd (id, feature_id, actuator_type_id, description, range_min, range_max) VALUES (42, 42, 3, NULL, 0, 100);
INSERT INTO protocol (id, protocol_name, display_name) VALUES (20, "patoo", "patoo");
INSERT INTO protocol_bluetooth_name (protocol_id, bluetooth_name, prefix) VALUES (20, "PHT", 1);
INSERT INTO protocol_bluetooth_name (protocol_id, bluetooth_name, prefix) VALUES (20, "PTVEA", 1);
INSERT INTO protocol_bluetooth_name (protocol_id, bluetooth_name, prefix) VALUES (20, "PCS", 1);
INSERT INTO protocol_bluetooth_name (protocol_id, bluetooth_name, prefix) VALUES (20, "PBT", 1);
INSERT INTO protocol_bluetooth_service (id, protocol_id, service_uuid) VALUES (24, 20, "f000aa64-0451-4000-b000-000000000000");
INSERT INTO protocol_bluetooth_characteristic (id, protocol_bluetooth_service_id, endpoint, characteristic_uuid) VALUES (34, 24, "tx", "f000aa68-0451-4000-b000-000000000000");
INSERT INTO protocol_bluetooth_characteristic (id, protocol_bluetooth_service_id, endpoint, characteristic_uuid) VALUES (35, 24, "txmode", "f000aa65-0451-4000-b000-000000000000");
INSERT INTO device (id, protocol_id, identifier, device_name) VALUES (46, 20, "PBT", "Patoo Devil");
INSERT INTO device_feature (id, device_id) VALUES (43, 46);
INSERT INTO feature_scalarcmd (id, feature_id, actuator_type_id, description, range_min, range_max) VALUES (43, 43, 2, NULL, 0, 100);
INSERT INTO device_feature (id, device_id) VALUES (44, 46);
INSERT INTO feature_scalarcmd (id, feature_id, actuator_type_id, description, range_min, range_max) VALUES (44, 44, 2, NULL, 0, 100);
INSERT INTO device (id, protocol_id, identifier, device_name) VALUES (47, 20, NULL, "Patoo Device");
INSERT INTO device_feature (id, device_id) VALUES (45, 47);
INSERT INTO feature_scalarcmd (id, feature_id, actuator_type_id, description, range_min, range_max) VALUES (45, 45, 2, NULL, 0, 100);
INSERT INTO device (id, protocol_id, identifier, device_name) VALUES (48, 20, "PCS", "Patoo Vibrator");
INSERT INTO device (id, protocol_id, identifier, device_name) VALUES (49, 20, "PTVEA", "Patoo Carrot");
INSERT INTO device (id, protocol_id, identifier, device_name) VALUES (50, 20, "PHT", "Patoo Bean Sprout");
INSERT INTO protocol (id, protocol_name, display_name) VALUES (21, "fredorch", "fredorch");
INSERT INTO protocol_bluetooth_name (protocol_id, bluetooth_name, prefix) VALUES (21, "YXlinksSPP", 0);
INSERT INTO protocol_bluetooth_service (id, protocol_id, service_uuid) VALUES (25, 21, "0000ffb0-0000-1000-8000-00805f9b34fb");
INSERT INTO protocol_bluetooth_characteristic (id, protocol_bluetooth_service_id, endpoint, characteristic_uuid) VALUES (36, 25, "tx", "0000ffb1-0000-1000-8000-00805f9b34fb");
INSERT INTO protocol_bluetooth_characteristic (id, protocol_bluetooth_service_id, endpoint, characteristic_uuid) VALUES (37, 25, "rx", "0000ffb2-0000-1000-8000-00805f9b34fb");
INSERT INTO device (id, protocol_id, identifier, device_name) VALUES (51, 21, NULL, "Fredorch Device");
INSERT INTO protocol (id, protocol_name, display_name) VALUES (22, "libo-elle", "libo-elle");
INSERT INTO protocol_bluetooth_name (protocol_id, bluetooth_name, prefix) VALUES (22, "Shuidi", 0);
INSERT INTO protocol_bluetooth_name (protocol_id, bluetooth_name, prefix) VALUES (22, "PiPiJing", 0);
INSERT INTO protocol_bluetooth_service (id, protocol_id, service_uuid) VALUES (26, 22, "00006000-0000-1000-8000-00805f9b34fb");
INSERT INTO protocol_bluetooth_characteristic (id, protocol_bluetooth_service_id, endpoint, characteristic_uuid) VALUES (38, 26, "tx", "00006001-0000-1000-8000-00805f9b34fb");
INSERT INTO protocol_bluetooth_characteristic (id, protocol_bluetooth_service_id, endpoint, characteristic_uuid) VALUES (39, 26, "txmode", "00006002-0000-1000-8000-00805f9b34fb");
INSERT INTO device (id, protocol_id, identifier, device_name) VALUES (52, 22, "PiPiJing", "LiBo Elle");
INSERT INTO device (id, protocol_id, identifier, device_name) VALUES (53, 22, "Shuidi", "Libo Elle 2");
INSERT INTO device (id, protocol_id, identifier, device_name) VALUES (54, 22, NULL, "Libo Elle Device");
INSERT INTO device_feature (id, device_id) VALUES (46, 54);
INSERT INTO feature_scalarcmd (id, feature_id, actuator_type_id, description, range_min, range_max) VALUES (46, 46, 2, NULL, 0, 3);
INSERT INTO protocol (id, protocol_name, display_name) VALUES (23, "synchro", "synchro");
INSERT INTO protocol_bluetooth_name (protocol_id, bluetooth_name, prefix) VALUES (23, "Shinkuro", 0);
INSERT INTO protocol_bluetooth_service (id, protocol_id, service_uuid) VALUES (27, 23, "0000ffe0-0000-1000-8000-00805f9b34fb");
INSERT INTO protocol_bluetooth_characteristic (id, protocol_bluetooth_service_id, endpoint, characteristic_uuid) VALUES (40, 27, "tx", "0000ffe1-0000-1000-8000-00805f9b34fb");
INSERT INTO device (id, protocol_id, identifier, device_name) VALUES (55, 23, NULL, "Synchro");
INSERT INTO protocol (id, protocol_name, display_name) VALUES (24, "lelo-f1sv2", "lelo-f1sv2");
INSERT INTO protocol_bluetooth_name (protocol_id, bluetooth_name, prefix) VALUES (24, "F1SV2X", 0);
INSERT INTO protocol_bluetooth_name (protocol_id, bluetooth_name, prefix) VALUES (24, "F1SV2A", 0);
INSERT INTO protocol_bluetooth_service (id, protocol_id, service_uuid) VALUES (28, 24, "0000fff0-0000-1000-8000-00805f9b34fb");
INSERT INTO protocol_bluetooth_characteristic (id, protocol_bluetooth_service_id, endpoint, characteristic_uuid) VALUES (41, 28, "rx", "00000a04-0000-1000-8000-00805f9b34fb");
INSERT INTO protocol_bluetooth_characteristic (id, protocol_bluetooth_service_id, endpoint, characteristic_uuid) VALUES (42, 28, "whitelist", "00000a10-0000-1000-8000-00805f9b34fb");
INSERT INTO protocol_bluetooth_characteristic (id, protocol_bluetooth_service_id, endpoint, characteristic_uuid) VALUES (43, 28, "tx", "0000fff1-0000-1000-8000-00805f9b34fb");
INSERT INTO device (id, protocol_id, identifier, device_name) VALUES (56, 24, NULL, "Lelo F1s V2");
INSERT INTO device_feature (id, device_id) VALUES (47, 56);
INSERT INTO feature_scalarcmd (id, feature_id, actuator_type_id, description, range_min, range_max) VALUES (47, 47, 2, NULL, 0, 100);
INSERT INTO device_feature (id, device_id) VALUES (48, 56);
INSERT INTO feature_scalarcmd (id, feature_id, actuator_type_id, description, range_min, range_max) VALUES (48, 48, 2, NULL, 0, 100);
INSERT INTO protocol (id, protocol_name, display_name) VALUES (25, "metaxsire", "metaxsire");
INSERT INTO protocol_bluetooth_name (protocol_id, bluetooth_name, prefix) VALUES (25, "Cali", 0);
INSERT INTO protocol_bluetooth_name (protocol_id, bluetooth_name, prefix) VALUES (25, "Rex", 0);
INSERT INTO protocol_bluetooth_name (protocol_id, bluetooth_name, prefix) VALUES (25, "Olis", 0);
INSERT INTO protocol_bluetooth_service (id, protocol_id, service_uuid) VALUES (29, 25, "0000ffe0-0000-1000-8000-00805f9b34fb");
INSERT INTO protocol_bluetooth_characteristic (id, protocol_bluetooth_service_id, endpoint, characteristic_uuid) VALUES (44, 29, "tx", "0000ffe1-0000-1000-8000-00805f9b34fb");
INSERT INTO protocol_bluetooth_characteristic (id, protocol_bluetooth_service_id, endpoint, characteristic_uuid) VALUES (45, 29, "rx", "0000ffe2-0000-1000-8000-00805f9b34fb");
INSERT INTO device (id, protocol_id, identifier, device_name) VALUES (57, 25, "Olis", "metaXsire Olis");
INSERT INTO device_feature (id, device_id) VALUES (49, 57);
INSERT INTO feature_scalarcmd (id, feature_id, actuator_type_id, description, range_min, range_max) VALUES (49, 49, 2, NULL, 0, 255);
INSERT INTO device_feature (id, device_id) VALUES (50, 57);
INSERT INTO feature_scalarcmd (id, feature_id, actuator_type_id, description, range_min, range_max) VALUES (50, 50, 2, NULL, 0, 255);
INSERT INTO device_feature (id, device_id) VALUES (51, 57);
INSERT INTO feature_scalarcmd (id, feature_id, actuator_type_id, description, range_min, range_max) VALUES (51, 51, 3, NULL, 0, 255);
INSERT INTO device (id, protocol_id, identifier, device_name) VALUES (58, 25, "Cali", "metaXsire Cali");
INSERT INTO device_feature (id, device_id) VALUES (52, 58);
INSERT INTO feature_scalarcmd (id, feature_id, actuator_type_id, description, range_min, range_max) VALUES (52, 52, 2, NULL, 0, 255);
INSERT INTO device_feature (id, device_id) VALUES (53, 58);
INSERT INTO feature_scalarcmd (id, feature_id, actuator_type_id, description, range_min, range_max) VALUES (53, 53, 5, NULL, 0, 255);
INSERT INTO device (id, protocol_id, identifier, device_name) VALUES (59, 25, NULL, "metaXsire Device");
INSERT INTO device_feature (id, device_id) VALUES (54, 59);
INSERT INTO feature_scalarcmd (id, feature_id, actuator_type_id, description, range_min, range_max) VALUES (54, 54, 2, NULL, 0, 255);
INSERT INTO device (id, protocol_id, identifier, device_name) VALUES (60, 25, "Rex", "metaXsire Rex");
INSERT INTO protocol (id, protocol_name, display_name) VALUES (26, "rez-trancevibrator", "rez-trancevibrator");
INSERT INTO device (id, protocol_id, identifier, device_name) VALUES (61, 26, NULL, "Rez TranceVibrator");
INSERT INTO device_feature (id, device_id) VALUES (55, 61);
INSERT INTO feature_scalarcmd (id, feature_id, actuator_type_id, description, range_min, range_max) VALUES (55, 55, 2, NULL, 0, 255);
INSERT INTO protocol (id, protocol_name, display_name) VALUES (27, "aneros", "aneros");
INSERT INTO protocol_bluetooth_name (protocol_id, bluetooth_name, prefix) VALUES (27, "Massage Demo", 0);
INSERT INTO protocol_bluetooth_service (id, protocol_id, service_uuid) VALUES (30, 27, "0000ff00-0000-1000-8000-00805f9b34fb");
INSERT INTO protocol_bluetooth_characteristic (id, protocol_bluetooth_service_id, endpoint, characteristic_uuid) VALUES (46, 30, "tx", "0000ff01-0000-1000-8000-00805f9b34fb");
INSERT INTO device (id, protocol_id, identifier, device_name) VALUES (62, 27, NULL, "Aneros Vivi");
INSERT INTO device_feature (id, device_id) VALUES (56, 62);
INSERT INTO feature_scalarcmd (id, feature_id, actuator_type_id, description, range_min, range_max) VALUES (56, 56, 2, "Perineum Vibrator", 0, 127);
INSERT INTO device_feature (id, device_id) VALUES (57, 62);
INSERT INTO feature_scalarcmd (id, feature_id, actuator_type_id, description, range_min, range_max) VALUES (57, 57, 2, "Internal Vibrator", 0, 127);
INSERT INTO protocol (id, protocol_name, display_name) VALUES (28, "muse", "muse");
INSERT INTO protocol_bluetooth_name (protocol_id, bluetooth_name, prefix) VALUES (28, "WB-ZDB-WST", 0);
INSERT INTO protocol_bluetooth_name (protocol_id, bluetooth_name, prefix) VALUES (28, "WB-TDD", 0);
INSERT INTO protocol_bluetooth_service (id, protocol_id, service_uuid) VALUES (31, 28, "0000aaa0-0000-1000-8000-00805f9b34fb");
INSERT INTO protocol_bluetooth_characteristic (id, protocol_bluetooth_service_id, endpoint, characteristic_uuid) VALUES (47, 31, "tx", "0000aaa1-0000-1000-8000-00805f9b34fb");
INSERT INTO device (id, protocol_id, identifier, device_name) VALUES (63, 28, "WB-TDD", "Galaku Panty Vib");
INSERT INTO device (id, protocol_id, identifier, device_name) VALUES (64, 28, NULL, "Muse Device");
INSERT INTO device_feature (id, device_id) VALUES (58, 64);
INSERT INTO feature_scalarcmd (id, feature_id, actuator_type_id, description, range_min, range_max) VALUES (58, 58, 2, NULL, 0, 9);
INSERT INTO device (id, protocol_id, identifier, device_name) VALUES (65, 28, "WB-ZDB-WST", "Dream Lover Archer 2");
INSERT INTO protocol (id, protocol_name, display_name) VALUES (29, "mizzzee-v2", "mizzzee-v2");
INSERT INTO protocol_bluetooth_name (protocol_id, bluetooth_name, prefix) VALUES (29, "XHT", 0);
INSERT INTO protocol_bluetooth_service (id, protocol_id, service_uuid) VALUES (32, 29, "0000eea0-0000-1000-8000-00805f9b34fb");
INSERT INTO protocol_bluetooth_characteristic (id, protocol_bluetooth_service_id, endpoint, characteristic_uuid) VALUES (48, 32, "tx", "0000ee01-0000-1000-8000-00805f9b34fb");
INSERT INTO device (id, protocol_id, identifier, device_name) VALUES (66, 29, NULL, "Mizz Zee Device");
INSERT INTO device_feature (id, device_id) VALUES (59, 66);
INSERT INTO feature_scalarcmd (id, feature_id, actuator_type_id, description, range_min, range_max) VALUES (59, 59, 2, NULL, 0, 68);
INSERT INTO protocol (id, protocol_name, display_name) VALUES (30, "wevibe-8bit", "wevibe-8bit");
INSERT INTO protocol_bluetooth_name (protocol_id, bluetooth_name, prefix) VALUES (30, "Vector", 0);
INSERT INTO protocol_bluetooth_name (protocol_id, bluetooth_name, prefix) VALUES (30, "Nova_2", 0);
INSERT INTO protocol_bluetooth_name (protocol_id, bluetooth_name, prefix) VALUES (30, "Nelson", 0);
INSERT INTO protocol_bluetooth_name (protocol_id, bluetooth_name, prefix) VALUES (30, "Melt", 0);
INSERT INTO protocol_bluetooth_name (protocol_id, bluetooth_name, prefix) VALUES (30, "Nova2", 0);
INSERT INTO protocol_bluetooth_name (protocol_id, bluetooth_name, prefix) VALUES (30, "Wand", 0);
INSERT INTO protocol_bluetooth_name (protocol_id, bluetooth_name, prefix) VALUES (30, "Moxie", 0);
INSERT INTO protocol_bluetooth_name (protocol_id, bluetooth_name, prefix) VALUES (30, "Bond", 0);
INSERT INTO protocol_bluetooth_name (protocol_id, bluetooth_name, prefix) VALUES (30, "Nova 2", 0);
INSERT INTO protocol_bluetooth_service (id, protocol_id, service_uuid) VALUES (33, 30, "f000bb03-0451-4000-b000-000000000000");
INSERT INTO protocol_bluetooth_characteristic (id, protocol_bluetooth_service_id, endpoint, characteristic_uuid) VALUES (49, 33, "tx", "f000c000-0451-4000-b000-000000000000");
INSERT INTO protocol_bluetooth_characteristic (id, protocol_bluetooth_service_id, endpoint, characteristic_uuid) VALUES (50, 33, "rx", "f000b000-0451-4000-b000-000000000000");
INSERT INTO device (id, protocol_id, identifier, device_name) VALUES (67, 30, "Melt", "WeVibe Melt");
INSERT INTO device_feature (id, device_id) VALUES (60, 67);
INSERT INTO feature_scalarcmd (id, feature_id, actuator_type_id, description, range_min, range_max) VALUES (60, 60, 2, NULL, 0, 22);
INSERT INTO device (id, protocol_id, identifier, device_name) VALUES (68, 30, "Vector", "WeVibe Vector");
INSERT INTO device_feature (id, device_id) VALUES (61, 68);
INSERT INTO feature_scalarcmd (id, feature_id, actuator_type_id, description, range_min, range_max) VALUES (61, 61, 2, NULL, 0, 12);
INSERT INTO device_feature (id, device_id) VALUES (62, 68);
INSERT INTO feature_scalarcmd (id, feature_id, actuator_type_id, description, range_min, range_max) VALUES (62, 62, 2, NULL, 0, 12);
INSERT INTO device (id, protocol_id, identifier, device_name) VALUES (69, 30, "Moxie", "WeVibe Moxie");
INSERT INTO device (id, protocol_id, identifier, device_name) VALUES (70, 30, "Nova_2", "WeVibe Nova 2");
INSERT INTO device_feature (id, device_id) VALUES (63, 70);
INSERT INTO feature_scalarcmd (id, feature_id, actuator_type_id, description, range_min, range_max) VALUES (63, 63, 2, NULL, 0, 27);
INSERT INTO device_feature (id, device_id) VALUES (64, 70);
INSERT INTO feature_scalarcmd (id, feature_id, actuator_type_id, description, range_min, range_max) VALUES (64, 64, 2, NULL, 0, 27);
INSERT INTO device (id, protocol_id, identifier, device_name) VALUES (71, 30, "Nova 2", "WeVibe Nova 2");
INSERT INTO device_feature (id, device_id) VALUES (65, 71);
INSERT INTO feature_scalarcmd (id, feature_id, actuator_type_id, description, range_min, range_max) VALUES (65, 65, 2, NULL, 0, 27);
INSERT INTO device_feature (id, device_id) VALUES (66, 71);
INSERT INTO feature_scalarcmd (id, feature_id, actuator_type_id, description, range_min, range_max) VALUES (66, 66, 2, NULL, 0, 27);
INSERT INTO device (id, protocol_id, identifier, device_name) VALUES (72, 30, "Nova2", "WeVibe Nova 2");
INSERT INTO device_feature (id, device_id) VALUES (67, 72);
INSERT INTO feature_scalarcmd (id, feature_id, actuator_type_id, description, range_min, range_max) VALUES (67, 67, 2, NULL, 0, 27);
INSERT INTO device_feature (id, device_id) VALUES (68, 72);
INSERT INTO feature_scalarcmd (id, feature_id, actuator_type_id, description, range_min, range_max) VALUES (68, 68, 2, NULL, 0, 27);
INSERT INTO device (id, protocol_id, identifier, device_name) VALUES (73, 30, "Bond", "WeVibe Bond");
INSERT INTO device_feature (id, device_id) VALUES (69, 73);
INSERT INTO feature_scalarcmd (id, feature_id, actuator_type_id, description, range_min, range_max) VALUES (69, 69, 2, NULL, 0, 27);
INSERT INTO device (id, protocol_id, identifier, device_name) VALUES (74, 30, "Wand", "WeVibe Wand");
INSERT INTO device_feature (id, device_id) VALUES (70, 74);
INSERT INTO feature_scalarcmd (id, feature_id, actuator_type_id, description, range_min, range_max) VALUES (70, 70, 2, NULL, 0, 22);
INSERT INTO device (id, protocol_id, identifier, device_name) VALUES (75, 30, NULL, "WeVibe 8-bit Device");
INSERT INTO device_feature (id, device_id) VALUES (71, 75);
INSERT INTO feature_scalarcmd (id, feature_id, actuator_type_id, description, range_min, range_max) VALUES (71, 71, 2, NULL, 0, 12);
INSERT INTO device (id, protocol_id, identifier, device_name) VALUES (76, 30, "Nelson", "WeVibe Bond");
INSERT INTO device_feature (id, device_id) VALUES (72, 76);
INSERT INTO feature_scalarcmd (id, feature_id, actuator_type_id, description, range_min, range_max) VALUES (72, 72, 2, NULL, 0, 27);
INSERT INTO protocol (id, protocol_name, display_name) VALUES (31, "fox", "fox");
INSERT INTO protocol_bluetooth_name (protocol_id, bluetooth_name, prefix) VALUES (31, "FoxM70Pro", 0);
INSERT INTO protocol_bluetooth_name (protocol_id, bluetooth_name, prefix) VALUES (31, "FOX", 0);
INSERT INTO protocol_bluetooth_name (protocol_id, bluetooth_name, prefix) VALUES (31, "FOX M70 Pro", 0);
INSERT INTO protocol_bluetooth_service (id, protocol_id, service_uuid) VALUES (34, 31, "0000ae00-0000-1000-8000-00805f9b34fb");
INSERT INTO protocol_bluetooth_characteristic (id, protocol_bluetooth_service_id, endpoint, characteristic_uuid) VALUES (51, 34, "tx", "0000ae01-0000-1000-8000-00805f9b34fb");
INSERT INTO device (id, protocol_id, identifier, device_name) VALUES (77, 31, NULL, "Fox Device");
INSERT INTO device_feature (id, device_id) VALUES (73, 77);
INSERT INTO feature_scalarcmd (id, feature_id, actuator_type_id, description, range_min, range_max) VALUES (73, 73, 2, NULL, 0, 3);
INSERT INTO protocol (id, protocol_name, display_name) VALUES (32, "libo-karen", "libo-karen");
INSERT INTO protocol_bluetooth_name (protocol_id, bluetooth_name, prefix) VALUES (32, "SuoYinQiu", 0);
INSERT INTO protocol_bluetooth_service (id, protocol_id, service_uuid) VALUES (35, 32, "00006000-0000-1000-8000-00805f9b34fb");
INSERT INTO protocol_bluetooth_characteristic (id, protocol_bluetooth_service_id, endpoint, characteristic_uuid) VALUES (52, 35, "tx", "00006001-0000-1000-8000-00805f9b34fb");
INSERT INTO protocol_bluetooth_characteristic (id, protocol_bluetooth_service_id, endpoint, characteristic_uuid) VALUES (53, 35, "txmode", "00006002-0000-1000-8000-00805f9b34fb");
INSERT INTO protocol_bluetooth_service (id, protocol_id, service_uuid) VALUES (36, 32, "00006050-0000-1000-8000-00805f9b34fb");
INSERT INTO protocol_bluetooth_characteristic (id, protocol_bluetooth_service_id, endpoint, characteristic_uuid) VALUES (54, 36, "rxpressure", "00006051-0000-1000-8000-00805f9b34fb");
INSERT INTO device (id, protocol_id, identifier, device_name) VALUES (78, 32, NULL, "Libo Karen");
INSERT INTO protocol (id, protocol_name, display_name) VALUES (33, "sayberx", "sayberx");
INSERT INTO protocol_bluetooth_name (protocol_id, bluetooth_name, prefix) VALUES (33, "SayberX", 0);
INSERT INTO protocol_bluetooth_name (protocol_id, bluetooth_name, prefix) VALUES (33, "X-Ring ", 1);
INSERT INTO protocol_bluetooth_service (id, protocol_id, service_uuid) VALUES (37, 33, "0000fff0-0000-1000-8000-00805f9b34fb");
INSERT INTO protocol_bluetooth_characteristic (id, protocol_bluetooth_service_id, endpoint, characteristic_uuid) VALUES (55, 37, "rx", "0000fff8-0000-1000-8000-00805f9b34fb");
INSERT INTO protocol_bluetooth_characteristic (id, protocol_bluetooth_service_id, endpoint, characteristic_uuid) VALUES (56, 37, "tx", "0000fff6-0000-1000-8000-00805f9b34fb");
INSERT INTO device (id, protocol_id, identifier, device_name) VALUES (79, 33, "X-Ring", "Sayber X-Ring");
INSERT INTO device (id, protocol_id, identifier, device_name) VALUES (80, 33, "SayberX", "SayberX");
INSERT INTO device_feature (id, device_id) VALUES (74, 80);
INSERT INTO feature_scalarcmd (id, feature_id, actuator_type_id, description, range_min, range_max) VALUES (74, 74, 2, NULL, 0, 4);
INSERT INTO device (id, protocol_id, identifier, device_name) VALUES (81, 33, NULL, "SayberX Device");
INSERT INTO protocol (id, protocol_name, display_name) VALUES (34, "magic-motion-1", "magic-motion-1");
INSERT INTO protocol_bluetooth_name (protocol_id, bluetooth_name, prefix) VALUES (34, "Smart Mini Vibe", 1);
INSERT INTO protocol_bluetooth_name (protocol_id, bluetooth_name, prefix) VALUES (34, "Magic Wand", 0);
INSERT INTO protocol_bluetooth_name (protocol_id, bluetooth_name, prefix) VALUES (34, "GBalls3", 0);
INSERT INTO protocol_bluetooth_name (protocol_id, bluetooth_name, prefix) VALUES (34, "Gballs2", 0);
INSERT INTO protocol_bluetooth_name (protocol_id, bluetooth_name, prefix) VALUES (34, "Fugu", 0);
INSERT INTO protocol_bluetooth_name (protocol_id, bluetooth_name, prefix) VALUES (34, "FM-LILAC-101", 0);
INSERT INTO protocol_bluetooth_name (protocol_id, bluetooth_name, prefix) VALUES (34, "Magic Cell", 0);
INSERT INTO protocol_bluetooth_name (protocol_id, bluetooth_name, prefix) VALUES (34, "Smart Bean", 0);
INSERT INTO protocol_bluetooth_name (protocol_id, bluetooth_name, prefix) VALUES (34, "Flamingo", 0);
INSERT INTO protocol_bluetooth_service (id, protocol_id, service_uuid) VALUES (38, 34, "78667579-7b48-43db-b8c5-7928a6b0a335");
INSERT INTO protocol_bluetooth_characteristic (id, protocol_bluetooth_service_id, endpoint, characteristic_uuid) VALUES (57, 38, "tx", "78667579-a914-49a4-8333-aa3c0cd8fedc");
INSERT INTO protocol_bluetooth_service (id, protocol_id, service_uuid) VALUES (39, 34, "0000180f-0000-1000-8000-00805f9b34fb");
INSERT INTO protocol_bluetooth_characteristic (id, protocol_bluetooth_service_id, endpoint, characteristic_uuid) VALUES (58, 39, "rxblebattery", "00002a19-0000-1000-8000-00805f9b34fb");
INSERT INTO device (id, protocol_id, identifier, device_name) VALUES (82, 34, "Magic Fugu", "MagicMotion Fugu");
INSERT INTO device (id, protocol_id, identifier, device_name) VALUES (83, 34, "Smart Mini Vibe", "MagicMotion Smart Mini Vibe");
INSERT INTO device (id, protocol_id, identifier, device_name) VALUES (84, 34, "GBalls3", "G Vibe Gballs 3");
INSERT INTO device (id, protocol_id, identifier, device_name) VALUES (85, 34, "FM-LILAC-101", "Femometer Lilac");
INSERT INTO device (id, protocol_id, identifier, device_name) VALUES (86, 34, "Smart Bean", "MagicMotion Smart Bean");
INSERT INTO device (id, protocol_id, identifier, device_name) VALUES (87, 34, "Magic Wand", "MagicMotion Wand");
INSERT INTO device (id, protocol_id, identifier, device_name) VALUES (88, 34, "Smart Mini Vibe3", "MagicMotion Vini");
INSERT INTO device (id, protocol_id, identifier, device_name) VALUES (89, 34, "Flamingo", "MagicMotion Flamingo");
INSERT INTO device (id, protocol_id, identifier, device_name) VALUES (90, 34, "Gballs2", "G Vibe Gballs 2");
INSERT INTO device (id, protocol_id, identifier, device_name) VALUES (91, 34, "Magic Bean", "MagicMotion Kegel");
INSERT INTO device (id, protocol_id, identifier, device_name) VALUES (92, 34, NULL, "Magic Motion V1 Device");
INSERT INTO device_feature (id, device_id) VALUES (75, 92);
INSERT INTO feature_scalarcmd (id, feature_id, actuator_type_id, description, range_min, range_max) VALUES (75, 75, 2, NULL, 0, 100);
INSERT INTO device (id, protocol_id, identifier, device_name) VALUES (93, 34, "Magic Cell", "MagicMotion Dante/Candy/Rise");
INSERT INTO protocol (id, protocol_name, display_name) VALUES (35, "kizuna", "kizuna");
INSERT INTO device (id, protocol_id, identifier, device_name) VALUES (94, 35, NULL, "Kizuna Smart");
INSERT INTO device_feature (id, device_id) VALUES (76, 94);
INSERT INTO feature_scalarcmd (id, feature_id, actuator_type_id, description, range_min, range_max) VALUES (76, 76, 3, NULL, 0, 9);
INSERT INTO protocol (id, protocol_name, display_name) VALUES (36, "xibao", "xibao");
INSERT INTO protocol_bluetooth_name (protocol_id, bluetooth_name, prefix) VALUES (36, "CCYB_1904", 0);
INSERT INTO protocol_bluetooth_service (id, protocol_id, service_uuid) VALUES (40, 36, "0000fff0-0000-1000-8000-00805f9b34fb");
INSERT INTO protocol_bluetooth_characteristic (id, protocol_bluetooth_service_id, endpoint, characteristic_uuid) VALUES (59, 40, "tx", "0000fff2-0000-1000-8000-00805f9b34fb");
INSERT INTO device (id, protocol_id, identifier, device_name) VALUES (95, 36, NULL, "Xibao Smart Masturbation Cup");
INSERT INTO device_feature (id, device_id) VALUES (77, 95);
INSERT INTO feature_scalarcmd (id, feature_id, actuator_type_id, description, range_min, range_max) VALUES (77, 77, 4, NULL, 0, 99);
INSERT INTO protocol (id, protocol_name, display_name) VALUES (37, "svakom-alex", "svakom-alex");
INSERT INTO protocol_bluetooth_name (protocol_id, bluetooth_name, prefix) VALUES (37, "Alex NEO", 0);
INSERT INTO protocol_bluetooth_service (id, protocol_id, service_uuid) VALUES (41, 37, "0000ffe0-0000-1000-8000-00805f9b34fb");
INSERT INTO protocol_bluetooth_characteristic (id, protocol_bluetooth_service_id, endpoint, characteristic_uuid) VALUES (60, 41, "tx", "0000ffe1-0000-1000-8000-00805f9b34fb");
INSERT INTO device (id, protocol_id, identifier, device_name) VALUES (96, 37, NULL, "Svakom Alex Neo");
INSERT INTO device_feature (id, device_id) VALUES (78, 96);
INSERT INTO feature_scalarcmd (id, feature_id, actuator_type_id, description, range_min, range_max) VALUES (78, 78, 2, NULL, 0, 3);
INSERT INTO protocol (id, protocol_name, display_name) VALUES (38, "kiiroo-v1", "kiiroo-v1");
INSERT INTO protocol_bluetooth_name (protocol_id, bluetooth_name, prefix) VALUES (38, "PEARL", 0);
INSERT INTO protocol_bluetooth_name (protocol_id, bluetooth_name, prefix) VALUES (38, "ONYX", 0);
INSERT INTO protocol_bluetooth_service (id, protocol_id, service_uuid) VALUES (42, 38, "49535343-fe7d-4ae5-8fa9-9fafd205e455");
INSERT INTO protocol_bluetooth_characteristic (id, protocol_bluetooth_service_id, endpoint, characteristic_uuid) VALUES (61, 42, "rx", "49535343-1e4d-4bd9-ba61-23c647249616");
INSERT INTO protocol_bluetooth_characteristic (id, protocol_bluetooth_service_id, endpoint, characteristic_uuid) VALUES (62, 42, "command", "49535343-aca3-481c-91ec-d85e28a60318");
INSERT INTO protocol_bluetooth_characteristic (id, protocol_bluetooth_service_id, endpoint, characteristic_uuid) VALUES (63, 42, "tx", "49535343-8841-43f4-a8d4-ecbe34729bb3");
INSERT INTO device (id, protocol_id, identifier, device_name) VALUES (97, 38, NULL, "Kiiroo V1 Device");
INSERT INTO device (id, protocol_id, identifier, device_name) VALUES (98, 38, "PEARL", "Kiiroo Pearl");
INSERT INTO device_feature (id, device_id) VALUES (79, 98);
INSERT INTO feature_scalarcmd (id, feature_id, actuator_type_id, description, range_min, range_max) VALUES (79, 79, 2, NULL, 0, 4);
INSERT INTO device (id, protocol_id, identifier, device_name) VALUES (99, 38, "ONYX", "Kiiroo Onyx");
INSERT INTO protocol (id, protocol_name, display_name) VALUES (39, "wetoy", "wetoy");
INSERT INTO protocol_bluetooth_name (protocol_id, bluetooth_name, prefix) VALUES (39, "WeToy", 0);
INSERT INTO protocol_bluetooth_service (id, protocol_id, service_uuid) VALUES (43, 39, "0000fff0-0000-1000-8000-00805f9b34fb");
INSERT INTO protocol_bluetooth_characteristic (id, protocol_bluetooth_service_id, endpoint, characteristic_uuid) VALUES (64, 43, "tx", "0000fff3-0000-1000-8000-00805f9b34fb");
INSERT INTO device (id, protocol_id, identifier, device_name) VALUES (100, 39, NULL, "WeToy MiNa");
INSERT INTO device_feature (id, device_id) VALUES (80, 100);
INSERT INTO feature_scalarcmd (id, feature_id, actuator_type_id, description, range_min, range_max) VALUES (80, 80, 2, NULL, 0, 3);
INSERT INTO protocol (id, protocol_name, display_name) VALUES (40, "maxpro", "maxpro");
INSERT INTO protocol_bluetooth_name (protocol_id, bluetooth_name, prefix) VALUES (40, "M2", 0);
INSERT INTO protocol_bluetooth_service (id, protocol_id, service_uuid) VALUES (44, 40, "6e400001-b5a3-f393-e0a9-e50e24dcca9e");
INSERT INTO protocol_bluetooth_characteristic (id, protocol_bluetooth_service_id, endpoint, characteristic_uuid) VALUES (65, 44, "tx", "6e400002-b5a3-f393-e0a9-e50e24dcca9e");
INSERT INTO device (id, protocol_id, identifier, device_name) VALUES (101, 40, NULL, "MaxPro 2");
INSERT INTO device_feature (id, device_id) VALUES (81, 101);
INSERT INTO feature_scalarcmd (id, feature_id, actuator_type_id, description, range_min, range_max) VALUES (81, 81, 2, NULL, 0, 100);
INSERT INTO protocol (id, protocol_name, display_name) VALUES (41, "youcups", "youcups");
INSERT INTO protocol_bluetooth_name (protocol_id, bluetooth_name, prefix) VALUES (41, "Youcups", 0);
INSERT INTO protocol_bluetooth_service (id, protocol_id, service_uuid) VALUES (45, 41, "0000fee9-0000-1000-8000-00805f9b34fb");
INSERT INTO protocol_bluetooth_characteristic (id, protocol_bluetooth_service_id, endpoint, characteristic_uuid) VALUES (66, 45, "tx", "d44bc439-abfd-45a2-b575-925416129600");
INSERT INTO device (id, protocol_id, identifier, device_name) VALUES (102, 41, NULL, "Youcups Warrior II");
INSERT INTO device_feature (id, device_id) VALUES (82, 102);
INSERT INTO feature_scalarcmd (id, feature_id, actuator_type_id, description, range_min, range_max) VALUES (82, 82, 2, NULL, 0, 8);
INSERT INTO protocol (id, protocol_name, display_name) VALUES (42, "sensee", "sensee");
INSERT INTO protocol_bluetooth_name (protocol_id, bluetooth_name, prefix) VALUES (42, "CTY222S4", 0);
INSERT INTO protocol_bluetooth_service (id, protocol_id, service_uuid) VALUES (46, 42, "0000fff0-0000-1000-8000-00805f9b34fb");
INSERT INTO protocol_bluetooth_characteristic (id, protocol_bluetooth_service_id, endpoint, characteristic_uuid) VALUES (67, 46, "tx", "0000fff5-0000-1000-8000-00805f9b34fb");
INSERT INTO device (id, protocol_id, identifier, device_name) VALUES (103, 42, NULL, "Sensee Diandou Rabbit");
INSERT INTO device_feature (id, device_id) VALUES (83, 103);
INSERT INTO feature_scalarcmd (id, feature_id, actuator_type_id, description, range_min, range_max) VALUES (83, 83, 2, NULL, 0, 100);
INSERT INTO protocol (id, protocol_name, display_name) VALUES (43, "magic-motion-4", "magic-motion-4");
INSERT INTO protocol_bluetooth_name (protocol_id, bluetooth_name, prefix) VALUES (43, "Magic Sundi", 0);
INSERT INTO protocol_bluetooth_name (protocol_id, bluetooth_name, prefix) VALUES (43, "Kegel Coach", 0);
INSERT INTO protocol_bluetooth_name (protocol_id, bluetooth_name, prefix) VALUES (43, "umi", 0);
INSERT INTO protocol_bluetooth_name (protocol_id, bluetooth_name, prefix) VALUES (43, "nyx", 0);
INSERT INTO protocol_bluetooth_name (protocol_id, bluetooth_name, prefix) VALUES (43, "Magic Lotos", 0);
INSERT INTO protocol_bluetooth_name (protocol_id, bluetooth_name, prefix) VALUES (43, "funkegel", 0);
INSERT INTO protocol_bluetooth_name (protocol_id, bluetooth_name, prefix) VALUES (43, "funone", 0);
INSERT INTO protocol_bluetooth_name (protocol_id, bluetooth_name, prefix) VALUES (43, "bobi2", 0);
INSERT INTO protocol_bluetooth_service (id, protocol_id, service_uuid) VALUES (47, 43, "0000180f-0000-1000-8000-00805f9b34fb");
INSERT INTO protocol_bluetooth_characteristic (id, protocol_bluetooth_service_id, endpoint, characteristic_uuid) VALUES (68, 47, "rxblebattery", "00002a19-0000-1000-8000-00805f9b34fb");
INSERT INTO protocol_bluetooth_service (id, protocol_id, service_uuid) VALUES (48, 43, "78667579-7b48-43db-b8c5-7928a6b0a335");
INSERT INTO protocol_bluetooth_characteristic (id, protocol_bluetooth_service_id, endpoint, characteristic_uuid) VALUES (69, 48, "tx", "78667579-a914-49a4-8333-aa3c0cd8fedc");
INSERT INTO device (id, protocol_id, identifier, device_name) VALUES (104, 43, "Magic Sundi", "MagicMotion Sundae");
INSERT INTO device (id, protocol_id, identifier, device_name) VALUES (105, 43, "nyx", "MagicMotion Nyx");
INSERT INTO device (id, protocol_id, identifier, device_name) VALUES (106, 43, "Kegel Coach", "MagicMotion Kegel Coach");
INSERT INTO device (id, protocol_id, identifier, device_name) VALUES (107, 43, "umi", "MagicMotion Umi");
INSERT INTO device_feature (id, device_id) VALUES (84, 107);
INSERT INTO feature_scalarcmd (id, feature_id, actuator_type_id, description, range_min, range_max) VALUES (84, 84, 2, NULL, 0, 100);
INSERT INTO device_feature (id, device_id) VALUES (85, 107);
INSERT INTO feature_scalarcmd (id, feature_id, actuator_type_id, description, range_min, range_max) VALUES (85, 85, 2, NULL, 0, 100);
INSERT INTO device (id, protocol_id, identifier, device_name) VALUES (108, 43, "Magic Lotos", "MagicMotion Lotos");
INSERT INTO device (id, protocol_id, identifier, device_name) VALUES (109, 43, "funone", "MagicMotion Bunny");
INSERT INTO device (id, protocol_id, identifier, device_name) VALUES (110, 43, NULL, "Magic Motion V4 Device");
INSERT INTO device_feature (id, device_id) VALUES (86, 110);
INSERT INTO feature_scalarcmd (id, feature_id, actuator_type_id, description, range_min, range_max) VALUES (86, 86, 2, NULL, 0, 100);
INSERT INTO device (id, protocol_id, identifier, device_name) VALUES (111, 43, "bobi2", "MagicMotion Bobi");
INSERT INTO device_feature (id, device_id) VALUES (87, 111);
INSERT INTO feature_scalarcmd (id, feature_id, actuator_type_id, description, range_min, range_max) VALUES (87, 87, 2, NULL, 0, 100);
INSERT INTO device_feature (id, device_id) VALUES (88, 111);
INSERT INTO feature_scalarcmd (id, feature_id, actuator_type_id, description, range_min, range_max) VALUES (88, 88, 2, NULL, 0, 100);
INSERT INTO device (id, protocol_id, identifier, device_name) VALUES (112, 43, "funkegel", "MagicMotion Crystal");
INSERT INTO protocol (id, protocol_name, display_name) VALUES (44, "mannuo", "mannuo");
INSERT INTO protocol_bluetooth_name (protocol_id, bluetooth_name, prefix) VALUES (44, "Sex Toys", 0);
INSERT INTO protocol_bluetooth_name (protocol_id, bluetooth_name, prefix) VALUES (44, "Sex toys", 0);
INSERT INTO protocol_bluetooth_name (protocol_id, bluetooth_name, prefix) VALUES (44, "MANO PRODUCT", 0);
INSERT INTO protocol_bluetooth_name (protocol_id, bluetooth_name, prefix) VALUES (44, "LXCDVP", 0);
INSERT INTO protocol_bluetooth_service (id, protocol_id, service_uuid) VALUES (49, 44, "0000fff0-0000-1000-8000-00805f9b34fb");
INSERT INTO protocol_bluetooth_characteristic (id, protocol_bluetooth_service_id, endpoint, characteristic_uuid) VALUES (70, 49, "tx", "0000fff1-0000-1000-8000-00805f9b34fb");
INSERT INTO protocol_bluetooth_characteristic (id, protocol_bluetooth_service_id, endpoint, characteristic_uuid) VALUES (71, 49, "rx", "0000fff4-0000-1000-8000-00805f9b34fb");
INSERT INTO device (id, protocol_id, identifier, device_name) VALUES (113, 44, NULL, "ManNuo Device");
INSERT INTO device_feature (id, device_id) VALUES (89, 113);
INSERT INTO feature_scalarcmd (id, feature_id, actuator_type_id, description, range_min, range_max) VALUES (89, 89, 2, NULL, 0, 3);
INSERT INTO protocol (id, protocol_name, display_name) VALUES (45, "zalo", "zalo");
INSERT INTO protocol_bluetooth_name (protocol_id, bluetooth_name, prefix) VALUES (45, "ZALO-King", 0);
INSERT INTO protocol_bluetooth_name (protocol_id, bluetooth_name, prefix) VALUES (45, "ZALO-Jeanne", 0);
INSERT INTO protocol_bluetooth_name (protocol_id, bluetooth_name, prefix) VALUES (45, "ZALO-Queen", 0);
INSERT INTO protocol_bluetooth_service (id, protocol_id, service_uuid) VALUES (50, 45, "0000fff0-0000-1000-8000-00805f9b34fb");
INSERT INTO protocol_bluetooth_characteristic (id, protocol_bluetooth_service_id, endpoint, characteristic_uuid) VALUES (72, 50, "tx", "0000fff1-0000-1000-8000-00805f9b34fb");
INSERT INTO device (id, protocol_id, identifier, device_name) VALUES (114, 45, "ZALO-King", "Zalo King");
INSERT INTO device_feature (id, device_id) VALUES (90, 114);
INSERT INTO feature_scalarcmd (id, feature_id, actuator_type_id, description, range_min, range_max) VALUES (90, 90, 2, NULL, 0, 8);
INSERT INTO device_feature (id, device_id) VALUES (91, 114);
INSERT INTO feature_scalarcmd (id, feature_id, actuator_type_id, description, range_min, range_max) VALUES (91, 91, 2, NULL, 0, 8);
INSERT INTO device (id, protocol_id, identifier, device_name) VALUES (115, 45, "ZALO-Jeanne", "Zalo Jeanne");
INSERT INTO device (id, protocol_id, identifier, device_name) VALUES (116, 45, NULL, "Zalo Device");
INSERT INTO device_feature (id, device_id) VALUES (92, 116);
INSERT INTO feature_scalarcmd (id, feature_id, actuator_type_id, description, range_min, range_max) VALUES (92, 92, 2, NULL, 0, 8);
INSERT INTO device (id, protocol_id, identifier, device_name) VALUES (117, 45, "ZALO-Queen", "Zalo Queen");
INSERT INTO device_feature (id, device_id) VALUES (93, 117);
INSERT INTO feature_scalarcmd (id, feature_id, actuator_type_id, description, range_min, range_max) VALUES (93, 93, 2, NULL, 0, 8);
INSERT INTO device_feature (id, device_id) VALUES (94, 117);
INSERT INTO feature_scalarcmd (id, feature_id, actuator_type_id, description, range_min, range_max) VALUES (94, 94, 2, NULL, 0, 8);
INSERT INTO protocol (id, protocol_name, display_name) VALUES (46, "thehandy", "thehandy");
INSERT INTO protocol_bluetooth_name (protocol_id, bluetooth_name, prefix) VALUES (46, "The Handy", 0);
INSERT INTO protocol_bluetooth_service (id, protocol_id, service_uuid) VALUES (51, 46, "1775244d-6b43-439b-877c-060f2d9bed07");
INSERT INTO protocol_bluetooth_characteristic (id, protocol_bluetooth_service_id, endpoint, characteristic_uuid) VALUES (73, 51, "firmware", "1775ff51-6b43-439b-877c-060f2d9bed07");
INSERT INTO protocol_bluetooth_characteristic (id, protocol_bluetooth_service_id, endpoint, characteristic_uuid) VALUES (74, 51, "tx", "1775ff55-6b43-439b-877c-060f2d9bed07");
INSERT INTO device (id, protocol_id, identifier, device_name) VALUES (118, 46, NULL, "The Handy");
INSERT INTO protocol (id, protocol_name, display_name) VALUES (47, "svakom", "svakom");
INSERT INTO protocol_bluetooth_name (protocol_id, bluetooth_name, prefix) VALUES (47, "Vick NEO", 0);
INSERT INTO protocol_bluetooth_name (protocol_id, bluetooth_name, prefix) VALUES (47, "Emma NEO", 0);
INSERT INTO protocol_bluetooth_name (protocol_id, bluetooth_name, prefix) VALUES (47, "Aogu SCB", 0);
INSERT INTO protocol_bluetooth_name (protocol_id, bluetooth_name, prefix) VALUES (47, "Ella NEO", 0);
INSERT INTO protocol_bluetooth_name (protocol_id, bluetooth_name, prefix) VALUES (47, "Phoenix NEO", 0);
INSERT INTO protocol_bluetooth_name (protocol_id, bluetooth_name, prefix) VALUES (47, "Aogu SUV", 0);
INSERT INTO protocol_bluetooth_service (id, protocol_id, service_uuid) VALUES (52, 47, "0000ffe0-0000-1000-8000-00805f9b34fb");
INSERT INTO protocol_bluetooth_characteristic (id, protocol_bluetooth_service_id, endpoint, characteristic_uuid) VALUES (75, 52, "tx", "0000ffe1-0000-1000-8000-00805f9b34fb");
INSERT INTO protocol_bluetooth_characteristic (id, protocol_bluetooth_service_id, endpoint, characteristic_uuid) VALUES (76, 52, "rx", "0000ffe2-0000-1000-8000-00805f9b34fb");
INSERT INTO device (id, protocol_id, identifier, device_name) VALUES (119, 47, "Vick NEO", "Svakom Vick Neo");
INSERT INTO device (id, protocol_id, identifier, device_name) VALUES (120, 47, NULL, "Svakom Device");
INSERT INTO device_feature (id, device_id) VALUES (95, 120);
INSERT INTO feature_scalarcmd (id, feature_id, actuator_type_id, description, range_min, range_max) VALUES (95, 95, 2, NULL, 0, 19);
INSERT INTO device (id, protocol_id, identifier, device_name) VALUES (121, 47, "Emma NEO", "Svakom Emma Neo");
INSERT INTO device (id, protocol_id, identifier, device_name) VALUES (122, 47, "Ella NEO", "Svakom Ella Neo");
INSERT INTO device (id, protocol_id, identifier, device_name) VALUES (123, 47, "Aogu SCB", "Svakom Ella");
INSERT INTO device (id, protocol_id, identifier, device_name) VALUES (124, 47, "Phoenix NEO", "Svakom Phoenix Neo");
INSERT INTO protocol (id, protocol_name, display_name) VALUES (48, "hismith", "hismith");
INSERT INTO protocol_bluetooth_name (protocol_id, bluetooth_name, prefix) VALUES (48, "HISMITH", 0);
INSERT INTO protocol_bluetooth_name (protocol_id, bluetooth_name, prefix) VALUES (48, "Wildolo", 0);
INSERT INTO protocol_bluetooth_service (id, protocol_id, service_uuid) VALUES (53, 48, "0000ff90-0000-1000-8000-00805f9b34fb");
INSERT INTO protocol_bluetooth_characteristic (id, protocol_bluetooth_service_id, endpoint, characteristic_uuid) VALUES (77, 53, "rxblemodel", "0000ff96-0000-1000-8000-00805f9b34fb");
INSERT INTO protocol_bluetooth_service (id, protocol_id, service_uuid) VALUES (54, 48, "0000ffe5-0000-1000-8000-00805f9b34fb");
INSERT INTO protocol_bluetooth_characteristic (id, protocol_bluetooth_service_id, endpoint, characteristic_uuid) VALUES (78, 54, "tx", "0000ffe9-0000-1000-8000-00805f9b34fb");
INSERT INTO device (id, protocol_id, identifier, device_name) VALUES (125, 48, "3001", "Wildolo Device");
INSERT INTO device_feature (id, device_id) VALUES (96, 125);
INSERT INTO feature_scalarcmd (id, feature_id, actuator_type_id, description, range_min, range_max) VALUES (96, 96, 2, NULL, 0, 100);
INSERT INTO device (id, protocol_id, identifier, device_name) VALUES (126, 48, "4001", "Auxfun Sex Machine");
INSERT INTO device (id, protocol_id, identifier, device_name) VALUES (127, 48, NULL, "Hismith device");
INSERT INTO device_feature (id, device_id) VALUES (97, 127);
INSERT INTO feature_scalarcmd (id, feature_id, actuator_type_id, description, range_min, range_max) VALUES (97, 97, 4, "Fucking Machine Oscillation Speed", 0, 100);
INSERT INTO device (id, protocol_id, identifier, device_name) VALUES (128, 48, "1005", "Hismith Mini Sex Machine");
INSERT INTO device (id, protocol_id, identifier, device_name) VALUES (129, 48, "2001", "Hismith Thrusting Cup");
INSERT INTO device_feature (id, device_id) VALUES (98, 129);
INSERT INTO feature_scalarcmd (id, feature_id, actuator_type_id, description, range_min, range_max) VALUES (98, 98, 4, "Stroker Oscillation Speed", 0, 100);
INSERT INTO device_feature (id, device_id) VALUES (99, 129);
INSERT INTO feature_scalarcmd (id, feature_id, actuator_type_id, description, range_min, range_max) VALUES (99, 99, 2, NULL, 0, 1);
INSERT INTO device (id, protocol_id, identifier, device_name) VALUES (130, 48, "1001", "Hismith Sex Machine");
INSERT INTO device (id, protocol_id, identifier, device_name) VALUES (131, 48, "1002", "Hismith Pro Traveler");
INSERT INTO device (id, protocol_id, identifier, device_name) VALUES (132, 48, "1101", "Hismith Sex Machine");
INSERT INTO device (id, protocol_id, identifier, device_name) VALUES (133, 48, "1003", "Hismith Capsule");
INSERT INTO protocol (id, protocol_name, display_name) VALUES (49, "vorze-sa", "vorze-sa");
INSERT INTO protocol_bluetooth_name (protocol_id, bluetooth_name, prefix) VALUES (49, "CycSA", 0);
INSERT INTO protocol_bluetooth_name (protocol_id, bluetooth_name, prefix) VALUES (49, "UFO-TW", 0);
INSERT INTO protocol_bluetooth_name (protocol_id, bluetooth_name, prefix) VALUES (49, "VorzePiston", 0);
INSERT INTO protocol_bluetooth_name (protocol_id, bluetooth_name, prefix) VALUES (49, "ROCKET", 0);
INSERT INTO protocol_bluetooth_name (protocol_id, bluetooth_name, prefix) VALUES (49, "Bach smart", 0);
INSERT INTO protocol_bluetooth_name (protocol_id, bluetooth_name, prefix) VALUES (49, "UFOSA", 0);
INSERT INTO protocol_bluetooth_service (id, protocol_id, service_uuid) VALUES (55, 49, "40ee1111-63ec-4b7f-8ce7-712efd55b90e");
INSERT INTO protocol_bluetooth_characteristic (id, protocol_bluetooth_service_id, endpoint, characteristic_uuid) VALUES (79, 55, "tx", "40ee2222-63ec-4b7f-8ce7-712efd55b90e");
INSERT INTO device (id, protocol_id, identifier, device_name) VALUES (134, 49, "ROCKET", "Adult Festa Rocket");
INSERT INTO device_feature (id, device_id) VALUES (100, 134);
INSERT INTO feature_scalarcmd (id, feature_id, actuator_type_id, description, range_min, range_max) VALUES (100, 100, 2, NULL, 0, 100);
INSERT INTO device (id, protocol_id, identifier, device_name) VALUES (135, 49, "VorzePiston", "Vorze Piston");
INSERT INTO device (id, protocol_id, identifier, device_name) VALUES (136, 49, "UFO-TW", "Vorze UFO TW");
INSERT INTO device (id, protocol_id, identifier, device_name) VALUES (137, 49, "Bach smart", "Vorze Bach");
INSERT INTO device_feature (id, device_id) VALUES (101, 137);
INSERT INTO feature_scalarcmd (id, feature_id, actuator_type_id, description, range_min, range_max) VALUES (101, 101, 2, NULL, 0, 100);
INSERT INTO device (id, protocol_id, identifier, device_name) VALUES (138, 49, "UFOSA", "Vorze UFO SA");
INSERT INTO device (id, protocol_id, identifier, device_name) VALUES (139, 49, "CycSA", "Vorze A10 Cyclone SA");
INSERT INTO device (id, protocol_id, identifier, device_name) VALUES (140, 49, NULL, "Vorze Device");
INSERT INTO protocol (id, protocol_name, display_name) VALUES (50, "picobong", "picobong");
INSERT INTO protocol_bluetooth_name (protocol_id, bluetooth_name, prefix) VALUES (50, "Picobong Ring", 0);
INSERT INTO protocol_bluetooth_name (protocol_id, bluetooth_name, prefix) VALUES (50, "Surfer_plug", 0);
INSERT INTO protocol_bluetooth_name (protocol_id, bluetooth_name, prefix) VALUES (50, "Surfer", 0);
INSERT INTO protocol_bluetooth_name (protocol_id, bluetooth_name, prefix) VALUES (50, "Egg driver", 0);
INSERT INTO protocol_bluetooth_name (protocol_id, bluetooth_name, prefix) VALUES (50, "Picobong Egg", 0);
INSERT INTO protocol_bluetooth_name (protocol_id, bluetooth_name, prefix) VALUES (50, "Diver", 0);
INSERT INTO protocol_bluetooth_name (protocol_id, bluetooth_name, prefix) VALUES (50, "Picobong Male Toy", 0);
INSERT INTO protocol_bluetooth_name (protocol_id, bluetooth_name, prefix) VALUES (50, "Blow hole", 0);
INSERT INTO protocol_bluetooth_name (protocol_id, bluetooth_name, prefix) VALUES (50, "Life guard", 0);
INSERT INTO protocol_bluetooth_name (protocol_id, bluetooth_name, prefix) VALUES (50, "Picobong Butt Plug", 0);
INSERT INTO protocol_bluetooth_service (id, protocol_id, service_uuid) VALUES (56, 50, "0000fff0-0000-1000-8000-00805f9b34fb");
INSERT INTO protocol_bluetooth_characteristic (id, protocol_bluetooth_service_id, endpoint, characteristic_uuid) VALUES (80, 56, "tx", "0000fff1-0000-1000-8000-00805f9b34fb");
INSERT INTO device (id, protocol_id, identifier, device_name) VALUES (141, 50, "Egg driver", "Picobong Surfer");
INSERT INTO device (id, protocol_id, identifier, device_name) VALUES (142, 50, "Picobong Egg", "Picobong Diver");
INSERT INTO device (id, protocol_id, identifier, device_name) VALUES (143, 50, "Life guard", "Picobong Life guard");
INSERT INTO device (id, protocol_id, identifier, device_name) VALUES (144, 50, "Picobong Ring", "Picobong Life guard");
INSERT INTO device (id, protocol_id, identifier, device_name) VALUES (145, 50, "Blow hole", "Picobong Blow hole");
INSERT INTO device (id, protocol_id, identifier, device_name) VALUES (146, 50, "Diver", "Picobong Diver");
INSERT INTO device (id, protocol_id, identifier, device_name) VALUES (147, 50, "Picobong Male Toy", "Picobong Blow hole");
INSERT INTO device (id, protocol_id, identifier, device_name) VALUES (148, 50, NULL, "Picobong Device");
INSERT INTO device_feature (id, device_id) VALUES (102, 148);
INSERT INTO feature_scalarcmd (id, feature_id, actuator_type_id, description, range_min, range_max) VALUES (102, 102, 2, NULL, 0, 10);
INSERT INTO device (id, protocol_id, identifier, device_name) VALUES (149, 50, "Picobong Butt Plug", "Picobong Surfer");
INSERT INTO device (id, protocol_id, identifier, device_name) VALUES (150, 50, "Surfer", "Picobong Surfer");
INSERT INTO device (id, protocol_id, identifier, device_name) VALUES (151, 50, "Surfer_plug", "Picobong Surfer");
INSERT INTO protocol (id, protocol_name, display_name) VALUES (51, "hgod", "hgod");
INSERT INTO protocol_bluetooth_name (protocol_id, bluetooth_name, prefix) VALUES (51, "AMN NEO", 0);
INSERT INTO protocol_bluetooth_service (id, protocol_id, service_uuid) VALUES (57, 51, "0000ffe3-0000-1000-8000-00805f9b34fb");
INSERT INTO protocol_bluetooth_characteristic (id, protocol_bluetooth_service_id, endpoint, characteristic_uuid) VALUES (81, 57, "rx", "0000ffe2-0000-1000-8000-00805f9b34fb");
INSERT INTO protocol_bluetooth_characteristic (id, protocol_bluetooth_service_id, endpoint, characteristic_uuid) VALUES (82, 57, "tx", "0000ffe1-0000-1000-8000-00805f9b34fb");
INSERT INTO device (id, protocol_id, identifier, device_name) VALUES (152, 51, NULL, "Hgod Device");
INSERT INTO device_feature (id, device_id) VALUES (103, 152);
INSERT INTO feature_scalarcmd (id, feature_id, actuator_type_id, description, range_min, range_max) VALUES (103, 103, 2, NULL, 0, 10);
INSERT INTO protocol (id, protocol_name, display_name) VALUES (52, "tcode-v03", "tcode-v03");
INSERT INTO device (id, protocol_id, identifier, device_name) VALUES (153, 52, NULL, "TCode v0.3 (Single Linear Axis)");
INSERT INTO protocol (id, protocol_name, display_name) VALUES (53, "kiiroo-v2-vibrator", "kiiroo-v2-vibrator");
INSERT INTO protocol_bluetooth_name (protocol_id, bluetooth_name, prefix) VALUES (53, "Virtual Rabbit", 0);
INSERT INTO protocol_bluetooth_name (protocol_id, bluetooth_name, prefix) VALUES (53, "Titan", 0);
INSERT INTO protocol_bluetooth_name (protocol_id, bluetooth_name, prefix) VALUES (53, "Fuse", 0);
INSERT INTO protocol_bluetooth_name (protocol_id, bluetooth_name, prefix) VALUES (53, "Virtual Blowbot", 0);
INSERT INTO protocol_bluetooth_name (protocol_id, bluetooth_name, prefix) VALUES (53, "Pearl2", 0);
INSERT INTO protocol_bluetooth_service (id, protocol_id, service_uuid) VALUES (58, 53, "88f82580-0000-01e6-aace-0002a5d5c51b");
INSERT INTO protocol_bluetooth_characteristic (id, protocol_bluetooth_service_id, endpoint, characteristic_uuid) VALUES (83, 58, "rxtouch", "88f82582-0000-01e6-aace-0002a5d5c51b");
INSERT INTO protocol_bluetooth_characteristic (id, protocol_bluetooth_service_id, endpoint, characteristic_uuid) VALUES (84, 58, "rxaccel", "88f82584-0000-01e6-aace-0002a5d5c51b");
INSERT INTO protocol_bluetooth_characteristic (id, protocol_bluetooth_service_id, endpoint, characteristic_uuid) VALUES (85, 58, "tx", "88f82581-0000-01e6-aace-0002a5d5c51b");
INSERT INTO device (id, protocol_id, identifier, device_name) VALUES (154, 53, NULL, "Kiiroo V2 Vibrator Device");
INSERT INTO device_feature (id, device_id) VALUES (104, 154);
INSERT INTO feature_scalarcmd (id, feature_id, actuator_type_id, description, range_min, range_max) VALUES (104, 104, 2, NULL, 0, 100);
INSERT INTO device_feature (id, device_id) VALUES (105, 154);
INSERT INTO feature_scalarcmd (id, feature_id, actuator_type_id, description, range_min, range_max) VALUES (105, 105, 2, NULL, 0, 100);
INSERT INTO device_feature (id, device_id) VALUES (106, 154);
INSERT INTO feature_scalarcmd (id, feature_id, actuator_type_id, description, range_min, range_max) VALUES (106, 106, 2, NULL, 0, 100);
INSERT INTO device (id, protocol_id, identifier, device_name) VALUES (155, 53, "Fuse", "OhMiBod Fuse");
INSERT INTO device_feature (id, device_id) VALUES (107, 155);
INSERT INTO feature_scalarcmd (id, feature_id, actuator_type_id, description, range_min, range_max) VALUES (107, 107, 2, NULL, 0, 100);
INSERT INTO device_feature (id, device_id) VALUES (108, 155);
INSERT INTO feature_scalarcmd (id, feature_id, actuator_type_id, description, range_min, range_max) VALUES (108, 108, 2, NULL, 0, 100);
INSERT INTO device (id, protocol_id, identifier, device_name) VALUES (156, 53, "Virtual Rabbit", "PornHub Virtual Rabit");
INSERT INTO device_feature (id, device_id) VALUES (109, 156);
INSERT INTO feature_scalarcmd (id, feature_id, actuator_type_id, description, range_min, range_max) VALUES (109, 109, 2, NULL, 0, 100);
INSERT INTO device_feature (id, device_id) VALUES (110, 156);
INSERT INTO feature_scalarcmd (id, feature_id, actuator_type_id, description, range_min, range_max) VALUES (110, 110, 2, NULL, 0, 100);
INSERT INTO device (id, protocol_id, identifier, device_name) VALUES (157, 53, "Titan", "Kiiroo Titan");
INSERT INTO device_feature (id, device_id) VALUES (111, 157);
INSERT INTO feature_scalarcmd (id, feature_id, actuator_type_id, description, range_min, range_max) VALUES (111, 111, 2, NULL, 0, 100);
INSERT INTO device_feature (id, device_id) VALUES (112, 157);
INSERT INTO feature_scalarcmd (id, feature_id, actuator_type_id, description, range_min, range_max) VALUES (112, 112, 2, NULL, 0, 100);
INSERT INTO device_feature (id, device_id) VALUES (113, 157);
INSERT INTO feature_scalarcmd (id, feature_id, actuator_type_id, description, range_min, range_max) VALUES (113, 113, 2, NULL, 0, 100);
INSERT INTO device (id, protocol_id, identifier, device_name) VALUES (158, 53, "Pearl2", "Kiiroo Pearl 2");
INSERT INTO device_feature (id, device_id) VALUES (114, 158);
INSERT INTO feature_scalarcmd (id, feature_id, actuator_type_id, description, range_min, range_max) VALUES (114, 114, 2, NULL, 0, 100);
INSERT INTO device (id, protocol_id, identifier, device_name) VALUES (159, 53, "Virtual Blowbot", "PornHub Virtual Blowbot");
INSERT INTO device_feature (id, device_id) VALUES (115, 159);
INSERT INTO feature_scalarcmd (id, feature_id, actuator_type_id, description, range_min, range_max) VALUES (115, 115, 2, NULL, 0, 100);
INSERT INTO device_feature (id, device_id) VALUES (116, 159);
INSERT INTO feature_scalarcmd (id, feature_id, actuator_type_id, description, range_min, range_max) VALUES (116, 116, 2, NULL, 0, 100);
INSERT INTO protocol (id, protocol_name, display_name) VALUES (54, "cachito", "cachito");
INSERT INTO protocol_bluetooth_name (protocol_id, bluetooth_name, prefix) VALUES (54, "CCTSK", 0);
INSERT INTO protocol_bluetooth_name (protocol_id, bluetooth_name, prefix) VALUES (54, "CCTXueGao", 0);
INSERT INTO protocol_bluetooth_service (id, protocol_id, service_uuid) VALUES (59, 54, "0000fff0-0000-1000-8000-00805f9b34fb");
INSERT INTO protocol_bluetooth_characteristic (id, protocol_bluetooth_service_id, endpoint, characteristic_uuid) VALUES (86, 59, "tx", "0000fff2-0000-1000-8000-00805f9b34fb");
INSERT INTO device (id, protocol_id, identifier, device_name) VALUES (160, 54, "CCTSK", "Cachito Lure Tao");
INSERT INTO device (id, protocol_id, identifier, device_name) VALUES (161, 54, "CCTXueGao", "Cachito Ice Cream");
INSERT INTO device (id, protocol_id, identifier, device_name) VALUES (162, 54, NULL, "Cachito Device");
INSERT INTO device_feature (id, device_id) VALUES (117, 162);
INSERT INTO feature_scalarcmd (id, feature_id, actuator_type_id, description, range_min, range_max) VALUES (117, 117, 2, NULL, 0, 5);
INSERT INTO device_feature (id, device_id) VALUES (118, 162);
INSERT INTO feature_scalarcmd (id, feature_id, actuator_type_id, description, range_min, range_max) VALUES (118, 118, 2, NULL, 0, 100);
INSERT INTO protocol (id, protocol_name, display_name) VALUES (55, "realov", "realov");
INSERT INTO protocol_bluetooth_name (protocol_id, bluetooth_name, prefix) VALUES (55, "REALOV_VIBE", 0);
INSERT INTO protocol_bluetooth_service (id, protocol_id, service_uuid) VALUES (60, 55, "0000ffe0-0000-1000-8000-00805f9b34fb");
INSERT INTO protocol_bluetooth_characteristic (id, protocol_bluetooth_service_id, endpoint, characteristic_uuid) VALUES (87, 60, "tx", "0000ffe1-0000-1000-8000-00805f9b34fb");
INSERT INTO device (id, protocol_id, identifier, device_name) VALUES (163, 55, NULL, "Realov Device");
INSERT INTO device_feature (id, device_id) VALUES (119, 163);
INSERT INTO feature_scalarcmd (id, feature_id, actuator_type_id, description, range_min, range_max) VALUES (119, 119, 2, NULL, 0, 50);
INSERT INTO protocol (id, protocol_name, display_name) VALUES (56, "kiiroo-v2", "kiiroo-v2");
INSERT INTO protocol_bluetooth_name (protocol_id, bluetooth_name, prefix) VALUES (56, "Onyx2", 0);
INSERT INTO protocol_bluetooth_name (protocol_id, bluetooth_name, prefix) VALUES (56, "Launch", 0);
INSERT INTO protocol_bluetooth_service (id, protocol_id, service_uuid) VALUES (61, 56, "f60402a6-0293-4bdb-9f20-6758133f7090");
INSERT INTO protocol_bluetooth_characteristic (id, protocol_bluetooth_service_id, endpoint, characteristic_uuid) VALUES (88, 61, "rx", "d44d0393-0731-43b3-a373-8fc70b1f3323");
INSERT INTO protocol_bluetooth_characteristic (id, protocol_bluetooth_service_id, endpoint, characteristic_uuid) VALUES (89, 61, "tx", "02962ac9-e86f-4094-989d-231d69995fc2");
INSERT INTO protocol_bluetooth_characteristic (id, protocol_bluetooth_service_id, endpoint, characteristic_uuid) VALUES (90, 61, "firmware", "c7b7a04b-2cc4-40ff-8b10-5d531d1161db");
INSERT INTO protocol_bluetooth_service (id, protocol_id, service_uuid) VALUES (62, 56, "88f80580-0000-01e6-aace-0002a5d5c51b");
INSERT INTO protocol_bluetooth_characteristic (id, protocol_bluetooth_service_id, endpoint, characteristic_uuid) VALUES (91, 62, "firmware", "88f80583-0000-01e6-aace-0002a5d5c51b");
INSERT INTO protocol_bluetooth_characteristic (id, protocol_bluetooth_service_id, endpoint, characteristic_uuid) VALUES (92, 62, "rx", "88f80582-0000-01e6-aace-0002a5d5c51b");
INSERT INTO protocol_bluetooth_characteristic (id, protocol_bluetooth_service_id, endpoint, characteristic_uuid) VALUES (93, 62, "tx", "88f80581-0000-01e6-aace-0002a5d5c51b");
INSERT INTO device (id, protocol_id, identifier, device_name) VALUES (164, 56, NULL, "Kiiroo v2 Device");
INSERT INTO device (id, protocol_id, identifier, device_name) VALUES (165, 56, "Onyx2", "Kiiroo Onyx 2");
INSERT INTO device (id, protocol_id, identifier, device_name) VALUES (166, 56, "Launch", "Fleshlight Launch");
INSERT INTO protocol (id, protocol_name, display_name) VALUES (57, "svakom-pulse", "svakom-pulse");
INSERT INTO protocol_bluetooth_name (protocol_id, bluetooth_name, prefix) VALUES (57, "SWK-SX013A", 0);
INSERT INTO protocol_bluetooth_name (protocol_id, bluetooth_name, prefix) VALUES (57, "Pulse Union", 0);
INSERT INTO protocol_bluetooth_service (id, protocol_id, service_uuid) VALUES (63, 57, "0000ffe0-0000-1000-8000-00805f9b34fb");
INSERT INTO protocol_bluetooth_characteristic (id, protocol_bluetooth_service_id, endpoint, characteristic_uuid) VALUES (94, 63, "tx", "0000ffe1-0000-1000-8000-00805f9b34fb");
INSERT INTO protocol_bluetooth_characteristic (id, protocol_bluetooth_service_id, endpoint, characteristic_uuid) VALUES (95, 63, "rx", "0000ffe2-0000-1000-8000-00805f9b34fb");
INSERT INTO device (id, protocol_id, identifier, device_name) VALUES (167, 57, NULL, "Svakom Pulse Device");
INSERT INTO device_feature (id, device_id) VALUES (120, 167);
INSERT INTO feature_scalarcmd (id, feature_id, actuator_type_id, description, range_min, range_max) VALUES (120, 120, 2, NULL, 0, 9);
INSERT INTO device (id, protocol_id, identifier, device_name) VALUES (168, 57, "Pulse Union", "Svakom Pulse Union");
INSERT INTO device (id, protocol_id, identifier, device_name) VALUES (169, 57, "SWK-SX013A", "Svakom Pulse Lite Neo");
INSERT INTO protocol (id, protocol_name, display_name) VALUES (58, "cueme", "cueme");
INSERT INTO protocol_bluetooth_name (protocol_id, bluetooth_name, prefix) VALUES (58, "FUNCODE_", 1);
INSERT INTO protocol_bluetooth_service (id, protocol_id, service_uuid) VALUES (64, 58, "0000fff0-0000-1000-8000-00805f9b34fb");
INSERT INTO protocol_bluetooth_characteristic (id, protocol_bluetooth_service_id, endpoint, characteristic_uuid) VALUES (96, 64, "tx", "0000fff1-0000-1000-8000-00805f9b34fb");
INSERT INTO device (id, protocol_id, identifier, device_name) VALUES (170, 58, "2", "Cueme Bra");
INSERT INTO device (id, protocol_id, identifier, device_name) VALUES (171, 58, "3", "Cueme Womans");
INSERT INTO device_feature (id, device_id) VALUES (121, 171);
INSERT INTO feature_scalarcmd (id, feature_id, actuator_type_id, description, range_min, range_max) VALUES (121, 121, 2, NULL, 0, 15);
INSERT INTO device_feature (id, device_id) VALUES (122, 171);
INSERT INTO feature_scalarcmd (id, feature_id, actuator_type_id, description, range_min, range_max) VALUES (122, 122, 2, NULL, 0, 15);
INSERT INTO device_feature (id, device_id) VALUES (123, 171);
INSERT INTO feature_scalarcmd (id, feature_id, actuator_type_id, description, range_min, range_max) VALUES (123, 123, 2, NULL, 0, 15);
INSERT INTO device_feature (id, device_id) VALUES (124, 171);
INSERT INTO feature_scalarcmd (id, feature_id, actuator_type_id, description, range_min, range_max) VALUES (124, 124, 2, NULL, 0, 15);
INSERT INTO device (id, protocol_id, identifier, device_name) VALUES (172, 58, NULL, "Cueme Device");
INSERT INTO device_feature (id, device_id) VALUES (125, 172);
INSERT INTO feature_scalarcmd (id, feature_id, actuator_type_id, description, range_min, range_max) VALUES (125, 125, 2, NULL, 0, 15);
INSERT INTO device_feature (id, device_id) VALUES (126, 172);
INSERT INTO feature_scalarcmd (id, feature_id, actuator_type_id, description, range_min, range_max) VALUES (126, 126, 2, NULL, 0, 15);
INSERT INTO device_feature (id, device_id) VALUES (127, 172);
INSERT INTO feature_scalarcmd (id, feature_id, actuator_type_id, description, range_min, range_max) VALUES (127, 127, 2, NULL, 0, 15);
INSERT INTO device_feature (id, device_id) VALUES (128, 172);
INSERT INTO feature_scalarcmd (id, feature_id, actuator_type_id, description, range_min, range_max) VALUES (128, 128, 2, NULL, 0, 15);
INSERT INTO device_feature (id, device_id) VALUES (129, 172);
INSERT INTO feature_scalarcmd (id, feature_id, actuator_type_id, description, range_min, range_max) VALUES (129, 129, 2, NULL, 0, 15);
INSERT INTO device_feature (id, device_id) VALUES (130, 172);
INSERT INTO feature_scalarcmd (id, feature_id, actuator_type_id, description, range_min, range_max) VALUES (130, 130, 2, NULL, 0, 15);
INSERT INTO device_feature (id, device_id) VALUES (131, 172);
INSERT INTO feature_scalarcmd (id, feature_id, actuator_type_id, description, range_min, range_max) VALUES (131, 131, 2, NULL, 0, 15);
INSERT INTO device_feature (id, device_id) VALUES (132, 172);
INSERT INTO feature_scalarcmd (id, feature_id, actuator_type_id, description, range_min, range_max) VALUES (132, 132, 2, NULL, 0, 15);
INSERT INTO device (id, protocol_id, identifier, device_name) VALUES (173, 58, "1", "Cueme Mens");
INSERT INTO protocol (id, protocol_name, display_name) VALUES (59, "wevibe", "wevibe");
INSERT INTO protocol_bluetooth_name (protocol_id, bluetooth_name, prefix) VALUES (59, "Ditto", 0);
INSERT INTO protocol_bluetooth_name (protocol_id, bluetooth_name, prefix) VALUES (59, "Verge", 0);
INSERT INTO protocol_bluetooth_name (protocol_id, bluetooth_name, prefix) VALUES (59, "classic", 0);
INSERT INTO protocol_bluetooth_name (protocol_id, bluetooth_name, prefix) VALUES (59, "4plus", 0);
INSERT INTO protocol_bluetooth_name (protocol_id, bluetooth_name, prefix) VALUES (59, "Wish", 0);
INSERT INTO protocol_bluetooth_name (protocol_id, bluetooth_name, prefix) VALUES (59, "Sync", 0);
INSERT INTO protocol_bluetooth_name (protocol_id, bluetooth_name, prefix) VALUES (59, "Bloom", 0);
INSERT INTO protocol_bluetooth_name (protocol_id, bluetooth_name, prefix) VALUES (59, "Nova", 0);
INSERT INTO protocol_bluetooth_name (protocol_id, bluetooth_name, prefix) VALUES (59, "Cougar", 0);
INSERT INTO protocol_bluetooth_name (protocol_id, bluetooth_name, prefix) VALUES (59, "Gala", 0);
INSERT INTO protocol_bluetooth_name (protocol_id, bluetooth_name, prefix) VALUES (59, "4_Plus", 0);
INSERT INTO protocol_bluetooth_name (protocol_id, bluetooth_name, prefix) VALUES (59, "Classic", 0);
INSERT INTO protocol_bluetooth_name (protocol_id, bluetooth_name, prefix) VALUES (59, "4 Plus", 0);
INSERT INTO protocol_bluetooth_name (protocol_id, bluetooth_name, prefix) VALUES (59, "Jive", 0);
INSERT INTO protocol_bluetooth_name (protocol_id, bluetooth_name, prefix) VALUES (59, "Pivot", 0);
INSERT INTO protocol_bluetooth_name (protocol_id, bluetooth_name, prefix) VALUES (59, "Rave", 0);
INSERT INTO protocol_bluetooth_service (id, protocol_id, service_uuid) VALUES (65, 59, "f000bb03-0451-4000-b000-000000000000");
INSERT INTO protocol_bluetooth_characteristic (id, protocol_bluetooth_service_id, endpoint, characteristic_uuid) VALUES (97, 65, "tx", "f000c000-0451-4000-b000-000000000000");
INSERT INTO protocol_bluetooth_characteristic (id, protocol_bluetooth_service_id, endpoint, characteristic_uuid) VALUES (98, 65, "rx", "f000b000-0451-4000-b000-000000000000");
INSERT INTO device (id, protocol_id, identifier, device_name) VALUES (174, 59, "4_Plus", "WeVibe 4 Plus");
INSERT INTO device_feature (id, device_id) VALUES (133, 174);
INSERT INTO feature_scalarcmd (id, feature_id, actuator_type_id, description, range_min, range_max) VALUES (133, 133, 2, NULL, 0, 15);
INSERT INTO device_feature (id, device_id) VALUES (134, 174);
INSERT INTO feature_scalarcmd (id, feature_id, actuator_type_id, description, range_min, range_max) VALUES (134, 134, 2, NULL, 0, 15);
INSERT INTO device (id, protocol_id, identifier, device_name) VALUES (175, 59, "Nova", "WeVibe Nova");
INSERT INTO device_feature (id, device_id) VALUES (135, 175);
INSERT INTO feature_scalarcmd (id, feature_id, actuator_type_id, description, range_min, range_max) VALUES (135, 135, 2, NULL, 0, 15);
INSERT INTO device_feature (id, device_id) VALUES (136, 175);
INSERT INTO feature_scalarcmd (id, feature_id, actuator_type_id, description, range_min, range_max) VALUES (136, 136, 2, NULL, 0, 15);
INSERT INTO device (id, protocol_id, identifier, device_name) VALUES (176, 59, "Wish", "WeVibe Wish");
INSERT INTO device (id, protocol_id, identifier, device_name) VALUES (177, 59, "Bloom", "WeVibe Bloom");
INSERT INTO device (id, protocol_id, identifier, device_name) VALUES (178, 59, "classic", "WeVibe 4 Plus");
INSERT INTO device_feature (id, device_id) VALUES (137, 178);
INSERT INTO feature_scalarcmd (id, feature_id, actuator_type_id, description, range_min, range_max) VALUES (137, 137, 2, NULL, 0, 15);
INSERT INTO device_feature (id, device_id) VALUES (138, 178);
INSERT INTO feature_scalarcmd (id, feature_id, actuator_type_id, description, range_min, range_max) VALUES (138, 138, 2, NULL, 0, 15);
INSERT INTO device (id, protocol_id, identifier, device_name) VALUES (179, 59, "Verge", "WeVibe Verge");
INSERT INTO device (id, protocol_id, identifier, device_name) VALUES (180, 59, "Jive", "WeVibe Jive");
INSERT INTO device (id, protocol_id, identifier, device_name) VALUES (181, 59, "Cougar", "WeVibe 4 Plus");
INSERT INTO device_feature (id, device_id) VALUES (139, 181);
INSERT INTO feature_scalarcmd (id, feature_id, actuator_type_id, description, range_min, range_max) VALUES (139, 139, 2, NULL, 0, 15);
INSERT INTO device_feature (id, device_id) VALUES (140, 181);
INSERT INTO feature_scalarcmd (id, feature_id, actuator_type_id, description, range_min, range_max) VALUES (140, 140, 2, NULL, 0, 15);
INSERT INTO device (id, protocol_id, identifier, device_name) VALUES (182, 59, "Gala", "WeVibe Gala");
INSERT INTO device_feature (id, device_id) VALUES (141, 182);
INSERT INTO feature_scalarcmd (id, feature_id, actuator_type_id, description, range_min, range_max) VALUES (141, 141, 2, NULL, 0, 15);
INSERT INTO device_feature (id, device_id) VALUES (142, 182);
INSERT INTO feature_scalarcmd (id, feature_id, actuator_type_id, description, range_min, range_max) VALUES (142, 142, 2, NULL, 0, 15);
INSERT INTO device (id, protocol_id, identifier, device_name) VALUES (183, 59, "Ditto", "WeVibe Ditto");
INSERT INTO device (id, protocol_id, identifier, device_name) VALUES (184, 59, NULL, "WeVibe Device");
INSERT INTO device_feature (id, device_id) VALUES (143, 184);
INSERT INTO feature_scalarcmd (id, feature_id, actuator_type_id, description, range_min, range_max) VALUES (143, 143, 2, NULL, 0, 15);
INSERT INTO device (id, protocol_id, identifier, device_name) VALUES (185, 59, "Sync", "WeVibe Sync");
INSERT INTO device_feature (id, device_id) VALUES (144, 185);
INSERT INTO feature_scalarcmd (id, feature_id, actuator_type_id, description, range_min, range_max) VALUES (144, 144, 2, NULL, 0, 15);
INSERT INTO device_feature (id, device_id) VALUES (145, 185);
INSERT INTO feature_scalarcmd (id, feature_id, actuator_type_id, description, range_min, range_max) VALUES (145, 145, 2, NULL, 0, 15);
INSERT INTO device (id, protocol_id, identifier, device_name) VALUES (186, 59, "Pivot", "WeVibe Pivot");
INSERT INTO device (id, protocol_id, identifier, device_name) VALUES (187, 59, "4 Plus", "WeVibe 4 Plus");
INSERT INTO device_feature (id, device_id) VALUES (146, 187);
INSERT INTO feature_scalarcmd (id, feature_id, actuator_type_id, description, range_min, range_max) VALUES (146, 146, 2, NULL, 0, 15);
INSERT INTO device_feature (id, device_id) VALUES (147, 187);
INSERT INTO feature_scalarcmd (id, feature_id, actuator_type_id, description, range_min, range_max) VALUES (147, 147, 2, NULL, 0, 15);
INSERT INTO device (id, protocol_id, identifier, device_name) VALUES (188, 59, "Rave", "WeVibe Rave");
INSERT INTO device (id, protocol_id, identifier, device_name) VALUES (189, 59, "4plus", "WeVibe 4 Plus");
INSERT INTO device_feature (id, device_id) VALUES (148, 189);
INSERT INTO feature_scalarcmd (id, feature_id, actuator_type_id, description, range_min, range_max) VALUES (148, 148, 2, NULL, 0, 15);
INSERT INTO device_feature (id, device_id) VALUES (149, 189);
INSERT INTO feature_scalarcmd (id, feature_id, actuator_type_id, description, range_min, range_max) VALUES (149, 149, 2, NULL, 0, 15);
INSERT INTO device (id, protocol_id, identifier, device_name) VALUES (190, 59, "Classic", "WeVibe 4 Plus");
INSERT INTO device_feature (id, device_id) VALUES (150, 190);
INSERT INTO feature_scalarcmd (id, feature_id, actuator_type_id, description, range_min, range_max) VALUES (150, 150, 2, NULL, 0, 15);
INSERT INTO device_feature (id, device_id) VALUES (151, 190);
INSERT INTO feature_scalarcmd (id, feature_id, actuator_type_id, description, range_min, range_max) VALUES (151, 151, 2, NULL, 0, 15);
INSERT INTO protocol (id, protocol_name, display_name) VALUES (60, "wevibe-chorus", "wevibe-chorus");
INSERT INTO protocol_bluetooth_name (protocol_id, bluetooth_name, prefix) VALUES (60, "skeena", 0);
INSERT INTO protocol_bluetooth_name (protocol_id, bluetooth_name, prefix) VALUES (60, "Chorus", 0);
INSERT INTO protocol_bluetooth_service (id, protocol_id, service_uuid) VALUES (66, 60, "f000bb03-0451-4000-b000-000000000000");
INSERT INTO protocol_bluetooth_characteristic (id, protocol_bluetooth_service_id, endpoint, characteristic_uuid) VALUES (99, 66, "tx", "f000c000-0451-4000-b000-000000000000");
INSERT INTO protocol_bluetooth_characteristic (id, protocol_bluetooth_service_id, endpoint, characteristic_uuid) VALUES (100, 66, "rx", "f000b000-0451-4000-b000-000000000000");
INSERT INTO device (id, protocol_id, identifier, device_name) VALUES (191, 60, NULL, "WeVibe Chorus");
INSERT INTO device_feature (id, device_id) VALUES (152, 191);
INSERT INTO feature_scalarcmd (id, feature_id, actuator_type_id, description, range_min, range_max) VALUES (152, 152, 2, NULL, 0, 30);
INSERT INTO device_feature (id, device_id) VALUES (153, 191);
INSERT INTO feature_scalarcmd (id, feature_id, actuator_type_id, description, range_min, range_max) VALUES (153, 153, 2, NULL, 0, 30);
INSERT INTO protocol (id, protocol_name, display_name) VALUES (61, "mizzzee", "mizzzee");
INSERT INTO protocol_bluetooth_name (protocol_id, bluetooth_name, prefix) VALUES (61, "NFY008", 0);
INSERT INTO protocol_bluetooth_service (id, protocol_id, service_uuid) VALUES (67, 61, "0000eea0-0000-1000-8000-00805f9b34fb");
INSERT INTO protocol_bluetooth_characteristic (id, protocol_bluetooth_service_id, endpoint, characteristic_uuid) VALUES (101, 67, "tx", "0000eea1-0000-1000-8000-00805f9b34fb");
INSERT INTO device (id, protocol_id, identifier, device_name) VALUES (192, 61, NULL, "Mizz Zee Device");
INSERT INTO device_feature (id, device_id) VALUES (154, 192);
INSERT INTO feature_scalarcmd (id, feature_id, actuator_type_id, description, range_min, range_max) VALUES (154, 154, 2, NULL, 0, 68);
INSERT INTO protocol (id, protocol_name, display_name) VALUES (62, "kiiroo-v21-initialized", "kiiroo-v21-initialized");
INSERT INTO protocol_bluetooth_name (protocol_id, bluetooth_name, prefix) VALUES (62, "Rey", 0);
INSERT INTO protocol_bluetooth_name (protocol_id, bluetooth_name, prefix) VALUES (62, "Onyx2.1", 0);
INSERT INTO protocol_bluetooth_name (protocol_id, bluetooth_name, prefix) VALUES (62, "KEON", 0);
INSERT INTO protocol_bluetooth_name (protocol_id, bluetooth_name, prefix) VALUES (62, "We-Vibe Rocketman", 0);
INSERT INTO protocol_bluetooth_name (protocol_id, bluetooth_name, prefix) VALUES (62, "Onyx+", 0);
INSERT INTO protocol_bluetooth_name (protocol_id, bluetooth_name, prefix) VALUES (62, "Keon R2", 0);
INSERT INTO protocol_bluetooth_service (id, protocol_id, service_uuid) VALUES (68, 62, "00001900-0000-1000-8000-00805f9b34fb");
INSERT INTO protocol_bluetooth_characteristic (id, protocol_bluetooth_service_id, endpoint, characteristic_uuid) VALUES (102, 68, "rx", "00001903-0000-1000-8000-00805f9b34fb");
INSERT INTO protocol_bluetooth_characteristic (id, protocol_bluetooth_service_id, endpoint, characteristic_uuid) VALUES (103, 68, "whitelist", "00001901-0000-1000-8000-00805f9b34fb");
INSERT INTO protocol_bluetooth_characteristic (id, protocol_bluetooth_service_id, endpoint, characteristic_uuid) VALUES (104, 68, "tx", "00001902-0000-1000-8000-00805f9b34fb");
INSERT INTO device (id, protocol_id, identifier, device_name) VALUES (193, 62, "Keon R2", "Kiiroo Keon");
INSERT INTO device (id, protocol_id, identifier, device_name) VALUES (194, 62, "Onyx2.1", "Kiiroo Onyx 2.1");
INSERT INTO device (id, protocol_id, identifier, device_name) VALUES (195, 62, "Onyx+", "Kiiroo Onyx+");
INSERT INTO device (id, protocol_id, identifier, device_name) VALUES (196, 62, "We-Vibe Rocketman", "Kiiroo Onyx+ Realm Edition");
INSERT INTO device (id, protocol_id, identifier, device_name) VALUES (197, 62, NULL, "Kiiroo V2.1 Initialized Device");
INSERT INTO device (id, protocol_id, identifier, device_name) VALUES (198, 62, "KEON", "Kiiroo Keon");
INSERT INTO device (id, protocol_id, identifier, device_name) VALUES (199, 62, "Rey", "Kiiroo Onyx+ Realm Edition");
INSERT INTO protocol (id, protocol_name, display_name) VALUES (63, "libo-vibes", "libo-vibes");
INSERT INTO protocol_bluetooth_name (protocol_id, bluetooth_name, prefix) VALUES (63, "Gugudai", 0);
INSERT INTO protocol_bluetooth_name (protocol_id, bluetooth_name, prefix) VALUES (63, "LuXiaoHan", 0);
INSERT INTO protocol_bluetooth_name (protocol_id, bluetooth_name, prefix) VALUES (63, "XiaoLu", 0);
INSERT INTO protocol_bluetooth_name (protocol_id, bluetooth_name, prefix) VALUES (63, "MonsterPub", 0);
INSERT INTO protocol_bluetooth_name (protocol_id, bluetooth_name, prefix) VALUES (63, "LuWuShuang", 0);
INSERT INTO protocol_bluetooth_name (protocol_id, bluetooth_name, prefix) VALUES (63, "QingTing", 0);
INSERT INTO protocol_bluetooth_name (protocol_id, bluetooth_name, prefix) VALUES (63, "BaiHu", 0);
INSERT INTO protocol_bluetooth_name (protocol_id, bluetooth_name, prefix) VALUES (63, "Yuyi", 0);
INSERT INTO protocol_bluetooth_name (protocol_id, bluetooth_name, prefix) VALUES (63, "Huohu", 0);
INSERT INTO protocol_bluetooth_name (protocol_id, bluetooth_name, prefix) VALUES (63, "LiBo", 0);
INSERT INTO protocol_bluetooth_name (protocol_id, bluetooth_name, prefix) VALUES (63, "Haima", 0);
INSERT INTO protocol_bluetooth_service (id, protocol_id, service_uuid) VALUES (69, 63, "00006000-0000-1000-8000-00805f9b34fb");
INSERT INTO protocol_bluetooth_characteristic (id, protocol_bluetooth_service_id, endpoint, characteristic_uuid) VALUES (105, 69, "txmode", "00006002-0000-1000-8000-00805f9b34fb");
INSERT INTO protocol_bluetooth_characteristic (id, protocol_bluetooth_service_id, endpoint, characteristic_uuid) VALUES (106, 69, "tx", "00006001-0000-1000-8000-00805f9b34fb");
INSERT INTO device (id, protocol_id, identifier, device_name) VALUES (200, 63, "QingTing", "Libo Lucy");
INSERT INTO device (id, protocol_id, identifier, device_name) VALUES (201, 63, "XiaoLu", "Libo Lottie");
INSERT INTO device (id, protocol_id, identifier, device_name) VALUES (202, 63, "Haima", "Libo Selina");
INSERT INTO device_feature (id, device_id) VALUES (155, 202);
INSERT INTO feature_scalarcmd (id, feature_id, actuator_type_id, description, range_min, range_max) VALUES (155, 155, 2, NULL, 0, 100);
INSERT INTO device_feature (id, device_id) VALUES (156, 202);
INSERT INTO feature_scalarcmd (id, feature_id, actuator_type_id, description, range_min, range_max) VALUES (156, 156, 2, NULL, 0, 3);
INSERT INTO device (id, protocol_id, identifier, device_name) VALUES (203, 63, "MonsterPub", "Sistalk MonsterPub");
INSERT INTO device (id, protocol_id, identifier, device_name) VALUES (204, 63, "LiBo", "Libo Lily");
INSERT INTO device (id, protocol_id, identifier, device_name) VALUES (205, 63, "Yuyi", "Libo Feather");
INSERT INTO device (id, protocol_id, identifier, device_name) VALUES (206, 63, "LuXiaoHan", "Libo LuLu");
INSERT INTO device (id, protocol_id, identifier, device_name) VALUES (207, 63, "BaiHu", "Libo LaLa");
INSERT INTO device_feature (id, device_id) VALUES (157, 207);
INSERT INTO feature_scalarcmd (id, feature_id, actuator_type_id, description, range_min, range_max) VALUES (157, 157, 2, NULL, 0, 100);
INSERT INTO device_feature (id, device_id) VALUES (158, 207);
INSERT INTO feature_scalarcmd (id, feature_id, actuator_type_id, description, range_min, range_max) VALUES (158, 158, 2, NULL, 0, 3);
INSERT INTO device (id, protocol_id, identifier, device_name) VALUES (208, 63, "Gugudai", "Libo Carlos");
INSERT INTO device_feature (id, device_id) VALUES (159, 208);
INSERT INTO feature_scalarcmd (id, feature_id, actuator_type_id, description, range_min, range_max) VALUES (159, 159, 2, NULL, 0, 100);
INSERT INTO device_feature (id, device_id) VALUES (160, 208);
INSERT INTO feature_scalarcmd (id, feature_id, actuator_type_id, description, range_min, range_max) VALUES (160, 160, 2, NULL, 0, 3);
INSERT INTO device (id, protocol_id, identifier, device_name) VALUES (209, 63, NULL, "Libo Vibes Device");
INSERT INTO device_feature (id, device_id) VALUES (161, 209);
INSERT INTO feature_scalarcmd (id, feature_id, actuator_type_id, description, range_min, range_max) VALUES (161, 161, 2, NULL, 0, 100);
INSERT INTO device (id, protocol_id, identifier, device_name) VALUES (210, 63, "Huohu", "Libo Lara");
INSERT INTO device (id, protocol_id, identifier, device_name) VALUES (211, 63, "LuWuShuang", "Libo Adel");
INSERT INTO protocol (id, protocol_name, display_name) VALUES (64, "xinput", "xinput");
INSERT INTO device (id, protocol_id, identifier, device_name) VALUES (212, 64, NULL, "XBox (XInput) Compatible Gamepad");
INSERT INTO device_feature (id, device_id) VALUES (162, 212);
INSERT INTO feature_scalarcmd (id, feature_id, actuator_type_id, description, range_min, range_max) VALUES (162, 162, 2, NULL, 0, 65535);
INSERT INTO device_feature (id, device_id) VALUES (163, 212);
INSERT INTO feature_scalarcmd (id, feature_id, actuator_type_id, description, range_min, range_max) VALUES (163, 163, 2, NULL, 0, 65535);
INSERT INTO protocol (id, protocol_name, display_name) VALUES (65, "svakom-iker", "svakom-iker");
INSERT INTO protocol_bluetooth_name (protocol_id, bluetooth_name, prefix) VALUES (65, "Iker", 1);
INSERT INTO protocol_bluetooth_service (id, protocol_id, service_uuid) VALUES (70, 65, "0000ffe0-0000-1000-8000-00805f9b34fb");
INSERT INTO protocol_bluetooth_characteristic (id, protocol_bluetooth_service_id, endpoint, characteristic_uuid) VALUES (107, 70, "tx", "0000ffe1-0000-1000-8000-00805f9b34fb");
INSERT INTO protocol_bluetooth_service (id, protocol_id, service_uuid) VALUES (71, 65, "00001800-0000-1000-8000-00805f9b34fb");
INSERT INTO protocol_bluetooth_characteristic (id, protocol_bluetooth_service_id, endpoint, characteristic_uuid) VALUES (108, 71, "rxblemodel", "00002a00-0000-1000-8000-00805f9b34fb");
INSERT INTO device (id, protocol_id, identifier, device_name) VALUES (213, 65, NULL, "Svakom Iker");
INSERT INTO device_feature (id, device_id) VALUES (164, 213);
INSERT INTO feature_scalarcmd (id, feature_id, actuator_type_id, description, range_min, range_max) VALUES (164, 164, 2, NULL, 0, 10);
INSERT INTO device_feature (id, device_id) VALUES (165, 213);
INSERT INTO feature_scalarcmd (id, feature_id, actuator_type_id, description, range_min, range_max) VALUES (165, 165, 2, NULL, 0, 5);
INSERT INTO protocol (id, protocol_name, display_name) VALUES (66, "nobra", "nobra");
INSERT INTO protocol_bluetooth_name (protocol_id, bluetooth_name, prefix) VALUES (66, "NobraControl", 1);
INSERT INTO protocol_bluetooth_service (id, protocol_id, service_uuid) VALUES (72, 66, "0000abf0-0000-1000-8000-00805f9b34fb");
INSERT INTO protocol_bluetooth_characteristic (id, protocol_bluetooth_service_id, endpoint, characteristic_uuid) VALUES (109, 72, "tx", "0000abf1-0000-1000-8000-00805f9b34fb");
INSERT INTO device (id, protocol_id, identifier, device_name) VALUES (214, 66, NULL, "Nobra's Silicone Dreams Toy");
INSERT INTO device_feature (id, device_id) VALUES (166, 214);
INSERT INTO feature_scalarcmd (id, feature_id, actuator_type_id, description, range_min, range_max) VALUES (166, 166, 2, NULL, 0, 15);
INSERT INTO protocol (id, protocol_name, display_name) VALUES (67, "youou", "youou");
INSERT INTO protocol_bluetooth_name (protocol_id, bluetooth_name, prefix) VALUES (67, "VX001_", 1);
INSERT INTO protocol_bluetooth_service (id, protocol_id, service_uuid) VALUES (73, 67, "0000fff0-0000-1000-8000-00805f9b34fb");
INSERT INTO protocol_bluetooth_characteristic (id, protocol_bluetooth_service_id, endpoint, characteristic_uuid) VALUES (110, 73, "tx", "0000fff6-0000-1000-8000-00805f9b34fb");
INSERT INTO device (id, protocol_id, identifier, device_name) VALUES (215, 67, NULL, "Youou Wand Vibrator");
INSERT INTO device_feature (id, device_id) VALUES (167, 215);
INSERT INTO feature_scalarcmd (id, feature_id, actuator_type_id, description, range_min, range_max) VALUES (167, 167, 2, NULL, 0, 255);
INSERT INTO protocol (id, protocol_name, display_name) VALUES (68, "libo-shark", "libo-shark");
INSERT INTO protocol_bluetooth_name (protocol_id, bluetooth_name, prefix) VALUES (68, "ShaYu", 0);
INSERT INTO protocol_bluetooth_service (id, protocol_id, service_uuid) VALUES (74, 68, "00006000-0000-1000-8000-00805f9b34fb");
INSERT INTO protocol_bluetooth_characteristic (id, protocol_bluetooth_service_id, endpoint, characteristic_uuid) VALUES (111, 74, "tx", "00006001-0000-1000-8000-00805f9b34fb");
INSERT INTO protocol_bluetooth_characteristic (id, protocol_bluetooth_service_id, endpoint, characteristic_uuid) VALUES (112, 74, "txmode", "00006002-0000-1000-8000-00805f9b34fb");
INSERT INTO device (id, protocol_id, identifier, device_name) VALUES (216, 68, NULL, "Libo Shark");
INSERT INTO device_feature (id, device_id) VALUES (168, 216);
INSERT INTO feature_scalarcmd (id, feature_id, actuator_type_id, description, range_min, range_max) VALUES (168, 168, 2, NULL, 0, 3);
INSERT INTO device_feature (id, device_id) VALUES (169, 216);
INSERT INTO feature_scalarcmd (id, feature_id, actuator_type_id, description, range_min, range_max) VALUES (169, 169, 2, NULL, 0, 3);
INSERT INTO protocol (id, protocol_name, display_name) VALUES (69, "wevibe-legacy", "wevibe-legacy");
INSERT INTO protocol_bluetooth_name (protocol_id, bluetooth_name, prefix) VALUES (69, "imassager", 0);
INSERT INTO protocol_bluetooth_name (protocol_id, bluetooth_name, prefix) VALUES (69, "Reina", 0);
INSERT INTO protocol_bluetooth_name (protocol_id, bluetooth_name, prefix) VALUES (69, "03", 0);
INSERT INTO protocol_bluetooth_name (protocol_id, bluetooth_name, prefix) VALUES (69, "Interactive Massager", 0);
INSERT INTO protocol_bluetooth_service (id, protocol_id, service_uuid) VALUES (75, 69, "f000bb03-0451-4000-b000-000000000000");
INSERT INTO protocol_bluetooth_characteristic (id, protocol_bluetooth_service_id, endpoint, characteristic_uuid) VALUES (113, 75, "tx", "f000c000-0451-4000-b000-000000000000");
INSERT INTO protocol_bluetooth_characteristic (id, protocol_bluetooth_service_id, endpoint, characteristic_uuid) VALUES (114, 75, "rx", "f000b000-0451-4000-b000-000000000000");
INSERT INTO device (id, protocol_id, identifier, device_name) VALUES (217, 69, NULL, "WeVibe Realm Reina");
INSERT INTO protocol (id, protocol_name, display_name) VALUES (70, "lelo-harmony", "lelo-harmony");
INSERT INTO protocol_bluetooth_name (protocol_id, bluetooth_name, prefix) VALUES (70, "Tiani Harmony", 0);
INSERT INTO protocol_bluetooth_name (protocol_id, bluetooth_name, prefix) VALUES (70, "IdaWave", 0);
INSERT INTO protocol_bluetooth_name (protocol_id, bluetooth_name, prefix) VALUES (70, "TianiHarmony", 0);
INSERT INTO protocol_bluetooth_name (protocol_id, bluetooth_name, prefix) VALUES (70, "Ida Wave", 0);
INSERT INTO protocol_bluetooth_service (id, protocol_id, service_uuid) VALUES (76, 70, "0000fff0-0000-1000-8000-00805f9b34fb");
INSERT INTO protocol_bluetooth_characteristic (id, protocol_bluetooth_service_id, endpoint, characteristic_uuid) VALUES (115, 76, "tx", "0000fff2-0000-1000-8000-00805f9b34fb");
INSERT INTO protocol_bluetooth_characteristic (id, protocol_bluetooth_service_id, endpoint, characteristic_uuid) VALUES (116, 76, "whitelist", "00000a11-0000-1000-8000-00805f9b34fb");
INSERT INTO protocol_bluetooth_characteristic (id, protocol_bluetooth_service_id, endpoint, characteristic_uuid) VALUES (117, 76, "command", "0000fff1-0000-1000-8000-00805f9b34fb");
INSERT INTO device (id, protocol_id, identifier, device_name) VALUES (218, 70, "Ida Wave", "Lelo Ida Wave");
INSERT INTO device_feature (id, device_id) VALUES (170, 218);
INSERT INTO feature_scalarcmd (id, feature_id, actuator_type_id, description, range_min, range_max) VALUES (170, 170, 2, NULL, 0, 100);
INSERT INTO device_feature (id, device_id) VALUES (171, 218);
INSERT INTO feature_scalarcmd (id, feature_id, actuator_type_id, description, range_min, range_max) VALUES (171, 171, 3, NULL, 0, 100);
INSERT INTO device (id, protocol_id, identifier, device_name) VALUES (219, 70, "IdaWave", "Lelo Ida Wave");
INSERT INTO device_feature (id, device_id) VALUES (172, 219);
INSERT INTO feature_scalarcmd (id, feature_id, actuator_type_id, description, range_min, range_max) VALUES (172, 172, 2, NULL, 0, 100);
INSERT INTO device_feature (id, device_id) VALUES (173, 219);
INSERT INTO feature_scalarcmd (id, feature_id, actuator_type_id, description, range_min, range_max) VALUES (173, 173, 3, NULL, 0, 100);
INSERT INTO device (id, protocol_id, identifier, device_name) VALUES (220, 70, NULL, "Lelo Tiani Harmony");
INSERT INTO device_feature (id, device_id) VALUES (174, 220);
INSERT INTO feature_scalarcmd (id, feature_id, actuator_type_id, description, range_min, range_max) VALUES (174, 174, 2, NULL, 0, 100);
INSERT INTO device_feature (id, device_id) VALUES (175, 220);
INSERT INTO feature_scalarcmd (id, feature_id, actuator_type_id, description, range_min, range_max) VALUES (175, 175, 2, NULL, 0, 100);
INSERT INTO protocol (id, protocol_name, display_name) VALUES (71, "lovense", "lovense");
INSERT INTO protocol_bluetooth_name (protocol_id, bluetooth_name, prefix) VALUES (71, "LVS-", 1);
INSERT INTO protocol_bluetooth_name (protocol_id, bluetooth_name, prefix) VALUES (71, "LOVE-", 1);
INSERT INTO protocol_bluetooth_service (id, protocol_id, service_uuid) VALUES (77, 71, "58300001-0023-4bd4-bbd5-a6920e4c5653");
INSERT INTO protocol_bluetooth_characteristic (id, protocol_bluetooth_service_id, endpoint, characteristic_uuid) VALUES (118, 77, "rx", "58300003-0023-4bd4-bbd5-a6920e4c5653");
INSERT INTO protocol_bluetooth_characteristic (id, protocol_bluetooth_service_id, endpoint, characteristic_uuid) VALUES (119, 77, "tx", "58300002-0023-4bd4-bbd5-a6920e4c5653");
INSERT INTO protocol_bluetooth_service (id, protocol_id, service_uuid) VALUES (78, 71, "45490001-0023-4bd4-bbd5-a6920e4c5653");
INSERT INTO protocol_bluetooth_characteristic (id, protocol_bluetooth_service_id, endpoint, characteristic_uuid) VALUES (120, 78, "tx", "45490002-0023-4bd4-bbd5-a6920e4c5653");
INSERT INTO protocol_bluetooth_characteristic (id, protocol_bluetooth_service_id, endpoint, characteristic_uuid) VALUES (121, 78, "rx", "45490003-0023-4bd4-bbd5-a6920e4c5653");
INSERT INTO protocol_bluetooth_service (id, protocol_id, service_uuid) VALUES (79, 71, "5a300001-0024-4bd4-bbd5-a6920e4c5653");
INSERT INTO protocol_bluetooth_characteristic (id, protocol_bluetooth_service_id, endpoint, characteristic_uuid) VALUES (122, 79, "tx", "5a300002-0024-4bd4-bbd5-a6920e4c5653");
INSERT INTO protocol_bluetooth_characteristic (id, protocol_bluetooth_service_id, endpoint, characteristic_uuid) VALUES (123, 79, "rx", "5a300003-0024-4bd4-bbd5-a6920e4c5653");
INSERT INTO protocol_bluetooth_service (id, protocol_id, service_uuid) VALUES (80, 71, "52300001-0023-4bd4-bbd5-a6920e4c5653");
INSERT INTO protocol_bluetooth_characteristic (id, protocol_bluetooth_service_id, endpoint, characteristic_uuid) VALUES (124, 80, "rx", "52300003-0023-4bd4-bbd5-a6920e4c5653");
INSERT INTO protocol_bluetooth_characteristic (id, protocol_bluetooth_service_id, endpoint, characteristic_uuid) VALUES (125, 80, "tx", "52300002-0023-4bd4-bbd5-a6920e4c5653");
INSERT INTO protocol_bluetooth_service (id, protocol_id, service_uuid) VALUES (81, 71, "46300001-0023-4bd4-bbd5-a6920e4c5653");
INSERT INTO protocol_bluetooth_characteristic (id, protocol_bluetooth_service_id, endpoint, characteristic_uuid) VALUES (126, 81, "tx", "46300002-0023-4bd4-bbd5-a6920e4c5653");
INSERT INTO protocol_bluetooth_characteristic (id, protocol_bluetooth_service_id, endpoint, characteristic_uuid) VALUES (127, 81, "rx", "46300003-0023-4bd4-bbd5-a6920e4c5653");
INSERT INTO protocol_bluetooth_service (id, protocol_id, service_uuid) VALUES (82, 71, "45410001-0023-4bd4-bbd5-a6920e4c5653");
INSERT INTO protocol_bluetooth_characteristic (id, protocol_bluetooth_service_id, endpoint, characteristic_uuid) VALUES (128, 82, "rx", "45410003-0023-4bd4-bbd5-a6920e4c5653");
INSERT INTO protocol_bluetooth_characteristic (id, protocol_bluetooth_service_id, endpoint, characteristic_uuid) VALUES (129, 82, "tx", "45410002-0023-4bd4-bbd5-a6920e4c5653");
INSERT INTO protocol_bluetooth_service (id, protocol_id, service_uuid) VALUES (83, 71, "57300001-0023-4bd4-bbd5-a6920e4c5653");
INSERT INTO protocol_bluetooth_characteristic (id, protocol_bluetooth_service_id, endpoint, characteristic_uuid) VALUES (130, 83, "tx", "57300002-0023-4bd4-bbd5-a6920e4c5653");
INSERT INTO protocol_bluetooth_characteristic (id, protocol_bluetooth_service_id, endpoint, characteristic_uuid) VALUES (131, 83, "rx", "57300003-0023-4bd4-bbd5-a6920e4c5653");
INSERT INTO protocol_bluetooth_service (id, protocol_id, service_uuid) VALUES (84, 71, "5a300001-0023-4bd4-bbd5-a6920e4c5653");
INSERT INTO protocol_bluetooth_characteristic (id, protocol_bluetooth_service_id, endpoint, characteristic_uuid) VALUES (132, 84, "tx", "5a300002-0023-4bd4-bbd5-a6920e4c5653");
INSERT INTO protocol_bluetooth_characteristic (id, protocol_bluetooth_service_id, endpoint, characteristic_uuid) VALUES (133, 84, "rx", "5a300003-0023-4bd4-bbd5-a6920e4c5653");
INSERT INTO protocol_bluetooth_service (id, protocol_id, service_uuid) VALUES (85, 71, "4f300001-0023-4bd4-bbd5-a6920e4c5653");
INSERT INTO protocol_bluetooth_characteristic (id, protocol_bluetooth_service_id, endpoint, characteristic_uuid) VALUES (134, 85, "tx", "4f300002-0023-4bd4-bbd5-a6920e4c5653");
INSERT INTO protocol_bluetooth_characteristic (id, protocol_bluetooth_service_id, endpoint, characteristic_uuid) VALUES (135, 85, "rx", "4f300003-0023-4bd4-bbd5-a6920e4c5653");
INSERT INTO protocol_bluetooth_service (id, protocol_id, service_uuid) VALUES (86, 71, "50300001-0023-4bd4-bbd5-a6920e4c5653");
INSERT INTO protocol_bluetooth_characteristic (id, protocol_bluetooth_service_id, endpoint, characteristic_uuid) VALUES (136, 86, "rx", "50300003-0023-4bd4-bbd5-a6920e4c5653");
INSERT INTO protocol_bluetooth_characteristic (id, protocol_bluetooth_service_id, endpoint, characteristic_uuid) VALUES (137, 86, "tx", "50300002-0023-4bd4-bbd5-a6920e4c5653");
INSERT INTO protocol_bluetooth_service (id, protocol_id, service_uuid) VALUES (87, 71, "42300001-0023-4bd4-bbd5-a6920e4c5653");
INSERT INTO protocol_bluetooth_characteristic (id, protocol_bluetooth_service_id, endpoint, characteristic_uuid) VALUES (138, 87, "tx", "42300002-0023-4bd4-bbd5-a6920e4c5653");
INSERT INTO protocol_bluetooth_characteristic (id, protocol_bluetooth_service_id, endpoint, characteristic_uuid) VALUES (139, 87, "rx", "42300003-0023-4bd4-bbd5-a6920e4c5653");
INSERT INTO protocol_bluetooth_service (id, protocol_id, service_uuid) VALUES (88, 71, "43300001-0023-4bd4-bbd5-a6920e4c5653");
INSERT INTO protocol_bluetooth_characteristic (id, protocol_bluetooth_service_id, endpoint, characteristic_uuid) VALUES (140, 88, "rx", "43300003-0023-4bd4-bbd5-a6920e4c5653");
INSERT INTO protocol_bluetooth_characteristic (id, protocol_bluetooth_service_id, endpoint, characteristic_uuid) VALUES (141, 88, "tx", "43300002-0023-4bd4-bbd5-a6920e4c5653");
INSERT INTO protocol_bluetooth_service (id, protocol_id, service_uuid) VALUES (89, 71, "4a300001-0023-4bd4-bbd5-a6920e4c5653");
INSERT INTO protocol_bluetooth_characteristic (id, protocol_bluetooth_service_id, endpoint, characteristic_uuid) VALUES (142, 89, "rx", "4a300003-0023-4bd4-bbd5-a6920e4c5653");
INSERT INTO protocol_bluetooth_characteristic (id, protocol_bluetooth_service_id, endpoint, characteristic_uuid) VALUES (143, 89, "tx", "4a300002-0023-4bd4-bbd5-a6920e4c5653");
INSERT INTO protocol_bluetooth_service (id, protocol_id, service_uuid) VALUES (90, 71, "53300001-0023-4bd4-bbd5-a6920e4c5653");
INSERT INTO protocol_bluetooth_characteristic (id, protocol_bluetooth_service_id, endpoint, characteristic_uuid) VALUES (144, 90, "tx", "53300002-0023-4bd4-bbd5-a6920e4c5653");
INSERT INTO protocol_bluetooth_characteristic (id, protocol_bluetooth_service_id, endpoint, characteristic_uuid) VALUES (145, 90, "rx", "53300003-0023-4bd4-bbd5-a6920e4c5653");
INSERT INTO protocol_bluetooth_service (id, protocol_id, service_uuid) VALUES (91, 71, "54300001-0023-4bd4-bbd5-a6920e4c5653");
INSERT INTO protocol_bluetooth_characteristic (id, protocol_bluetooth_service_id, endpoint, characteristic_uuid) VALUES (146, 91, "rx", "54300003-0023-4bd4-bbd5-a6920e4c5653");
INSERT INTO protocol_bluetooth_characteristic (id, protocol_bluetooth_service_id, endpoint, characteristic_uuid) VALUES (147, 91, "tx", "54300002-0023-4bd4-bbd5-a6920e4c5653");
INSERT INTO protocol_bluetooth_service (id, protocol_id, service_uuid) VALUES (92, 71, "0000fff0-0000-1000-8000-00805f9b34fb");
INSERT INTO protocol_bluetooth_characteristic (id, protocol_bluetooth_service_id, endpoint, characteristic_uuid) VALUES (148, 92, "tx", "0000fff2-0000-1000-8000-00805f9b34fb");
INSERT INTO protocol_bluetooth_characteristic (id, protocol_bluetooth_service_id, endpoint, characteristic_uuid) VALUES (149, 92, "rx", "0000fff1-0000-1000-8000-00805f9b34fb");
INSERT INTO protocol_bluetooth_service (id, protocol_id, service_uuid) VALUES (93, 71, "56300001-0023-4bd4-bbd5-a6920e4c5653");
INSERT INTO protocol_bluetooth_characteristic (id, protocol_bluetooth_service_id, endpoint, characteristic_uuid) VALUES (150, 93, "tx", "56300002-0023-4bd4-bbd5-a6920e4c5653");
INSERT INTO protocol_bluetooth_characteristic (id, protocol_bluetooth_service_id, endpoint, characteristic_uuid) VALUES (151, 93, "rx", "56300003-0023-4bd4-bbd5-a6920e4c5653");
INSERT INTO protocol_bluetooth_service (id, protocol_id, service_uuid) VALUES (94, 71, "50300001-0024-4bd4-bbd5-a6920e4c5653");
INSERT INTO protocol_bluetooth_characteristic (id, protocol_bluetooth_service_id, endpoint, characteristic_uuid) VALUES (152, 94, "rx", "50300003-0024-4bd4-bbd5-a6920e4c5653");
INSERT INTO protocol_bluetooth_characteristic (id, protocol_bluetooth_service_id, endpoint, characteristic_uuid) VALUES (153, 94, "tx", "50300002-0024-4bd4-bbd5-a6920e4c5653");
INSERT INTO protocol_bluetooth_service (id, protocol_id, service_uuid) VALUES (95, 71, "45440001-0023-4bd4-bbd5-a6920e4c5653");
INSERT INTO protocol_bluetooth_characteristic (id, protocol_bluetooth_service_id, endpoint, characteristic_uuid) VALUES (154, 95, "rx", "45440003-0023-4bd4-bbd5-a6920e4c5653");
INSERT INTO protocol_bluetooth_characteristic (id, protocol_bluetooth_service_id, endpoint, characteristic_uuid) VALUES (155, 95, "tx", "45440002-0023-4bd4-bbd5-a6920e4c5653");
INSERT INTO protocol_bluetooth_service (id, protocol_id, service_uuid) VALUES (96, 71, "4c300001-0023-4bd4-bbd5-a6920e4c5653");
INSERT INTO protocol_bluetooth_characteristic (id, protocol_bluetooth_service_id, endpoint, characteristic_uuid) VALUES (156, 96, "tx", "4c300002-0023-4bd4-bbd5-a6920e4c5653");
INSERT INTO protocol_bluetooth_characteristic (id, protocol_bluetooth_service_id, endpoint, characteristic_uuid) VALUES (157, 96, "rx", "4c300003-0023-4bd4-bbd5-a6920e4c5653");
INSERT INTO protocol_bluetooth_service (id, protocol_id, service_uuid) VALUES (97, 71, "6e400001-b5a3-f393-e0a9-e50e24dcca9e");
INSERT INTO protocol_bluetooth_characteristic (id, protocol_bluetooth_service_id, endpoint, characteristic_uuid) VALUES (158, 97, "rx", "6e400003-b5a3-f393-e0a9-e50e24dcca9e");
INSERT INTO protocol_bluetooth_characteristic (id, protocol_bluetooth_service_id, endpoint, characteristic_uuid) VALUES (159, 97, "tx", "6e400002-b5a3-f393-e0a9-e50e24dcca9e");
INSERT INTO protocol_bluetooth_service (id, protocol_id, service_uuid) VALUES (98, 71, "45420001-0023-4bd4-bbd5-a6920e4c5653");
INSERT INTO protocol_bluetooth_characteristic (id, protocol_bluetooth_service_id, endpoint, characteristic_uuid) VALUES (160, 98, "tx", "45420002-0023-4bd4-bbd5-a6920e4c5653");
INSERT INTO protocol_bluetooth_characteristic (id, protocol_bluetooth_service_id, endpoint, characteristic_uuid) VALUES (161, 98, "rx", "45420003-0023-4bd4-bbd5-a6920e4c5653");
INSERT INTO protocol_bluetooth_service (id, protocol_id, service_uuid) VALUES (99, 71, "4e300001-0023-4bd4-bbd5-a6920e4c5653");
INSERT INTO protocol_bluetooth_characteristic (id, protocol_bluetooth_service_id, endpoint, characteristic_uuid) VALUES (162, 99, "rx", "4e300003-0023-4bd4-bbd5-a6920e4c5653");
INSERT INTO protocol_bluetooth_characteristic (id, protocol_bluetooth_service_id, endpoint, characteristic_uuid) VALUES (163, 99, "tx", "4e300002-0023-4bd4-bbd5-a6920e4c5653");
INSERT INTO protocol_bluetooth_service (id, protocol_id, service_uuid) VALUES (100, 71, "50300011-0023-4bd4-bbd5-a6920e4c5653");
INSERT INTO protocol_bluetooth_characteristic (id, protocol_bluetooth_service_id, endpoint, characteristic_uuid) VALUES (164, 100, "rx", "50300013-0023-4bd4-bbd5-a6920e4c5653");
INSERT INTO protocol_bluetooth_characteristic (id, protocol_bluetooth_service_id, endpoint, characteristic_uuid) VALUES (165, 100, "tx", "50300012-0023-4bd4-bbd5-a6920e4c5653");
INSERT INTO device (id, protocol_id, identifier, device_name) VALUES (221, 71, "EI", "Lovense Flexer (Firmware update needed)");
INSERT INTO device (id, protocol_id, identifier, device_name) VALUES (222, 71, "C", "Lovense Nora");
INSERT INTO device (id, protocol_id, identifier, device_name) VALUES (223, 71, "T", "Lovense Calor");
INSERT INTO device (id, protocol_id, identifier, device_name) VALUES (224, 71, "S", "Lovense Lush");
INSERT INTO device (id, protocol_id, identifier, device_name) VALUES (225, 71, "A", "Lovense Nora");
INSERT INTO device (id, protocol_id, identifier, device_name) VALUES (226, 71, "X", "Lovense Ferri");
INSERT INTO device (id, protocol_id, identifier, device_name) VALUES (227, 71, NULL, "Lovense Device");
INSERT INTO device_feature (id, device_id) VALUES (176, 227);
INSERT INTO feature_scalarcmd (id, feature_id, actuator_type_id, description, range_min, range_max) VALUES (176, 176, 2, NULL, 0, 20);
INSERT INTO device (id, protocol_id, identifier, device_name) VALUES (228, 71, "L", "Lovense Ambi");
INSERT INTO device (id, protocol_id, identifier, device_name) VALUES (229, 71, "B", "Lovense Max");
INSERT INTO device_feature (id, device_id) VALUES (177, 229);
INSERT INTO feature_scalarcmd (id, feature_id, actuator_type_id, description, range_min, range_max) VALUES (177, 177, 2, "Vibrator", 0, 20);
INSERT INTO device_feature (id, device_id) VALUES (178, 229);
INSERT INTO feature_scalarcmd (id, feature_id, actuator_type_id, description, range_min, range_max) VALUES (178, 178, 5, "Air Pump", 0, 3);
INSERT INTO device (id, protocol_id, identifier, device_name) VALUES (230, 71, "EA", "Lovense Gravity");
INSERT INTO device_feature (id, device_id) VALUES (179, 230);
INSERT INTO feature_scalarcmd (id, feature_id, actuator_type_id, description, range_min, range_max) VALUES (179, 179, 2, NULL, 0, 20);
INSERT INTO device_feature (id, device_id) VALUES (180, 230);
INSERT INTO feature_scalarcmd (id, feature_id, actuator_type_id, description, range_min, range_max) VALUES (180, 180, 4, NULL, 0, 20);
INSERT INTO device (id, protocol_id, identifier, device_name) VALUES (231, 71, "O", "Lovense Osci");
INSERT INTO device (id, protocol_id, identifier, device_name) VALUES (232, 71, "EB", "Lovense Hyphy");
INSERT INTO device_feature (id, device_id) VALUES (181, 232);
INSERT INTO feature_scalarcmd (id, feature_id, actuator_type_id, description, range_min, range_max) VALUES (181, 181, 2, NULL, 0, 20);
INSERT INTO device_feature (id, device_id) VALUES (182, 232);
INSERT INTO feature_scalarcmd (id, feature_id, actuator_type_id, description, range_min, range_max) VALUES (182, 182, 2, NULL, 0, 20);
INSERT INTO device (id, protocol_id, identifier, device_name) VALUES (233, 71, "P", "Lovense Edge");
INSERT INTO device_feature (id, device_id) VALUES (183, 233);
INSERT INTO feature_scalarcmd (id, feature_id, actuator_type_id, description, range_min, range_max) VALUES (183, 183, 2, NULL, 0, 20);
INSERT INTO device_feature (id, device_id) VALUES (184, 233);
INSERT INTO feature_scalarcmd (id, feature_id, actuator_type_id, description, range_min, range_max) VALUES (184, 184, 2, NULL, 0, 20);
INSERT INTO device (id, protocol_id, identifier, device_name) VALUES (234, 71, "ToyS", "Loveai Dolp");
INSERT INTO device (id, protocol_id, identifier, device_name) VALUES (235, 71, "EI-FW3", "Lovense Flexer");
INSERT INTO device_feature (id, device_id) VALUES (185, 235);
INSERT INTO feature_scalarcmd (id, feature_id, actuator_type_id, description, range_min, range_max) VALUES (185, 185, 2, "Internal Vibe", 0, 20);
INSERT INTO device_feature (id, device_id) VALUES (186, 235);
INSERT INTO feature_scalarcmd (id, feature_id, actuator_type_id, description, range_min, range_max) VALUES (186, 186, 2, "External Vibe", 0, 20);
INSERT INTO device_feature (id, device_id) VALUES (187, 235);
INSERT INTO feature_scalarcmd (id, feature_id, actuator_type_id, description, range_min, range_max) VALUES (187, 187, 3, "Finger motion", 0, 20);
INSERT INTO device (id, protocol_id, identifier, device_name) VALUES (236, 71, "Z", "Lovense Hush");
INSERT INTO device (id, protocol_id, identifier, device_name) VALUES (237, 71, "J", "Lovense Dolce");
INSERT INTO device_feature (id, device_id) VALUES (188, 237);
INSERT INTO feature_scalarcmd (id, feature_id, actuator_type_id, description, range_min, range_max) VALUES (188, 188, 2, NULL, 0, 20);
INSERT INTO device_feature (id, device_id) VALUES (189, 237);
INSERT INTO feature_scalarcmd (id, feature_id, actuator_type_id, description, range_min, range_max) VALUES (189, 189, 2, NULL, 0, 20);
INSERT INTO device (id, protocol_id, identifier, device_name) VALUES (238, 71, "V", "Lovense Mission");
INSERT INTO device (id, protocol_id, identifier, device_name) VALUES (239, 71, "F", "Lovense Sex Machine");
INSERT INTO device_feature (id, device_id) VALUES (190, 239);
INSERT INTO feature_scalarcmd (id, feature_id, actuator_type_id, description, range_min, range_max) VALUES (190, 190, 4, "Fucking Machine Oscillation Speed", 0, 20);
INSERT INTO device (id, protocol_id, identifier, device_name) VALUES (240, 71, "N", "Lovense Gemini");
INSERT INTO device_feature (id, device_id) VALUES (191, 240);
INSERT INTO feature_scalarcmd (id, feature_id, actuator_type_id, description, range_min, range_max) VALUES (191, 191, 2, NULL, 0, 20);
INSERT INTO device_feature (id, device_id) VALUES (192, 240);
INSERT INTO feature_scalarcmd (id, feature_id, actuator_type_id, description, range_min, range_max) VALUES (192, 192, 2, NULL, 0, 20);
INSERT INTO device (id, protocol_id, identifier, device_name) VALUES (241, 71, "R", "Lovense Diamo");
INSERT INTO device (id, protocol_id, identifier, device_name) VALUES (242, 71, "ED", "Lovense Gush");
INSERT INTO device (id, protocol_id, identifier, device_name) VALUES (243, 71, "W", "Lovense Domi");
INSERT INTO protocol (id, protocol_name, display_name) VALUES (72, "magic-motion-3", "magic-motion-3");
INSERT INTO protocol_bluetooth_name (protocol_id, bluetooth_name, prefix) VALUES (72, "Krush", 0);
INSERT INTO protocol_bluetooth_service (id, protocol_id, service_uuid) VALUES (101, 72, "78667579-7b48-43db-b8c5-7928a6b0a335");
INSERT INTO protocol_bluetooth_characteristic (id, protocol_bluetooth_service_id, endpoint, characteristic_uuid) VALUES (166, 101, "tx", "78667579-a914-49a4-8333-aa3c0cd8fedc");
INSERT INTO protocol_bluetooth_service (id, protocol_id, service_uuid) VALUES (102, 72, "0000180f-0000-1000-8000-00805f9b34fb");
INSERT INTO protocol_bluetooth_characteristic (id, protocol_bluetooth_service_id, endpoint, characteristic_uuid) VALUES (167, 102, "rxblebattery", "00002a19-0000-1000-8000-00805f9b34fb");
INSERT INTO device (id, protocol_id, identifier, device_name) VALUES (244, 72, NULL, "LoveLife Krush");
INSERT INTO device_feature (id, device_id) VALUES (193, 244);
INSERT INTO feature_scalarcmd (id, feature_id, actuator_type_id, description, range_min, range_max) VALUES (193, 193, 2, NULL, 0, 77);
INSERT INTO protocol (id, protocol_name, display_name) VALUES (73, "vibratissimo", "vibratissimo");
INSERT INTO protocol_bluetooth_name (protocol_id, bluetooth_name, prefix) VALUES (73, "Vibratissimo", 0);
INSERT INTO protocol_bluetooth_service (id, protocol_id, service_uuid) VALUES (103, 73, "0000180f-0000-1000-8000-00805f9b34fb");
INSERT INTO protocol_bluetooth_characteristic (id, protocol_bluetooth_service_id, endpoint, characteristic_uuid) VALUES (168, 103, "rxblebattery", "00002a19-0000-1000-8000-00805f9b34fb");
INSERT INTO protocol_bluetooth_service (id, protocol_id, service_uuid) VALUES (104, 73, "00001523-1212-efde-1523-785feabcd123");
INSERT INTO protocol_bluetooth_characteristic (id, protocol_bluetooth_service_id, endpoint, characteristic_uuid) VALUES (169, 104, "txvibrate", "00001526-1212-efde-1523-785feabcd123");
INSERT INTO protocol_bluetooth_characteristic (id, protocol_bluetooth_service_id, endpoint, characteristic_uuid) VALUES (170, 104, "rx", "00001527-1212-efde-1523-785feabcd123");
INSERT INTO protocol_bluetooth_characteristic (id, protocol_bluetooth_service_id, endpoint, characteristic_uuid) VALUES (171, 104, "txmode", "00001524-1212-efde-1523-785feabcd123");
INSERT INTO protocol_bluetooth_service (id, protocol_id, service_uuid) VALUES (105, 73, "0000180a-0000-1000-8000-00805f9b34fb");
INSERT INTO protocol_bluetooth_characteristic (id, protocol_bluetooth_service_id, endpoint, characteristic_uuid) VALUES (172, 105, "rxblemodel", "00002a24-0000-1000-8000-00805f9b34fb");
INSERT INTO device (id, protocol_id, identifier, device_name) VALUES (245, 73, "Womenizer", "Vibratissimo Licker");
INSERT INTO device_feature (id, device_id) VALUES (194, 245);
INSERT INTO feature_scalarcmd (id, feature_id, actuator_type_id, description, range_min, range_max) VALUES (194, 194, 2, NULL, 0, 255);
INSERT INTO device_feature (id, device_id) VALUES (195, 245);
INSERT INTO feature_scalarcmd (id, feature_id, actuator_type_id, description, range_min, range_max) VALUES (195, 195, 2, NULL, 0, 255);
INSERT INTO device (id, protocol_id, identifier, device_name) VALUES (246, 73, NULL, "Vibratissimo Device");
INSERT INTO device_feature (id, device_id) VALUES (196, 246);
INSERT INTO feature_scalarcmd (id, feature_id, actuator_type_id, description, range_min, range_max) VALUES (196, 196, 2, NULL, 0, 255);
INSERT INTO device (id, protocol_id, identifier, device_name) VALUES (247, 73, "Rabbit", "Vibratissimo Rabbit");
INSERT INTO device_feature (id, device_id) VALUES (197, 247);
INSERT INTO feature_scalarcmd (id, feature_id, actuator_type_id, description, range_min, range_max) VALUES (197, 197, 2, NULL, 0, 255);
INSERT INTO device_feature (id, device_id) VALUES (198, 247);
INSERT INTO feature_scalarcmd (id, feature_id, actuator_type_id, description, range_min, range_max) VALUES (198, 198, 2, NULL, 0, 255);
INSERT INTO device_feature (id, device_id) VALUES (199, 247);
INSERT INTO feature_scalarcmd (id, feature_id, actuator_type_id, description, range_min, range_max) VALUES (199, 199, 2, NULL, 0, 2);
INSERT INTO device (id, protocol_id, identifier, device_name) VALUES (248, 73, "Licker", "Vibratissimo Licker");
INSERT INTO device_feature (id, device_id) VALUES (200, 248);
INSERT INTO feature_scalarcmd (id, feature_id, actuator_type_id, description, range_min, range_max) VALUES (200, 200, 2, NULL, 0, 255);
INSERT INTO device_feature (id, device_id) VALUES (201, 248);
INSERT INTO feature_scalarcmd (id, feature_id, actuator_type_id, description, range_min, range_max) VALUES (201, 201, 2, NULL, 0, 255);
INSERT INTO device (id, protocol_id, identifier, device_name) VALUES (249, 73, "SecretKiss", "Vibratissimo Licker");
INSERT INTO device_feature (id, device_id) VALUES (202, 249);
INSERT INTO feature_scalarcmd (id, feature_id, actuator_type_id, description, range_min, range_max) VALUES (202, 202, 2, NULL, 0, 255);
INSERT INTO device_feature (id, device_id) VALUES (203, 249);
INSERT INTO feature_scalarcmd (id, feature_id, actuator_type_id, description, range_min, range_max) VALUES (203, 203, 2, NULL, 0, 255);
INSERT INTO protocol (id, protocol_name, display_name) VALUES (74, "twerkingbutt", "twerkingbutt");
INSERT INTO protocol_bluetooth_name (protocol_id, bluetooth_name, prefix) VALUES (74, "Twerking Butt", 0);
INSERT INTO protocol_bluetooth_name (protocol_id, bluetooth_name, prefix) VALUES (74, "TwerkingButt", 0);
INSERT INTO protocol_bluetooth_name (protocol_id, bluetooth_name, prefix) VALUES (74, "BODIKANG", 0);
INSERT INTO protocol_bluetooth_service (id, protocol_id, service_uuid) VALUES (106, 74, "00000a60-0000-1000-8000-00805f9b34fb");
INSERT INTO protocol_bluetooth_characteristic (id, protocol_bluetooth_service_id, endpoint, characteristic_uuid) VALUES (173, 106, "tx", "00000a66-0000-1000-8000-00805f9b34fb");
INSERT INTO protocol_bluetooth_characteristic (id, protocol_bluetooth_service_id, endpoint, characteristic_uuid) VALUES (174, 106, "rx", "00000a67-0000-1000-8000-00805f9b34fb");
INSERT INTO device (id, protocol_id, identifier, device_name) VALUES (250, 74, NULL, "Twerking Butt");
INSERT INTO protocol (id, protocol_name, display_name) VALUES (75, "motorbunny", "motorbunny");
INSERT INTO protocol_bluetooth_name (protocol_id, bluetooth_name, prefix) VALUES (75, "MB LINK 201", 0);
INSERT INTO protocol_bluetooth_name (protocol_id, bluetooth_name, prefix) VALUES (75, "MB Controller", 0);
INSERT INTO protocol_bluetooth_service (id, protocol_id, service_uuid) VALUES (107, 75, "0000fff0-0000-1000-8000-00805f9b34fb");
INSERT INTO protocol_bluetooth_characteristic (id, protocol_bluetooth_service_id, endpoint, characteristic_uuid) VALUES (175, 107, "tx", "0000fff6-0000-1000-8000-00805f9b34fb");
INSERT INTO device (id, protocol_id, identifier, device_name) VALUES (251, 75, "MB LINK 201", "Motorbunny Buck");
INSERT INTO device (id, protocol_id, identifier, device_name) VALUES (252, 75, "MB Controller", "Motorbunny Classic");
INSERT INTO device (id, protocol_id, identifier, device_name) VALUES (253, 75, NULL, "Motorbunny Device");
INSERT INTO device_feature (id, device_id) VALUES (204, 253);
INSERT INTO feature_scalarcmd (id, feature_id, actuator_type_id, description, range_min, range_max) VALUES (204, 204, 2, NULL, 0, 255);
INSERT INTO protocol (id, protocol_name, display_name) VALUES (76, "realtouch", "realtouch");
INSERT INTO device (id, protocol_id, identifier, device_name) VALUES (254, 76, NULL, "RealTouch");
INSERT INTO protocol (id, protocol_name, display_name) VALUES (77, "magic-motion-2", "magic-motion-2");
INSERT INTO protocol_bluetooth_name (protocol_id, bluetooth_name, prefix) VALUES (77, "Eidolon", 0);
INSERT INTO protocol_bluetooth_name (protocol_id, bluetooth_name, prefix) VALUES (77, "Sword", 0);
INSERT INTO protocol_bluetooth_name (protocol_id, bluetooth_name, prefix) VALUES (77, "Curve", 0);
INSERT INTO protocol_bluetooth_name (protocol_id, bluetooth_name, prefix) VALUES (77, "Lipstick", 0);
INSERT INTO protocol_bluetooth_service (id, protocol_id, service_uuid) VALUES (108, 77, "78667579-7b48-43db-b8c5-7928a6b0a335");
INSERT INTO protocol_bluetooth_characteristic (id, protocol_bluetooth_service_id, endpoint, characteristic_uuid) VALUES (176, 108, "tx", "78667579-a914-49a4-8333-aa3c0cd8fedc");
INSERT INTO protocol_bluetooth_service (id, protocol_id, service_uuid) VALUES (109, 77, "0000180f-0000-1000-8000-00805f9b34fb");
INSERT INTO protocol_bluetooth_characteristic (id, protocol_bluetooth_service_id, endpoint, characteristic_uuid) VALUES (177, 109, "rxblebattery", "00002a19-0000-1000-8000-00805f9b34fb");
INSERT INTO device (id, protocol_id, identifier, device_name) VALUES (255, 77, "Eidolon", "MagicMotion Eidolon");
INSERT INTO device_feature (id, device_id) VALUES (205, 255);
INSERT INTO feature_scalarcmd (id, feature_id, actuator_type_id, description, range_min, range_max) VALUES (205, 205, 2, NULL, 0, 100);
INSERT INTO device_feature (id, device_id) VALUES (206, 255);
INSERT INTO feature_scalarcmd (id, feature_id, actuator_type_id, description, range_min, range_max) VALUES (206, 206, 2, NULL, 0, 100);
INSERT INTO device (id, protocol_id, identifier, device_name) VALUES (256, 77, NULL, "Magic Motion V2 Device");
INSERT INTO device_feature (id, device_id) VALUES (207, 256);
INSERT INTO feature_scalarcmd (id, feature_id, actuator_type_id, description, range_min, range_max) VALUES (207, 207, 2, NULL, 0, 100);
INSERT INTO device (id, protocol_id, identifier, device_name) VALUES (257, 77, "Lipstick", "MagicMotion Awaken");
INSERT INTO device (id, protocol_id, identifier, device_name) VALUES (258, 77, "Curve", "MagicMotion Solstice");
INSERT INTO device (id, protocol_id, identifier, device_name) VALUES (259, 77, "Sword", "MagicMotion Equinox");
INSERT INTO protocol (id, protocol_name, display_name) VALUES (78, "lovense-connect-service", "lovense-connect-service");
INSERT INTO device (id, protocol_id, identifier, device_name) VALUES (260, 78, "Gravity", "Lovense Gravity");
INSERT INTO device_feature (id, device_id) VALUES (208, 260);
INSERT INTO feature_scalarcmd (id, feature_id, actuator_type_id, description, range_min, range_max) VALUES (208, 208, 2, NULL, 0, 20);
INSERT INTO device_feature (id, device_id) VALUES (209, 260);
INSERT INTO feature_scalarcmd (id, feature_id, actuator_type_id, description, range_min, range_max) VALUES (209, 209, 4, NULL, 0, 20);
INSERT INTO device (id, protocol_id, identifier, device_name) VALUES (261, 78, "Lush", "Lovense Lush");
INSERT INTO device (id, protocol_id, identifier, device_name) VALUES (262, 78, "Gemini", "Lovense Gemini");
INSERT INTO device_feature (id, device_id) VALUES (210, 262);
INSERT INTO feature_scalarcmd (id, feature_id, actuator_type_id, description, range_min, range_max) VALUES (210, 210, 2, NULL, 0, 20);
INSERT INTO device_feature (id, device_id) VALUES (211, 262);
INSERT INTO feature_scalarcmd (id, feature_id, actuator_type_id, description, range_min, range_max) VALUES (211, 211, 2, NULL, 0, 20);
INSERT INTO device (id, protocol_id, identifier, device_name) VALUES (263, 78, "Domi", "Lovense Domi");
INSERT INTO device (id, protocol_id, identifier, device_name) VALUES (264, 78, "Flexer", "Lovense Flexer");
INSERT INTO device_feature (id, device_id) VALUES (212, 264);
INSERT INTO feature_scalarcmd (id, feature_id, actuator_type_id, description, range_min, range_max) VALUES (212, 212, 2, "Both Vibes", 0, 20);
INSERT INTO device_feature (id, device_id) VALUES (213, 264);
INSERT INTO feature_scalarcmd (id, feature_id, actuator_type_id, description, range_min, range_max) VALUES (213, 213, 3, "Finger motion", 0, 20);
INSERT INTO device (id, protocol_id, identifier, device_name) VALUES (265, 78, "Mission", "Lovense Mission");
INSERT INTO device (id, protocol_id, identifier, device_name) VALUES (266, 78, "Hush", "Lovense Hush");
INSERT INTO device (id, protocol_id, identifier, device_name) VALUES (267, 78, "XMachine", "Lovense Sex Machine");
INSERT INTO device (id, protocol_id, identifier, device_name) VALUES (268, 78, "Dolce", "Lovense Dolce");
INSERT INTO device_feature (id, device_id) VALUES (214, 268);
INSERT INTO feature_scalarcmd (id, feature_id, actuator_type_id, description, range_min, range_max) VALUES (214, 214, 2, NULL, 0, 20);
INSERT INTO device_feature (id, device_id) VALUES (215, 268);
INSERT INTO feature_scalarcmd (id, feature_id, actuator_type_id, description, range_min, range_max) VALUES (215, 215, 2, NULL, 0, 20);
INSERT INTO device (id, protocol_id, identifier, device_name) VALUES (269, 78, "Max", "Lovense Max");
INSERT INTO device_feature (id, device_id) VALUES (216, 269);
INSERT INTO feature_scalarcmd (id, feature_id, actuator_type_id, description, range_min, range_max) VALUES (216, 216, 2, "Vibrator", 0, 20);
INSERT INTO device_feature (id, device_id) VALUES (217, 269);
INSERT INTO feature_scalarcmd (id, feature_id, actuator_type_id, description, range_min, range_max) VALUES (217, 217, 5, "Air Pump", 0, 3);
INSERT INTO device (id, protocol_id, identifier, device_name) VALUES (270, 78, "Diamo", "Lovense Diamo");
INSERT INTO device (id, protocol_id, identifier, device_name) VALUES (271, 78, "Nora", "Lovense Nora");
INSERT INTO device (id, protocol_id, identifier, device_name) VALUES (272, 78, "Calor", "Lovense Calor");
INSERT INTO device (id, protocol_id, identifier, device_name) VALUES (273, 78, "Ferri", "Lovense Ferri");
INSERT INTO device (id, protocol_id, identifier, device_name) VALUES (274, 78, "Osci", "Lovense Osci");
INSERT INTO device (id, protocol_id, identifier, device_name) VALUES (275, 78, "Edge", "Lovense Edge");
INSERT INTO device_feature (id, device_id) VALUES (218, 275);
INSERT INTO feature_scalarcmd (id, feature_id, actuator_type_id, description, range_min, range_max) VALUES (218, 218, 2, NULL, 0, 20);
INSERT INTO device_feature (id, device_id) VALUES (219, 275);
INSERT INTO feature_scalarcmd (id, feature_id, actuator_type_id, description, range_min, range_max) VALUES (219, 219, 2, NULL, 0, 20);
INSERT INTO device (id, protocol_id, identifier, device_name) VALUES (276, 78, "Gush", "Lovense Gush");
INSERT INTO device (id, protocol_id, identifier, device_name) VALUES (277, 78, "Ambi", "Lovense Ambi");
INSERT INTO device (id, protocol_id, identifier, device_name) VALUES (278, 78, "ToyS", "Loveai Dolp");
INSERT INTO device (id, protocol_id, identifier, device_name) VALUES (279, 78, NULL, "Lovense Connect Service Device");
INSERT INTO device_feature (id, device_id) VALUES (220, 279);
INSERT INTO feature_scalarcmd (id, feature_id, actuator_type_id, description, range_min, range_max) VALUES (220, 220, 2, NULL, 0, 20);
INSERT INTO device (id, protocol_id, identifier, device_name) VALUES (280, 78, "Hyphy", "Lovense Hyphy");
INSERT INTO device_feature (id, device_id) VALUES (221, 280);
INSERT INTO feature_scalarcmd (id, feature_id, actuator_type_id, description, range_min, range_max) VALUES (221, 221, 2, NULL, 0, 20);
INSERT INTO device_feature (id, device_id) VALUES (222, 280);
INSERT INTO feature_scalarcmd (id, feature_id, actuator_type_id, description, range_min, range_max) VALUES (222, 222, 2, NULL, 0, 20);
INSERT INTO protocol (id, protocol_name, display_name) VALUES (79, "galaku-pump", "galaku-pump");
INSERT INTO protocol_bluetooth_name (protocol_id, bluetooth_name, prefix) VALUES (79, "V415", 0);
INSERT INTO protocol_bluetooth_service (id, protocol_id, service_uuid) VALUES (110, 79, "00001000-0000-1000-8000-00805f9b34fb");
INSERT INTO protocol_bluetooth_characteristic (id, protocol_bluetooth_service_id, endpoint, characteristic_uuid) VALUES (178, 110, "tx", "00001001-0000-1000-8000-00805f9b34fb");
INSERT INTO device (id, protocol_id, identifier, device_name) VALUES (281, 79, "V415", "Galaku Nebula");
INSERT INTO device (id, protocol_id, identifier, device_name) VALUES (282, 79, NULL, "Galaku Device");
INSERT INTO device_feature (id, device_id) VALUES (223, 282);
INSERT INTO feature_scalarcmd (id, feature_id, actuator_type_id, description, range_min, range_max) VALUES (223, 223, 4, NULL, 0, 100);
INSERT INTO device_feature (id, device_id) VALUES (224, 282);
INSERT INTO feature_scalarcmd (id, feature_id, actuator_type_id, description, range_min, range_max) VALUES (224, 224, 2, NULL, 0, 100);
INSERT INTO protocol (id, protocol_name, display_name) VALUES (80, "satisfyer", "satisfyer");
INSERT INTO protocol_bluetooth_name (protocol_id, bluetooth_name, prefix) VALUES (80, "SF ", 1);
INSERT INTO protocol_bluetooth_service (id, protocol_id, service_uuid) VALUES (111, 80, "0000180a-0000-1000-8000-00805f9b34fb");
INSERT INTO protocol_bluetooth_characteristic (id, protocol_bluetooth_service_id, endpoint, characteristic_uuid) VALUES (179, 111, "rxblemodel", "00002a24-0000-1000-8000-00805f9b34fb");
INSERT INTO protocol_bluetooth_service (id, protocol_id, service_uuid) VALUES (112, 80, "51361500-c5e7-47c7-8a6e-47ebc99d80e8");
INSERT INTO protocol_bluetooth_characteristic (id, protocol_bluetooth_service_id, endpoint, characteristic_uuid) VALUES (180, 112, "command", "51361501-c5e7-47c7-8a6e-47ebc99d80e8");
INSERT INTO protocol_bluetooth_characteristic (id, protocol_bluetooth_service_id, endpoint, characteristic_uuid) VALUES (181, 112, "tx", "51361502-c5e7-47c7-8a6e-47ebc99d80e8");
INSERT INTO device (id, protocol_id, identifier, device_name) VALUES (283, 80, "10167", "Satisfyer Epic Duo");
INSERT INTO device (id, protocol_id, identifier, device_name) VALUES (284, 80, "10177", "Satisfyer Sunray");
INSERT INTO device_feature (id, device_id) VALUES (225, 284);
INSERT INTO feature_scalarcmd (id, feature_id, actuator_type_id, description, range_min, range_max) VALUES (225, 225, 2, NULL, 0, 100);
INSERT INTO device_feature (id, device_id) VALUES (226, 284);
INSERT INTO feature_scalarcmd (id, feature_id, actuator_type_id, description, range_min, range_max) VALUES (226, 226, 2, NULL, 0, 100);
INSERT INTO device (id, protocol_id, identifier, device_name) VALUES (285, 80, "10171", "Satisfyer Top Secret");
INSERT INTO device_feature (id, device_id) VALUES (227, 285);
INSERT INTO feature_scalarcmd (id, feature_id, actuator_type_id, description, range_min, range_max) VALUES (227, 227, 2, NULL, 0, 100);
INSERT INTO device_feature (id, device_id) VALUES (228, 285);
INSERT INTO feature_scalarcmd (id, feature_id, actuator_type_id, description, range_min, range_max) VALUES (228, 228, 2, NULL, 0, 100);
INSERT INTO device (id, protocol_id, identifier, device_name) VALUES (286, 80, "10112", "Satisfyer E-Love Story");
INSERT INTO device_feature (id, device_id) VALUES (229, 286);
INSERT INTO feature_scalarcmd (id, feature_id, actuator_type_id, description, range_min, range_max) VALUES (229, 229, 2, NULL, 0, 100);
INSERT INTO device (id, protocol_id, identifier, device_name) VALUES (287, 80, "10052", "Satisfyer Double Love");
INSERT INTO device_feature (id, device_id) VALUES (230, 287);
INSERT INTO feature_scalarcmd (id, feature_id, actuator_type_id, description, range_min, range_max) VALUES (230, 230, 2, NULL, 0, 100);
INSERT INTO device_feature (id, device_id) VALUES (231, 287);
INSERT INTO feature_scalarcmd (id, feature_id, actuator_type_id, description, range_min, range_max) VALUES (231, 231, 2, NULL, 0, 100);
INSERT INTO device (id, protocol_id, identifier, device_name) VALUES (288, 80, "10126", "Satisfyer Love Birds Vary");
INSERT INTO device (id, protocol_id, identifier, device_name) VALUES (289, 80, "10051", "Satisfyer Double Fun");
INSERT INTO device_feature (id, device_id) VALUES (232, 289);
INSERT INTO feature_scalarcmd (id, feature_id, actuator_type_id, description, range_min, range_max) VALUES (232, 232, 2, NULL, 0, 100);
INSERT INTO device_feature (id, device_id) VALUES (233, 289);
INSERT INTO feature_scalarcmd (id, feature_id, actuator_type_id, description, range_min, range_max) VALUES (233, 233, 2, NULL, 0, 100);
INSERT INTO device (id, protocol_id, identifier, device_name) VALUES (290, 80, "10158", "Satisfyer Ultra Power Bullet 8");
INSERT INTO device (id, protocol_id, identifier, device_name) VALUES (291, 80, "10075", "Satisfyer Mighty One");
INSERT INTO device (id, protocol_id, identifier, device_name) VALUES (292, 80, "10050", "Satisfyer Double Fun");
INSERT INTO device_feature (id, device_id) VALUES (234, 292);
INSERT INTO feature_scalarcmd (id, feature_id, actuator_type_id, description, range_min, range_max) VALUES (234, 234, 2, NULL, 0, 100);
INSERT INTO device_feature (id, device_id) VALUES (235, 292);
INSERT INTO feature_scalarcmd (id, feature_id, actuator_type_id, description, range_min, range_max) VALUES (235, 235, 2, NULL, 0, 100);
INSERT INTO device (id, protocol_id, identifier, device_name) VALUES (293, 80, "10157", "Satisfyer Ultra Power Bullet 8");
INSERT INTO device (id, protocol_id, identifier, device_name) VALUES (294, 80, "10014", "Satisfyer High Fashion+");
INSERT INTO device_feature (id, device_id) VALUES (236, 294);
INSERT INTO feature_scalarcmd (id, feature_id, actuator_type_id, description, range_min, range_max) VALUES (236, 236, 2, NULL, 0, 100);
INSERT INTO device_feature (id, device_id) VALUES (237, 294);
INSERT INTO feature_scalarcmd (id, feature_id, actuator_type_id, description, range_min, range_max) VALUES (237, 237, 2, NULL, 0, 100);
INSERT INTO device (id, protocol_id, identifier, device_name) VALUES (295, 80, "10031", "Satisfyer Curvy 2+");
INSERT INTO device_feature (id, device_id) VALUES (238, 295);
INSERT INTO feature_scalarcmd (id, feature_id, actuator_type_id, description, range_min, range_max) VALUES (238, 238, 2, NULL, 0, 100);
INSERT INTO device_feature (id, device_id) VALUES (239, 295);
INSERT INTO feature_scalarcmd (id, feature_id, actuator_type_id, description, range_min, range_max) VALUES (239, 239, 2, NULL, 0, 100);
INSERT INTO device (id, protocol_id, identifier, device_name) VALUES (296, 80, "10193", "Satisfyer G-Spot Flex 5+");
INSERT INTO device (id, protocol_id, identifier, device_name) VALUES (297, 80, "10195", "Satisfyer Air Pump Booty 5+");
INSERT INTO device_feature (id, device_id) VALUES (240, 297);
INSERT INTO feature_scalarcmd (id, feature_id, actuator_type_id, description, range_min, range_max) VALUES (240, 240, 2, NULL, 0, 100);
INSERT INTO device (id, protocol_id, identifier, device_name) VALUES (298, 80, "10090", "Satisfyer Hero+");
INSERT INTO device_feature (id, device_id) VALUES (241, 298);
INSERT INTO feature_scalarcmd (id, feature_id, actuator_type_id, description, range_min, range_max) VALUES (241, 241, 2, NULL, 0, 100);
INSERT INTO device (id, protocol_id, identifier, device_name) VALUES (299, 80, "10109", "Satisfyer E-Love G-Hunter+");
INSERT INTO device_feature (id, device_id) VALUES (242, 299);
INSERT INTO feature_scalarcmd (id, feature_id, actuator_type_id, description, range_min, range_max) VALUES (242, 242, 2, NULL, 0, 100);
INSERT INTO device_feature (id, device_id) VALUES (243, 299);
INSERT INTO feature_scalarcmd (id, feature_id, actuator_type_id, description, range_min, range_max) VALUES (243, 243, 2, NULL, 0, 100);
INSERT INTO device (id, protocol_id, identifier, device_name) VALUES (300, 80, "10202", "Satisfyer Smooth Petal");
INSERT INTO device (id, protocol_id, identifier, device_name) VALUES (301, 80, "10061", "Satisfyer Hot Lover");
INSERT INTO device_feature (id, device_id) VALUES (244, 301);
INSERT INTO feature_scalarcmd (id, feature_id, actuator_type_id, description, range_min, range_max) VALUES (244, 244, 2, NULL, 0, 100);
INSERT INTO device_feature (id, device_id) VALUES (245, 301);
INSERT INTO feature_scalarcmd (id, feature_id, actuator_type_id, description, range_min, range_max) VALUES (245, 245, 2, NULL, 0, 100);
INSERT INTO device (id, protocol_id, identifier, device_name) VALUES (302, 80, "10082", "Satisfyer Dual Pleasure");
INSERT INTO device_feature (id, device_id) VALUES (246, 302);
INSERT INTO feature_scalarcmd (id, feature_id, actuator_type_id, description, range_min, range_max) VALUES (246, 246, 2, NULL, 0, 100);
INSERT INTO device_feature (id, device_id) VALUES (247, 302);
INSERT INTO feature_scalarcmd (id, feature_id, actuator_type_id, description, range_min, range_max) VALUES (247, 247, 2, NULL, 0, 100);
INSERT INTO device (id, protocol_id, identifier, device_name) VALUES (303, 80, "10101", "Satisfyer Plug-ilicious 1");
INSERT INTO device_feature (id, device_id) VALUES (248, 303);
INSERT INTO feature_scalarcmd (id, feature_id, actuator_type_id, description, range_min, range_max) VALUES (248, 248, 2, NULL, 0, 100);
INSERT INTO device_feature (id, device_id) VALUES (249, 303);
INSERT INTO feature_scalarcmd (id, feature_id, actuator_type_id, description, range_min, range_max) VALUES (249, 249, 2, NULL, 0, 100);
INSERT INTO device (id, protocol_id, identifier, device_name) VALUES (304, 80, "10071", "Satisfyer Heat Wave");
INSERT INTO device_feature (id, device_id) VALUES (250, 304);
INSERT INTO feature_scalarcmd (id, feature_id, actuator_type_id, description, range_min, range_max) VALUES (250, 250, 2, NULL, 0, 100);
INSERT INTO device_feature (id, device_id) VALUES (251, 304);
INSERT INTO feature_scalarcmd (id, feature_id, actuator_type_id, description, range_min, range_max) VALUES (251, 251, 2, NULL, 0, 100);
INSERT INTO device (id, protocol_id, identifier, device_name) VALUES (305, 80, "10006", "Satisfyer Heated Affair");
INSERT INTO device_feature (id, device_id) VALUES (252, 305);
INSERT INTO feature_scalarcmd (id, feature_id, actuator_type_id, description, range_min, range_max) VALUES (252, 252, 2, NULL, 0, 100);
INSERT INTO device_feature (id, device_id) VALUES (253, 305);
INSERT INTO feature_scalarcmd (id, feature_id, actuator_type_id, description, range_min, range_max) VALUES (253, 253, 2, NULL, 0, 100);
INSERT INTO device (id, protocol_id, identifier, device_name) VALUES (306, 80, "10190", "Satisfyer Threesome 4");
INSERT INTO device_feature (id, device_id) VALUES (254, 306);
INSERT INTO feature_scalarcmd (id, feature_id, actuator_type_id, description, range_min, range_max) VALUES (254, 254, 2, NULL, 0, 100);
INSERT INTO device_feature (id, device_id) VALUES (255, 306);
INSERT INTO feature_scalarcmd (id, feature_id, actuator_type_id, description, range_min, range_max) VALUES (255, 255, 2, NULL, 0, 100);
INSERT INTO device (id, protocol_id, identifier, device_name) VALUES (307, 80, "10203", "Satisfyer Twirling Pro+");
INSERT INTO device_feature (id, device_id) VALUES (256, 307);
INSERT INTO feature_scalarcmd (id, feature_id, actuator_type_id, description, range_min, range_max) VALUES (256, 256, 2, NULL, 0, 100);
INSERT INTO device_feature (id, device_id) VALUES (257, 307);
INSERT INTO feature_scalarcmd (id, feature_id, actuator_type_id, description, range_min, range_max) VALUES (257, 257, 2, NULL, 0, 100);
INSERT INTO device (id, protocol_id, identifier, device_name) VALUES (308, 80, "10176", "Satisfyer Bullseye");
INSERT INTO device (id, protocol_id, identifier, device_name) VALUES (309, 80, "10242", "Satisfyer Rrrolling Sensation");
INSERT INTO device_feature (id, device_id) VALUES (258, 309);
INSERT INTO feature_scalarcmd (id, feature_id, actuator_type_id, description, range_min, range_max) VALUES (258, 258, 2, NULL, 0, 100);
INSERT INTO device_feature (id, device_id) VALUES (259, 309);
INSERT INTO feature_scalarcmd (id, feature_id, actuator_type_id, description, range_min, range_max) VALUES (259, 259, 2, NULL, 0, 100);
INSERT INTO device (id, protocol_id, identifier, device_name) VALUES (310, 80, "10200", "Satisfyer Tropical Tip");
INSERT INTO device (id, protocol_id, identifier, device_name) VALUES (311, 80, "10206", "Satisfyer Booty Absolute Beginners 5");
INSERT INTO device (id, protocol_id, identifier, device_name) VALUES (312, 80, "10181", "Satisfyer Curvy Trinity 5+");
INSERT INTO device_feature (id, device_id) VALUES (260, 312);
INSERT INTO feature_scalarcmd (id, feature_id, actuator_type_id, description, range_min, range_max) VALUES (260, 260, 2, NULL, 0, 100);
INSERT INTO device_feature (id, device_id) VALUES (261, 312);
INSERT INTO feature_scalarcmd (id, feature_id, actuator_type_id, description, range_min, range_max) VALUES (261, 261, 2, NULL, 0, 100);
INSERT INTO device (id, protocol_id, identifier, device_name) VALUES (313, 80, "10127", "Satisfyer Ribbed Petal");
INSERT INTO device (id, protocol_id, identifier, device_name) VALUES (314, 80, "10013", "Satisfyer Haute Couture+");
INSERT INTO device_feature (id, device_id) VALUES (262, 314);
INSERT INTO feature_scalarcmd (id, feature_id, actuator_type_id, description, range_min, range_max) VALUES (262, 262, 2, NULL, 0, 100);
INSERT INTO device_feature (id, device_id) VALUES (263, 314);
INSERT INTO feature_scalarcmd (id, feature_id, actuator_type_id, description, range_min, range_max) VALUES (263, 263, 2, NULL, 0, 100);
INSERT INTO device (id, protocol_id, identifier, device_name) VALUES (315, 80, "10160", "Satisfyer Double Desire");
INSERT INTO device_feature (id, device_id) VALUES (264, 315);
INSERT INTO feature_scalarcmd (id, feature_id, actuator_type_id, description, range_min, range_max) VALUES (264, 264, 2, NULL, 0, 100);
INSERT INTO device_feature (id, device_id) VALUES (265, 315);
INSERT INTO feature_scalarcmd (id, feature_id, actuator_type_id, description, range_min, range_max) VALUES (265, 265, 2, NULL, 0, 100);
INSERT INTO device (id, protocol_id, identifier, device_name) VALUES (316, 80, "10030", "Satisfyer Curvy 2+");
INSERT INTO device_feature (id, device_id) VALUES (266, 316);
INSERT INTO feature_scalarcmd (id, feature_id, actuator_type_id, description, range_min, range_max) VALUES (266, 266, 2, NULL, 0, 100);
INSERT INTO device_feature (id, device_id) VALUES (267, 316);
INSERT INTO feature_scalarcmd (id, feature_id, actuator_type_id, description, range_min, range_max) VALUES (267, 267, 2, NULL, 0, 100);
INSERT INTO device (id, protocol_id, identifier, device_name) VALUES (317, 80, "10196", "Satisfyer Pro+ Wave 4");
INSERT INTO device_feature (id, device_id) VALUES (268, 317);
INSERT INTO feature_scalarcmd (id, feature_id, actuator_type_id, description, range_min, range_max) VALUES (268, 268, 2, NULL, 0, 100);
INSERT INTO device_feature (id, device_id) VALUES (269, 317);
INSERT INTO feature_scalarcmd (id, feature_id, actuator_type_id, description, range_min, range_max) VALUES (269, 269, 2, NULL, 0, 100);
INSERT INTO device (id, protocol_id, identifier, device_name) VALUES (318, 80, "10142", "Satisfyer Rotator Plug 1+");
INSERT INTO device_feature (id, device_id) VALUES (270, 318);
INSERT INTO feature_scalarcmd (id, feature_id, actuator_type_id, description, range_min, range_max) VALUES (270, 270, 2, NULL, 0, 100);
INSERT INTO device_feature (id, device_id) VALUES (271, 318);
INSERT INTO feature_scalarcmd (id, feature_id, actuator_type_id, description, range_min, range_max) VALUES (271, 271, 2, NULL, 0, 100);
INSERT INTO device (id, protocol_id, identifier, device_name) VALUES (319, 80, "10073", "Satisfyer Sexy Secret");
INSERT INTO device (id, protocol_id, identifier, device_name) VALUES (320, 80, "10122", "Satisfyer Love Birds 2");
INSERT INTO device (id, protocol_id, identifier, device_name) VALUES (321, 80, "10125", "Satisfyer Love Birds Vary");
INSERT INTO device (id, protocol_id, identifier, device_name) VALUES (322, 80, "10198", "Satisfyer Mini Wand-er+");
INSERT INTO device_feature (id, device_id) VALUES (272, 322);
INSERT INTO feature_scalarcmd (id, feature_id, actuator_type_id, description, range_min, range_max) VALUES (272, 272, 2, NULL, 0, 100);
INSERT INTO device_feature (id, device_id) VALUES (273, 322);
INSERT INTO feature_scalarcmd (id, feature_id, actuator_type_id, description, range_min, range_max) VALUES (273, 273, 2, NULL, 0, 100);
INSERT INTO device (id, protocol_id, identifier, device_name) VALUES (323, 80, "10120", "Satisfyer Love Birds 1");
INSERT INTO device (id, protocol_id, identifier, device_name) VALUES (324, 80, "10185", "Satisfyer Power Masturbator");
INSERT INTO device (id, protocol_id, identifier, device_name) VALUES (325, 80, "10135", "Satisfyer Smooth Petal");
INSERT INTO device (id, protocol_id, identifier, device_name) VALUES (326, 80, "10049", "Satisfyer Double Fun");
INSERT INTO device_feature (id, device_id) VALUES (274, 326);
INSERT INTO feature_scalarcmd (id, feature_id, actuator_type_id, description, range_min, range_max) VALUES (274, 274, 2, NULL, 0, 100);
INSERT INTO device_feature (id, device_id) VALUES (275, 326);
INSERT INTO feature_scalarcmd (id, feature_id, actuator_type_id, description, range_min, range_max) VALUES (275, 275, 2, NULL, 0, 100);
INSERT INTO device (id, protocol_id, identifier, device_name) VALUES (327, 80, "10146", "Satisfyer Deep Diver");
INSERT INTO device (id, protocol_id, identifier, device_name) VALUES (328, 80, "10145", "Satisfyer Rotator Plug 2+");
INSERT INTO device_feature (id, device_id) VALUES (276, 328);
INSERT INTO feature_scalarcmd (id, feature_id, actuator_type_id, description, range_min, range_max) VALUES (276, 276, 2, NULL, 0, 100);
INSERT INTO device_feature (id, device_id) VALUES (277, 328);
INSERT INTO feature_scalarcmd (id, feature_id, actuator_type_id, description, range_min, range_max) VALUES (277, 277, 2, NULL, 0, 100);
INSERT INTO device (id, protocol_id, identifier, device_name) VALUES (329, 80, "10063", "Satisfyer Mono Flex");
INSERT INTO device_feature (id, device_id) VALUES (278, 329);
INSERT INTO feature_scalarcmd (id, feature_id, actuator_type_id, description, range_min, range_max) VALUES (278, 278, 2, NULL, 0, 100);
INSERT INTO device_feature (id, device_id) VALUES (279, 329);
INSERT INTO feature_scalarcmd (id, feature_id, actuator_type_id, description, range_min, range_max) VALUES (279, 279, 2, NULL, 0, 100);
INSERT INTO device (id, protocol_id, identifier, device_name) VALUES (330, 80, "10172", "Satisfyer Top Secret+");
INSERT INTO device_feature (id, device_id) VALUES (280, 330);
INSERT INTO feature_scalarcmd (id, feature_id, actuator_type_id, description, range_min, range_max) VALUES (280, 280, 2, NULL, 0, 100);
INSERT INTO device_feature (id, device_id) VALUES (281, 330);
INSERT INTO feature_scalarcmd (id, feature_id, actuator_type_id, description, range_min, range_max) VALUES (281, 281, 2, NULL, 0, 100);
INSERT INTO device (id, protocol_id, identifier, device_name) VALUES (331, 80, "10191", "Satisfyer Threesome 4");
INSERT INTO device_feature (id, device_id) VALUES (282, 331);
INSERT INTO feature_scalarcmd (id, feature_id, actuator_type_id, description, range_min, range_max) VALUES (282, 282, 2, NULL, 0, 100);
INSERT INTO device_feature (id, device_id) VALUES (283, 331);
INSERT INTO feature_scalarcmd (id, feature_id, actuator_type_id, description, range_min, range_max) VALUES (283, 283, 2, NULL, 0, 100);
INSERT INTO device (id, protocol_id, identifier, device_name) VALUES (332, 80, "10183", "Satisfyer Intensity Plug");
INSERT INTO device (id, protocol_id, identifier, device_name) VALUES (333, 80, "10024", "Satisfyer Love Triangle");
INSERT INTO device_feature (id, device_id) VALUES (284, 333);
INSERT INTO feature_scalarcmd (id, feature_id, actuator_type_id, description, range_min, range_max) VALUES (284, 284, 2, NULL, 0, 100);
INSERT INTO device_feature (id, device_id) VALUES (285, 333);
INSERT INTO feature_scalarcmd (id, feature_id, actuator_type_id, description, range_min, range_max) VALUES (285, 285, 2, NULL, 0, 100);
INSERT INTO device (id, protocol_id, identifier, device_name) VALUES (334, 80, "10093", "Satisfyer Newcomer+");
INSERT INTO device_feature (id, device_id) VALUES (286, 334);
INSERT INTO feature_scalarcmd (id, feature_id, actuator_type_id, description, range_min, range_max) VALUES (286, 286, 2, NULL, 0, 100);
INSERT INTO device (id, protocol_id, identifier, device_name) VALUES (335, 80, "10163", "Satisfyer Double Lust");
INSERT INTO device_feature (id, device_id) VALUES (287, 335);
INSERT INTO feature_scalarcmd (id, feature_id, actuator_type_id, description, range_min, range_max) VALUES (287, 287, 2, NULL, 0, 100);
INSERT INTO device_feature (id, device_id) VALUES (288, 335);
INSERT INTO feature_scalarcmd (id, feature_id, actuator_type_id, description, range_min, range_max) VALUES (288, 288, 2, NULL, 0, 100);
INSERT INTO device (id, protocol_id, identifier, device_name) VALUES (336, 80, "10028", "Satisfyer Curvy 1+");
INSERT INTO device_feature (id, device_id) VALUES (289, 336);
INSERT INTO feature_scalarcmd (id, feature_id, actuator_type_id, description, range_min, range_max) VALUES (289, 289, 2, NULL, 0, 100);
INSERT INTO device_feature (id, device_id) VALUES (290, 336);
INSERT INTO feature_scalarcmd (id, feature_id, actuator_type_id, description, range_min, range_max) VALUES (290, 290, 2, NULL, 0, 100);
INSERT INTO device (id, protocol_id, identifier, device_name) VALUES (337, 80, "10060", "Satisfyer Hot Lover");
INSERT INTO device_feature (id, device_id) VALUES (291, 337);
INSERT INTO feature_scalarcmd (id, feature_id, actuator_type_id, description, range_min, range_max) VALUES (291, 291, 2, NULL, 0, 100);
INSERT INTO device_feature (id, device_id) VALUES (292, 337);
INSERT INTO feature_scalarcmd (id, feature_id, actuator_type_id, description, range_min, range_max) VALUES (292, 292, 2, NULL, 0, 100);
INSERT INTO device (id, protocol_id, identifier, device_name) VALUES (338, 80, "10151", "Satisfyer Trendsetter");
INSERT INTO device (id, protocol_id, identifier, device_name) VALUES (339, 80, "10100", "Satisfyer Plug-ilicious 1");
INSERT INTO device_feature (id, device_id) VALUES (293, 339);
INSERT INTO feature_scalarcmd (id, feature_id, actuator_type_id, description, range_min, range_max) VALUES (293, 293, 2, NULL, 0, 100);
INSERT INTO device_feature (id, device_id) VALUES (294, 339);
INSERT INTO feature_scalarcmd (id, feature_id, actuator_type_id, description, range_min, range_max) VALUES (294, 294, 2, NULL, 0, 100);
INSERT INTO device (id, protocol_id, identifier, device_name) VALUES (340, 80, "10197", "Satisfyer Mini Wand-er+");
INSERT INTO device_feature (id, device_id) VALUES (295, 340);
INSERT INTO feature_scalarcmd (id, feature_id, actuator_type_id, description, range_min, range_max) VALUES (295, 295, 2, NULL, 0, 100);
INSERT INTO device_feature (id, device_id) VALUES (296, 340);
INSERT INTO feature_scalarcmd (id, feature_id, actuator_type_id, description, range_min, range_max) VALUES (296, 296, 2, NULL, 0, 100);
INSERT INTO device (id, protocol_id, identifier, device_name) VALUES (341, 80, NULL, "Satisfyer Device");
INSERT INTO device_feature (id, device_id) VALUES (297, 341);
INSERT INTO feature_scalarcmd (id, feature_id, actuator_type_id, description, range_min, range_max) VALUES (297, 297, 2, NULL, 0, 100);
INSERT INTO device (id, protocol_id, identifier, device_name) VALUES (342, 80, "10205", "Satisfyer Perfect Pair 4");
INSERT INTO device (id, protocol_id, identifier, device_name) VALUES (343, 80, "10102", "Satisfyer Plug-ilicious 2");
INSERT INTO device_feature (id, device_id) VALUES (298, 343);
INSERT INTO feature_scalarcmd (id, feature_id, actuator_type_id, description, range_min, range_max) VALUES (298, 298, 2, NULL, 0, 100);
INSERT INTO device_feature (id, device_id) VALUES (299, 343);
INSERT INTO feature_scalarcmd (id, feature_id, actuator_type_id, description, range_min, range_max) VALUES (299, 299, 2, NULL, 0, 100);
INSERT INTO device (id, protocol_id, identifier, device_name) VALUES (344, 80, "10079", "Satisfyer Dual Love");
INSERT INTO device_feature (id, device_id) VALUES (300, 344);
INSERT INTO feature_scalarcmd (id, feature_id, actuator_type_id, description, range_min, range_max) VALUES (300, 300, 2, NULL, 0, 100);
INSERT INTO device_feature (id, device_id) VALUES (301, 344);
INSERT INTO feature_scalarcmd (id, feature_id, actuator_type_id, description, range_min, range_max) VALUES (301, 301, 2, NULL, 0, 100);
INSERT INTO device (id, protocol_id, identifier, device_name) VALUES (345, 80, "10078", "Satisfyer Signet Ring");
INSERT INTO device (id, protocol_id, identifier, device_name) VALUES (346, 80, "10134", "Satisfyer Smooth Petal");
INSERT INTO device (id, protocol_id, identifier, device_name) VALUES (347, 80, "10121", "Satisfyer Love Birds 2");
INSERT INTO device (id, protocol_id, identifier, device_name) VALUES (348, 80, "10105", "Satisfyer E-Love Foreplay");
INSERT INTO device_feature (id, device_id) VALUES (302, 348);
INSERT INTO feature_scalarcmd (id, feature_id, actuator_type_id, description, range_min, range_max) VALUES (302, 302, 2, NULL, 0, 100);
INSERT INTO device (id, protocol_id, identifier, device_name) VALUES (349, 80, "10154", "Satisfyer Twirling Joy");
INSERT INTO device (id, protocol_id, identifier, device_name) VALUES (350, 80, "10165", "Satisfyer Double Lust");
INSERT INTO device_feature (id, device_id) VALUES (303, 350);
INSERT INTO feature_scalarcmd (id, feature_id, actuator_type_id, description, range_min, range_max) VALUES (303, 303, 2, NULL, 0, 100);
INSERT INTO device_feature (id, device_id) VALUES (304, 350);
INSERT INTO feature_scalarcmd (id, feature_id, actuator_type_id, description, range_min, range_max) VALUES (304, 304, 2, NULL, 0, 100);
INSERT INTO device (id, protocol_id, identifier, device_name) VALUES (351, 80, "10147", "Satisfyer Deep Diver");
INSERT INTO device (id, protocol_id, identifier, device_name) VALUES (352, 80, "10092", "Satisfyer Newcomer+");
INSERT INTO device_feature (id, device_id) VALUES (305, 352);
INSERT INTO feature_scalarcmd (id, feature_id, actuator_type_id, description, range_min, range_max) VALUES (305, 305, 2, NULL, 0, 100);
INSERT INTO device (id, protocol_id, identifier, device_name) VALUES (353, 80, "10175", "Satisfyer Bullseye");
INSERT INTO device (id, protocol_id, identifier, device_name) VALUES (354, 80, "10124", "Satisfyer Love Birds Vary");
INSERT INTO device (id, protocol_id, identifier, device_name) VALUES (355, 80, "10091", "Satisfyer Knight+");
INSERT INTO device_feature (id, device_id) VALUES (306, 355);
INSERT INTO feature_scalarcmd (id, feature_id, actuator_type_id, description, range_min, range_max) VALUES (306, 306, 2, NULL, 0, 100);
INSERT INTO device (id, protocol_id, identifier, device_name) VALUES (356, 80, "10192", "Satisfyer G-Spot Flex 4+");
INSERT INTO device (id, protocol_id, identifier, device_name) VALUES (357, 80, "10128", "Satisfyer Ribbed Petal");
INSERT INTO device (id, protocol_id, identifier, device_name) VALUES (358, 80, "10053", "Satisfyer Double Love");
INSERT INTO device_feature (id, device_id) VALUES (307, 358);
INSERT INTO feature_scalarcmd (id, feature_id, actuator_type_id, description, range_min, range_max) VALUES (307, 307, 2, NULL, 0, 100);
INSERT INTO device_feature (id, device_id) VALUES (308, 358);
INSERT INTO feature_scalarcmd (id, feature_id, actuator_type_id, description, range_min, range_max) VALUES (308, 308, 2, NULL, 0, 100);
INSERT INTO device (id, protocol_id, identifier, device_name) VALUES (359, 80, "10194", "Satisfyer G-Spot Flex 5+");
INSERT INTO device (id, protocol_id, identifier, device_name) VALUES (360, 80, "10144", "Satisfyer Rotator Plug 2+");
INSERT INTO device_feature (id, device_id) VALUES (309, 360);
INSERT INTO feature_scalarcmd (id, feature_id, actuator_type_id, description, range_min, range_max) VALUES (309, 309, 2, NULL, 0, 100);
INSERT INTO device_feature (id, device_id) VALUES (310, 360);
INSERT INTO feature_scalarcmd (id, feature_id, actuator_type_id, description, range_min, range_max) VALUES (310, 310, 2, NULL, 0, 100);
INSERT INTO device (id, protocol_id, identifier, device_name) VALUES (361, 80, "10201", "Satisfyer Ribbed Petal");
INSERT INTO device (id, protocol_id, identifier, device_name) VALUES (362, 80, "10068", "Satisfyer Double Flex");
INSERT INTO device_feature (id, device_id) VALUES (311, 362);
INSERT INTO feature_scalarcmd (id, feature_id, actuator_type_id, description, range_min, range_max) VALUES (311, 311, 2, NULL, 0, 100);
INSERT INTO device_feature (id, device_id) VALUES (312, 362);
INSERT INTO feature_scalarcmd (id, feature_id, actuator_type_id, description, range_min, range_max) VALUES (312, 312, 2, NULL, 0, 100);
INSERT INTO device_feature (id, device_id) VALUES (313, 362);
INSERT INTO feature_scalarcmd (id, feature_id, actuator_type_id, description, range_min, range_max) VALUES (313, 313, 2, NULL, 0, 100);
INSERT INTO device (id, protocol_id, identifier, device_name) VALUES (363, 80, "10132", "Satisfyer Shiny Petal");
INSERT INTO device (id, protocol_id, identifier, device_name) VALUES (364, 80, "10161", "Satisfyer Double Desire");
INSERT INTO device_feature (id, device_id) VALUES (314, 364);
INSERT INTO feature_scalarcmd (id, feature_id, actuator_type_id, description, range_min, range_max) VALUES (314, 314, 2, NULL, 0, 100);
INSERT INTO device_feature (id, device_id) VALUES (315, 364);
INSERT INTO feature_scalarcmd (id, feature_id, actuator_type_id, description, range_min, range_max) VALUES (315, 315, 2, NULL, 0, 100);
INSERT INTO device (id, protocol_id, identifier, device_name) VALUES (365, 80, "10133", "Satisfyer Shiny Petal");
INSERT INTO device (id, protocol_id, identifier, device_name) VALUES (366, 80, "10173", "Satisfyer Top Secret+");
INSERT INTO device_feature (id, device_id) VALUES (316, 366);
INSERT INTO feature_scalarcmd (id, feature_id, actuator_type_id, description, range_min, range_max) VALUES (316, 316, 2, NULL, 0, 100);
INSERT INTO device_feature (id, device_id) VALUES (317, 366);
INSERT INTO feature_scalarcmd (id, feature_id, actuator_type_id, description, range_min, range_max) VALUES (317, 317, 2, NULL, 0, 100);
INSERT INTO device (id, protocol_id, identifier, device_name) VALUES (367, 80, "10072", "Satisfyer Little Secret");
INSERT INTO device (id, protocol_id, identifier, device_name) VALUES (368, 80, "10047", "Satisfyer Double Joy");
INSERT INTO device_feature (id, device_id) VALUES (318, 368);
INSERT INTO feature_scalarcmd (id, feature_id, actuator_type_id, description, range_min, range_max) VALUES (318, 318, 2, NULL, 0, 100);
INSERT INTO device_feature (id, device_id) VALUES (319, 368);
INSERT INTO feature_scalarcmd (id, feature_id, actuator_type_id, description, range_min, range_max) VALUES (319, 319, 2, NULL, 0, 100);
INSERT INTO device (id, protocol_id, identifier, device_name) VALUES (369, 80, "10007", "Satisfyer Big Heat");
INSERT INTO device (id, protocol_id, identifier, device_name) VALUES (370, 80, "10204", "Satisfyer Twirling Pro+");
INSERT INTO device_feature (id, device_id) VALUES (320, 370);
INSERT INTO feature_scalarcmd (id, feature_id, actuator_type_id, description, range_min, range_max) VALUES (320, 320, 2, NULL, 0, 100);
INSERT INTO device_feature (id, device_id) VALUES (321, 370);
INSERT INTO feature_scalarcmd (id, feature_id, actuator_type_id, description, range_min, range_max) VALUES (321, 321, 2, NULL, 0, 100);
INSERT INTO device (id, protocol_id, identifier, device_name) VALUES (371, 80, "10009", "Satisfyer Hot Bunny");
INSERT INTO device_feature (id, device_id) VALUES (322, 371);
INSERT INTO feature_scalarcmd (id, feature_id, actuator_type_id, description, range_min, range_max) VALUES (322, 322, 2, NULL, 0, 100);
INSERT INTO device_feature (id, device_id) VALUES (323, 371);
INSERT INTO feature_scalarcmd (id, feature_id, actuator_type_id, description, range_min, range_max) VALUES (323, 323, 2, NULL, 0, 100);
INSERT INTO device (id, protocol_id, identifier, device_name) VALUES (372, 80, "10015", "Satisfyer Prt--porter+");
INSERT INTO device_feature (id, device_id) VALUES (324, 372);
INSERT INTO feature_scalarcmd (id, feature_id, actuator_type_id, description, range_min, range_max) VALUES (324, 324, 2, NULL, 0, 100);
INSERT INTO device_feature (id, device_id) VALUES (325, 372);
INSERT INTO feature_scalarcmd (id, feature_id, actuator_type_id, description, range_min, range_max) VALUES (325, 325, 2, NULL, 0, 100);
INSERT INTO device (id, protocol_id, identifier, device_name) VALUES (373, 80, "10162", "Satisfyer Double Desire");
INSERT INTO device_feature (id, device_id) VALUES (326, 373);
INSERT INTO feature_scalarcmd (id, feature_id, actuator_type_id, description, range_min, range_max) VALUES (326, 326, 2, NULL, 0, 100);
INSERT INTO device_feature (id, device_id) VALUES (327, 373);
INSERT INTO feature_scalarcmd (id, feature_id, actuator_type_id, description, range_min, range_max) VALUES (327, 327, 2, NULL, 0, 100);
INSERT INTO device (id, protocol_id, identifier, device_name) VALUES (374, 80, "10178", "Satisfyer Sunray");
INSERT INTO device_feature (id, device_id) VALUES (328, 374);
INSERT INTO feature_scalarcmd (id, feature_id, actuator_type_id, description, range_min, range_max) VALUES (328, 328, 2, NULL, 0, 100);
INSERT INTO device_feature (id, device_id) VALUES (329, 374);
INSERT INTO feature_scalarcmd (id, feature_id, actuator_type_id, description, range_min, range_max) VALUES (329, 329, 2, NULL, 0, 100);
INSERT INTO device (id, protocol_id, identifier, device_name) VALUES (375, 80, "10189", "Satisfyer Air Pump Vibrator 5+");
INSERT INTO device_feature (id, device_id) VALUES (330, 375);
INSERT INTO feature_scalarcmd (id, feature_id, actuator_type_id, description, range_min, range_max) VALUES (330, 330, 2, NULL, 0, 100);
INSERT INTO device (id, protocol_id, identifier, device_name) VALUES (376, 80, "10186", "Satisfyer Hug me");
INSERT INTO device_feature (id, device_id) VALUES (331, 376);
INSERT INTO feature_scalarcmd (id, feature_id, actuator_type_id, description, range_min, range_max) VALUES (331, 331, 2, NULL, 0, 100);
INSERT INTO device_feature (id, device_id) VALUES (332, 376);
INSERT INTO feature_scalarcmd (id, feature_id, actuator_type_id, description, range_min, range_max) VALUES (332, 332, 2, NULL, 0, 100);
INSERT INTO device (id, protocol_id, identifier, device_name) VALUES (377, 80, "10076", "Satisfyer Powerful One");
INSERT INTO device (id, protocol_id, identifier, device_name) VALUES (378, 80, "10065", "Satisfyer Double Flex");
INSERT INTO device_feature (id, device_id) VALUES (333, 378);
INSERT INTO feature_scalarcmd (id, feature_id, actuator_type_id, description, range_min, range_max) VALUES (333, 333, 2, NULL, 0, 100);
INSERT INTO device_feature (id, device_id) VALUES (334, 378);
INSERT INTO feature_scalarcmd (id, feature_id, actuator_type_id, description, range_min, range_max) VALUES (334, 334, 2, NULL, 0, 100);
INSERT INTO device_feature (id, device_id) VALUES (335, 378);
INSERT INTO feature_scalarcmd (id, feature_id, actuator_type_id, description, range_min, range_max) VALUES (335, 335, 2, NULL, 0, 100);
INSERT INTO device (id, protocol_id, identifier, device_name) VALUES (379, 80, "10005", "Satisfyer Hot Spot");
INSERT INTO device_feature (id, device_id) VALUES (336, 379);
INSERT INTO feature_scalarcmd (id, feature_id, actuator_type_id, description, range_min, range_max) VALUES (336, 336, 2, NULL, 0, 100);
INSERT INTO device (id, protocol_id, identifier, device_name) VALUES (380, 80, "10070", "Satisfyer Heat Wave");
INSERT INTO device_feature (id, device_id) VALUES (337, 380);
INSERT INTO feature_scalarcmd (id, feature_id, actuator_type_id, description, range_min, range_max) VALUES (337, 337, 2, NULL, 0, 100);
INSERT INTO device_feature (id, device_id) VALUES (338, 380);
INSERT INTO feature_scalarcmd (id, feature_id, actuator_type_id, description, range_min, range_max) VALUES (338, 338, 2, NULL, 0, 100);
INSERT INTO device (id, protocol_id, identifier, device_name) VALUES (381, 80, "10207", "Satisfyer Booty Absolute Beginners 5");
INSERT INTO device (id, protocol_id, identifier, device_name) VALUES (382, 80, "10179", "Satisfyer Sunray");
INSERT INTO device_feature (id, device_id) VALUES (339, 382);
INSERT INTO feature_scalarcmd (id, feature_id, actuator_type_id, description, range_min, range_max) VALUES (339, 339, 2, NULL, 0, 100);
INSERT INTO device_feature (id, device_id) VALUES (340, 382);
INSERT INTO feature_scalarcmd (id, feature_id, actuator_type_id, description, range_min, range_max) VALUES (340, 340, 2, NULL, 0, 100);
INSERT INTO device (id, protocol_id, identifier, device_name) VALUES (383, 80, "10143", "Satisfyer Rotator Plug 1+");
INSERT INTO device_feature (id, device_id) VALUES (341, 383);
INSERT INTO feature_scalarcmd (id, feature_id, actuator_type_id, description, range_min, range_max) VALUES (341, 341, 2, NULL, 0, 100);
INSERT INTO device_feature (id, device_id) VALUES (342, 383);
INSERT INTO feature_scalarcmd (id, feature_id, actuator_type_id, description, range_min, range_max) VALUES (342, 342, 2, NULL, 0, 100);
INSERT INTO device (id, protocol_id, identifier, device_name) VALUES (384, 80, "10027", "Satisfyer Curvy 1+");
INSERT INTO device_feature (id, device_id) VALUES (343, 384);
INSERT INTO feature_scalarcmd (id, feature_id, actuator_type_id, description, range_min, range_max) VALUES (343, 343, 2, NULL, 0, 100);
INSERT INTO device_feature (id, device_id) VALUES (344, 384);
INSERT INTO feature_scalarcmd (id, feature_id, actuator_type_id, description, range_min, range_max) VALUES (344, 344, 2, NULL, 0, 100);
INSERT INTO device (id, protocol_id, identifier, device_name) VALUES (385, 80, "10074", "Satisfyer Strong One");
INSERT INTO device (id, protocol_id, identifier, device_name) VALUES (386, 80, "10174", "Satisfyer Top Secret+");
INSERT INTO device_feature (id, device_id) VALUES (345, 386);
INSERT INTO feature_scalarcmd (id, feature_id, actuator_type_id, description, range_min, range_max) VALUES (345, 345, 2, NULL, 0, 100);
INSERT INTO device_feature (id, device_id) VALUES (346, 386);
INSERT INTO feature_scalarcmd (id, feature_id, actuator_type_id, description, range_min, range_max) VALUES (346, 346, 2, NULL, 0, 100);
INSERT INTO device (id, protocol_id, identifier, device_name) VALUES (387, 80, "10136", "Satisfyer Smooth Petal");
INSERT INTO device (id, protocol_id, identifier, device_name) VALUES (388, 80, "10080", "Satisfyer Dual Love");
INSERT INTO device_feature (id, device_id) VALUES (347, 388);
INSERT INTO feature_scalarcmd (id, feature_id, actuator_type_id, description, range_min, range_max) VALUES (347, 347, 2, NULL, 0, 100);
INSERT INTO device_feature (id, device_id) VALUES (348, 388);
INSERT INTO feature_scalarcmd (id, feature_id, actuator_type_id, description, range_min, range_max) VALUES (348, 348, 2, NULL, 0, 100);
INSERT INTO device (id, protocol_id, identifier, device_name) VALUES (389, 80, "10130", "Satisfyer Shiny Petal");
INSERT INTO device (id, protocol_id, identifier, device_name) VALUES (390, 80, "10032", "Satisfyer Double Wand-er");
INSERT INTO device (id, protocol_id, identifier, device_name) VALUES (391, 80, "10187", "Satisfyer Hug me");
INSERT INTO device_feature (id, device_id) VALUES (349, 391);
INSERT INTO feature_scalarcmd (id, feature_id, actuator_type_id, description, range_min, range_max) VALUES (349, 349, 2, NULL, 0, 100);
INSERT INTO device_feature (id, device_id) VALUES (350, 391);
INSERT INTO feature_scalarcmd (id, feature_id, actuator_type_id, description, range_min, range_max) VALUES (350, 350, 2, NULL, 0, 100);
INSERT INTO device (id, protocol_id, identifier, device_name) VALUES (392, 80, "10081", "Satisfyer Dual Pleasure");
INSERT INTO device_feature (id, device_id) VALUES (351, 392);
INSERT INTO feature_scalarcmd (id, feature_id, actuator_type_id, description, range_min, range_max) VALUES (351, 351, 2, NULL, 0, 100);
INSERT INTO device_feature (id, device_id) VALUES (352, 392);
INSERT INTO feature_scalarcmd (id, feature_id, actuator_type_id, description, range_min, range_max) VALUES (352, 352, 2, NULL, 0, 100);
INSERT INTO device (id, protocol_id, identifier, device_name) VALUES (393, 80, "10048", "Satisfyer Double Joy");
INSERT INTO device_feature (id, device_id) VALUES (353, 393);
INSERT INTO feature_scalarcmd (id, feature_id, actuator_type_id, description, range_min, range_max) VALUES (353, 353, 2, NULL, 0, 100);
INSERT INTO device_feature (id, device_id) VALUES (354, 393);
INSERT INTO feature_scalarcmd (id, feature_id, actuator_type_id, description, range_min, range_max) VALUES (354, 354, 2, NULL, 0, 100);
INSERT INTO device (id, protocol_id, identifier, device_name) VALUES (394, 80, "10010", "Satisfyer Heat Climax");
INSERT INTO device_feature (id, device_id) VALUES (355, 394);
INSERT INTO feature_scalarcmd (id, feature_id, actuator_type_id, description, range_min, range_max) VALUES (355, 355, 2, NULL, 0, 100);
INSERT INTO device (id, protocol_id, identifier, device_name) VALUES (395, 80, "10140", "Satisfyer Men Vibration+");
INSERT INTO device_feature (id, device_id) VALUES (356, 395);
INSERT INTO feature_scalarcmd (id, feature_id, actuator_type_id, description, range_min, range_max) VALUES (356, 356, 2, NULL, 0, 100);
INSERT INTO device_feature (id, device_id) VALUES (357, 395);
INSERT INTO feature_scalarcmd (id, feature_id, actuator_type_id, description, range_min, range_max) VALUES (357, 357, 2, NULL, 0, 100);
INSERT INTO device (id, protocol_id, identifier, device_name) VALUES (396, 80, "10166", "Satisfyer Double Lust");
INSERT INTO device_feature (id, device_id) VALUES (358, 396);
INSERT INTO feature_scalarcmd (id, feature_id, actuator_type_id, description, range_min, range_max) VALUES (358, 358, 2, NULL, 0, 100);
INSERT INTO device_feature (id, device_id) VALUES (359, 396);
INSERT INTO feature_scalarcmd (id, feature_id, actuator_type_id, description, range_min, range_max) VALUES (359, 359, 2, NULL, 0, 100);
INSERT INTO device (id, protocol_id, identifier, device_name) VALUES (397, 80, "10182", "Satisfyer Love Birds 1");
INSERT INTO device (id, protocol_id, identifier, device_name) VALUES (398, 80, "10055", "Satisfyer Curvy 3+");
INSERT INTO device_feature (id, device_id) VALUES (360, 398);
INSERT INTO feature_scalarcmd (id, feature_id, actuator_type_id, description, range_min, range_max) VALUES (360, 360, 2, NULL, 0, 100);
INSERT INTO device_feature (id, device_id) VALUES (361, 398);
INSERT INTO feature_scalarcmd (id, feature_id, actuator_type_id, description, range_min, range_max) VALUES (361, 361, 2, NULL, 0, 100);
INSERT INTO device (id, protocol_id, identifier, device_name) VALUES (399, 80, "10123", "Satisfyer Love Birds 2");
INSERT INTO device (id, protocol_id, identifier, device_name) VALUES (400, 80, "10150", "Satisfyer Trendsetter");
INSERT INTO device (id, protocol_id, identifier, device_name) VALUES (401, 80, "10067", "Satisfyer Double Flex");
INSERT INTO device_feature (id, device_id) VALUES (362, 401);
INSERT INTO feature_scalarcmd (id, feature_id, actuator_type_id, description, range_min, range_max) VALUES (362, 362, 2, NULL, 0, 100);
INSERT INTO device_feature (id, device_id) VALUES (363, 401);
INSERT INTO feature_scalarcmd (id, feature_id, actuator_type_id, description, range_min, range_max) VALUES (363, 363, 2, NULL, 0, 100);
INSERT INTO device_feature (id, device_id) VALUES (364, 401);
INSERT INTO feature_scalarcmd (id, feature_id, actuator_type_id, description, range_min, range_max) VALUES (364, 364, 2, NULL, 0, 100);
INSERT INTO device (id, protocol_id, identifier, device_name) VALUES (402, 80, "10064", "Satisfyer Mono Flex");
INSERT INTO device_feature (id, device_id) VALUES (365, 402);
INSERT INTO feature_scalarcmd (id, feature_id, actuator_type_id, description, range_min, range_max) VALUES (365, 365, 2, NULL, 0, 100);
INSERT INTO device_feature (id, device_id) VALUES (366, 402);
INSERT INTO feature_scalarcmd (id, feature_id, actuator_type_id, description, range_min, range_max) VALUES (366, 366, 2, NULL, 0, 100);
INSERT INTO device (id, protocol_id, identifier, device_name) VALUES (403, 80, "10170", "Satisfyer Top Secret");
INSERT INTO device_feature (id, device_id) VALUES (367, 403);
INSERT INTO feature_scalarcmd (id, feature_id, actuator_type_id, description, range_min, range_max) VALUES (367, 367, 2, NULL, 0, 100);
INSERT INTO device_feature (id, device_id) VALUES (368, 403);
INSERT INTO feature_scalarcmd (id, feature_id, actuator_type_id, description, range_min, range_max) VALUES (368, 368, 2, NULL, 0, 100);
INSERT INTO device (id, protocol_id, identifier, device_name) VALUES (404, 80, "10155", "Satisfyer Twirling Joy");
INSERT INTO device (id, protocol_id, identifier, device_name) VALUES (405, 80, "10111", "Satisfyer E-Love G-Spotter+");
INSERT INTO device_feature (id, device_id) VALUES (369, 405);
INSERT INTO feature_scalarcmd (id, feature_id, actuator_type_id, description, range_min, range_max) VALUES (369, 369, 2, NULL, 0, 100);
INSERT INTO device_feature (id, device_id) VALUES (370, 405);
INSERT INTO feature_scalarcmd (id, feature_id, actuator_type_id, description, range_min, range_max) VALUES (370, 370, 2, NULL, 0, 100);
INSERT INTO device (id, protocol_id, identifier, device_name) VALUES (406, 80, "10104", "Satisfyer Plug-ilicious 2");
INSERT INTO device_feature (id, device_id) VALUES (371, 406);
INSERT INTO feature_scalarcmd (id, feature_id, actuator_type_id, description, range_min, range_max) VALUES (371, 371, 2, NULL, 0, 100);
INSERT INTO device_feature (id, device_id) VALUES (372, 406);
INSERT INTO feature_scalarcmd (id, feature_id, actuator_type_id, description, range_min, range_max) VALUES (372, 372, 2, NULL, 0, 100);
INSERT INTO device (id, protocol_id, identifier, device_name) VALUES (407, 80, "10108", "Satisfyer E-Love G-Hunter");
INSERT INTO device_feature (id, device_id) VALUES (373, 407);
INSERT INTO feature_scalarcmd (id, feature_id, actuator_type_id, description, range_min, range_max) VALUES (373, 373, 2, NULL, 0, 100);
INSERT INTO device (id, protocol_id, identifier, device_name) VALUES (408, 80, "10054", "Satisfyer Double Love");
INSERT INTO device_feature (id, device_id) VALUES (374, 408);
INSERT INTO feature_scalarcmd (id, feature_id, actuator_type_id, description, range_min, range_max) VALUES (374, 374, 2, NULL, 0, 100);
INSERT INTO device_feature (id, device_id) VALUES (375, 408);
INSERT INTO feature_scalarcmd (id, feature_id, actuator_type_id, description, range_min, range_max) VALUES (375, 375, 2, NULL, 0, 100);
INSERT INTO device (id, protocol_id, identifier, device_name) VALUES (409, 80, "10025", "Satisfyer Love Triangle");
INSERT INTO device_feature (id, device_id) VALUES (376, 409);
INSERT INTO feature_scalarcmd (id, feature_id, actuator_type_id, description, range_min, range_max) VALUES (376, 376, 2, NULL, 0, 100);
INSERT INTO device_feature (id, device_id) VALUES (377, 409);
INSERT INTO feature_scalarcmd (id, feature_id, actuator_type_id, description, range_min, range_max) VALUES (377, 377, 2, NULL, 0, 100);
INSERT INTO device (id, protocol_id, identifier, device_name) VALUES (410, 80, "10119", "Satisfyer Love Birds 1");
INSERT INTO device (id, protocol_id, identifier, device_name) VALUES (411, 80, "10008", "Satisfyer Heated Thrill");
INSERT INTO device_feature (id, device_id) VALUES (378, 411);
INSERT INTO feature_scalarcmd (id, feature_id, actuator_type_id, description, range_min, range_max) VALUES (378, 378, 2, NULL, 0, 100);
INSERT INTO device (id, protocol_id, identifier, device_name) VALUES (412, 80, "10011", "Satisfyer Heat Climax+");
INSERT INTO device_feature (id, device_id) VALUES (379, 412);
INSERT INTO feature_scalarcmd (id, feature_id, actuator_type_id, description, range_min, range_max) VALUES (379, 379, 2, NULL, 0, 100);
INSERT INTO device_feature (id, device_id) VALUES (380, 412);
INSERT INTO feature_scalarcmd (id, feature_id, actuator_type_id, description, range_min, range_max) VALUES (380, 380, 2, NULL, 0, 100);
INSERT INTO device (id, protocol_id, identifier, device_name) VALUES (413, 80, "10208", "Satisfyer Booty Absolute Beginners 5");
INSERT INTO device (id, protocol_id, identifier, device_name) VALUES (414, 80, "10199", "Satisfyer Tropical Tip");
INSERT INTO device (id, protocol_id, identifier, device_name) VALUES (415, 80, "10156", "Satisfyer Twirling Joy");
INSERT INTO device (id, protocol_id, identifier, device_name) VALUES (416, 80, "10164", "Satisfyer Double Lust");
INSERT INTO device_feature (id, device_id) VALUES (381, 416);
INSERT INTO feature_scalarcmd (id, feature_id, actuator_type_id, description, range_min, range_max) VALUES (381, 381, 2, NULL, 0, 100);
INSERT INTO device_feature (id, device_id) VALUES (382, 416);
INSERT INTO feature_scalarcmd (id, feature_id, actuator_type_id, description, range_min, range_max) VALUES (382, 382, 2, NULL, 0, 100);
INSERT INTO device (id, protocol_id, identifier, device_name) VALUES (417, 80, "10103", "Satisfyer Plug-ilicious 2");
INSERT INTO device_feature (id, device_id) VALUES (383, 417);
INSERT INTO feature_scalarcmd (id, feature_id, actuator_type_id, description, range_min, range_max) VALUES (383, 383, 2, NULL, 0, 100);
INSERT INTO device_feature (id, device_id) VALUES (384, 417);
INSERT INTO feature_scalarcmd (id, feature_id, actuator_type_id, description, range_min, range_max) VALUES (384, 384, 2, NULL, 0, 100);
INSERT INTO device (id, protocol_id, identifier, device_name) VALUES (418, 80, "10141", "Satisfyer Power Plug");
INSERT INTO device (id, protocol_id, identifier, device_name) VALUES (419, 80, "10148", "Satisfyer Sweet Seal");
INSERT INTO device (id, protocol_id, identifier, device_name) VALUES (420, 80, "10046", "Satisfyer Double Joy");
INSERT INTO device_feature (id, device_id) VALUES (385, 420);
INSERT INTO feature_scalarcmd (id, feature_id, actuator_type_id, description, range_min, range_max) VALUES (385, 385, 2, NULL, 0, 100);
INSERT INTO device_feature (id, device_id) VALUES (386, 420);
INSERT INTO feature_scalarcmd (id, feature_id, actuator_type_id, description, range_min, range_max) VALUES (386, 386, 2, NULL, 0, 100);
INSERT INTO device (id, protocol_id, identifier, device_name) VALUES (421, 80, "10131", "Satisfyer Shiny Petal");
INSERT INTO device (id, protocol_id, identifier, device_name) VALUES (422, 80, "10168", "Satisfyer Pleasure Wand+");
INSERT INTO device (id, protocol_id, identifier, device_name) VALUES (423, 80, "10188", "Satisfyer Air Pump Bunny 5+");
INSERT INTO device_feature (id, device_id) VALUES (387, 423);
INSERT INTO feature_scalarcmd (id, feature_id, actuator_type_id, description, range_min, range_max) VALUES (387, 387, 2, NULL, 0, 100);
INSERT INTO device_feature (id, device_id) VALUES (388, 423);
INSERT INTO feature_scalarcmd (id, feature_id, actuator_type_id, description, range_min, range_max) VALUES (388, 388, 2, NULL, 0, 100);
INSERT INTO device (id, protocol_id, identifier, device_name) VALUES (424, 80, "10062", "Satisfyer Mono Flex");
INSERT INTO device_feature (id, device_id) VALUES (389, 424);
INSERT INTO feature_scalarcmd (id, feature_id, actuator_type_id, description, range_min, range_max) VALUES (389, 389, 2, NULL, 0, 100);
INSERT INTO device_feature (id, device_id) VALUES (390, 424);
INSERT INTO feature_scalarcmd (id, feature_id, actuator_type_id, description, range_min, range_max) VALUES (390, 390, 2, NULL, 0, 100);
INSERT INTO device (id, protocol_id, identifier, device_name) VALUES (425, 80, "10180", "Satisfyer Curvy Trinity 5+");
INSERT INTO device_feature (id, device_id) VALUES (391, 425);
INSERT INTO feature_scalarcmd (id, feature_id, actuator_type_id, description, range_min, range_max) VALUES (391, 391, 2, NULL, 0, 100);
INSERT INTO device_feature (id, device_id) VALUES (392, 425);
INSERT INTO feature_scalarcmd (id, feature_id, actuator_type_id, description, range_min, range_max) VALUES (392, 392, 2, NULL, 0, 100);
INSERT INTO device (id, protocol_id, identifier, device_name) VALUES (426, 80, "10077", "Satisfyer Royal One");
INSERT INTO device (id, protocol_id, identifier, device_name) VALUES (427, 80, "10069", "Satisfyer Heat Wave");
INSERT INTO device_feature (id, device_id) VALUES (393, 427);
INSERT INTO feature_scalarcmd (id, feature_id, actuator_type_id, description, range_min, range_max) VALUES (393, 393, 2, NULL, 0, 100);
INSERT INTO device_feature (id, device_id) VALUES (394, 427);
INSERT INTO feature_scalarcmd (id, feature_id, actuator_type_id, description, range_min, range_max) VALUES (394, 394, 2, NULL, 0, 100);
INSERT INTO device (id, protocol_id, identifier, device_name) VALUES (428, 80, "10149", "Satisfyer Sweet Seal");
INSERT INTO device (id, protocol_id, identifier, device_name) VALUES (429, 80, "10110", "Satisfyer E-Love G-Spotter");
INSERT INTO device_feature (id, device_id) VALUES (395, 429);
INSERT INTO feature_scalarcmd (id, feature_id, actuator_type_id, description, range_min, range_max) VALUES (395, 395, 2, NULL, 0, 100);
INSERT INTO device (id, protocol_id, identifier, device_name) VALUES (430, 80, "10169", "Satisfyer Top Secret");
INSERT INTO device_feature (id, device_id) VALUES (396, 430);
INSERT INTO feature_scalarcmd (id, feature_id, actuator_type_id, description, range_min, range_max) VALUES (396, 396, 2, NULL, 0, 100);
INSERT INTO device_feature (id, device_id) VALUES (397, 430);
INSERT INTO feature_scalarcmd (id, feature_id, actuator_type_id, description, range_min, range_max) VALUES (397, 397, 2, NULL, 0, 100);
INSERT INTO device (id, protocol_id, identifier, device_name) VALUES (431, 80, "10066", "Satisfyer Double Flex");
INSERT INTO device_feature (id, device_id) VALUES (398, 431);
INSERT INTO feature_scalarcmd (id, feature_id, actuator_type_id, description, range_min, range_max) VALUES (398, 398, 2, NULL, 0, 100);
INSERT INTO device_feature (id, device_id) VALUES (399, 431);
INSERT INTO feature_scalarcmd (id, feature_id, actuator_type_id, description, range_min, range_max) VALUES (399, 399, 2, NULL, 0, 100);
INSERT INTO device_feature (id, device_id) VALUES (400, 431);
INSERT INTO feature_scalarcmd (id, feature_id, actuator_type_id, description, range_min, range_max) VALUES (400, 400, 2, NULL, 0, 100);
INSERT INTO device (id, protocol_id, identifier, device_name) VALUES (432, 80, "10184", "Satisfyer Intensity Plug");
INSERT INTO device (id, protocol_id, identifier, device_name) VALUES (433, 80, "10129", "Satisfyer Ribbed Petal");
INSERT INTO device (id, protocol_id, identifier, device_name) VALUES (434, 80, "10241", "Satisfyer Rrrolling Sensation");
INSERT INTO device_feature (id, device_id) VALUES (401, 434);
INSERT INTO feature_scalarcmd (id, feature_id, actuator_type_id, description, range_min, range_max) VALUES (401, 401, 2, NULL, 0, 100);
INSERT INTO device_feature (id, device_id) VALUES (402, 434);
INSERT INTO feature_scalarcmd (id, feature_id, actuator_type_id, description, range_min, range_max) VALUES (402, 402, 2, NULL, 0, 100);
INSERT INTO device (id, protocol_id, identifier, device_name) VALUES (435, 80, "10012", "Satisfyer Hot Passion");
INSERT INTO device_feature (id, device_id) VALUES (403, 435);
INSERT INTO feature_scalarcmd (id, feature_id, actuator_type_id, description, range_min, range_max) VALUES (403, 403, 2, NULL, 0, 100);
INSERT INTO device (id, protocol_id, identifier, device_name) VALUES (436, 80, "10059", "Satisfyer Hot Lover");
INSERT INTO device_feature (id, device_id) VALUES (404, 436);
INSERT INTO feature_scalarcmd (id, feature_id, actuator_type_id, description, range_min, range_max) VALUES (404, 404, 2, NULL, 0, 100);
INSERT INTO device_feature (id, device_id) VALUES (405, 436);
INSERT INTO feature_scalarcmd (id, feature_id, actuator_type_id, description, range_min, range_max) VALUES (405, 405, 2, NULL, 0, 100);
