-- Your SQL goes here

PRAGMA foreign_keys = ON;

CREATE TABLE protocol (
  id INTEGER PRIMARY KEY,
  protocol_name TEXT NOT NULL UNIQUE,
  display_name TEXT NOT NULL
);

CREATE TABLE protocol_bluetooth_name (
  id INTEGER PRIMARY KEY,
  protocol_id INTEGER,
  bluetooth_name TEXT,
  FOREIGN KEY(protocol_id)
    REFERENCES protocol (id)
      ON DELETE CASCADE
      ON UPDATE NO ACTION
);

CREATE UNIQUE INDEX protocol_bluetooth_name_unique ON protocol_bluetooth_name(protocol_id, bluetooth_name);

CREATE TABLE protocol_bluetooth_manufacturer_data (
  id INTEGER PRIMARY KEY,
  protocol_id INTEGER,
  manufacturer_company INTEGER,
  manufacturer_data BLOB,
  FOREIGN KEY(protocol_id)
    REFERENCES protocol (id)
      ON DELETE CASCADE
      ON UPDATE NO ACTION
);

CREATE TABLE protocol_bluetooth_prefix (
  id INTEGER PRIMARY KEY,
  protocol_id INTEGER,
  prefix VARCHAR(255),
  FOREIGN KEY(protocol_id)
    REFERENCES protocol (id)
      ON DELETE CASCADE
      ON UPDATE NO ACTION 
);

CREATE UNIQUE INDEX protocol_bluetooth_prefix_unique ON protocol_bluetooth_prefix(protocol_id, prefix);

CREATE TABLE protocol_bluetooth_service (
  id INTEGER PRIMARY KEY,
  protocol_id INTEGER,
  service_uuid TEXT,
  FOREIGN KEY(protocol_id)
    REFERENCES protocol (id)
      ON DELETE CASCADE
      ON UPDATE NO ACTION   
);

CREATE TABLE protocol_bluetooth_characteristic (
  id INTEGER PRIMARY KEY,
  service_id INTEGER,
  endpoint TEXT,
  characteristic_uuid TEXT,
  FOREIGN KEY(service_id)
    REFERENCES protocol_bluetooth_service (id)
      ON DELETE CASCADE
      ON UPDATE NO ACTION
);

CREATE TABLE protocol_xinput (
  protocol_id INTEGER PRIMARY KEY,
  FOREIGN KEY(protocol_id)
    REFERENCES protocol (id)
      ON DELETE CASCADE
      ON UPDATE NO ACTION
);

-- If protocol are in this table, it just means they are *capable* of serial use.
CREATE TABLE protocol_serial (
  protocol_id INTEGER PRIMARY KEY,
  FOREIGN KEY(protocol_id)
    REFERENCES protocol (id)
      ON DELETE CASCADE
      ON UPDATE NO ACTION
);

CREATE TABLE protocol_hid (
  protocol_id INTEGER,
  hid_vendor_id INTEGER,
  hid_product_id INTEGER,
  PRIMARY KEY(protocol_id, hid_vendor_id, hid_product_id),
  FOREIGN KEY(protocol_id)
    REFERENCES protocol (id)
      ON DELETE CASCADE
      ON UPDATE NO ACTION
);

CREATE TABLE protocol_usb (
  protocol_id INTEGER,
  usb_vendor_id INTEGER,
  usb_product_id INTEGER,
  PRIMARY KEY(protocol_id, usb_vendor_id, usb_product_id),
  FOREIGN KEY(protocol_id)
    REFERENCES protocol (id)
      ON DELETE CASCADE
      ON UPDATE NO ACTION
);

CREATE TABLE user_protocol_serial (
  protocol_id INTEGER,
  port TEXT UNIQUE,
  baud INTEGER,
  data_bits INTEGER,
  stop_bits INTEGER,
  parity TEXT,
  PRIMARY KEY(protocol_id, port),
  FOREIGN KEY(protocol_id)
    REFERENCES protocol (id)
      ON DELETE CASCADE
      ON UPDATE NO ACTION
);

CREATE TABLE user_protocol_websocket_name (
  id INTEGER PRIMARY KEY,
  protocol_id INTEGER,
  device_name TEXT,
  FOREIGN KEY(protocol_id)
    REFERENCES protocol (id)
      ON DELETE CASCADE
      ON UPDATE NO ACTION
);

CREATE TABLE user_protocol_websocket_prefix (
  id INTEGER PRIMARY KEY,
  protocol_id INTEGER,
  device_name TEXT,
  FOREIGN KEY(protocol_id)
    REFERENCES protocol (id)
      ON DELETE CASCADE
      ON UPDATE NO ACTION
);

CREATE TABLE device (
  id INTEGER PRIMARY KEY,
  protocol_id INTEGER,
  identifier TEXT,
  device_name TEXT NOT NULL,
  FOREIGN KEY(protocol_id)
    REFERENCES protocol (id)
      ON DELETE CASCADE
      ON UPDATE NO ACTION
);

CREATE UNIQUE INDEX device_protocol_identifier_index ON device (protocol_id, identifier);

CREATE TABLE device_feature (
  id INTEGER PRIMARY KEY,
  device_id INTEGER,
  descriptor TEXT,
  FOREIGN KEY(device_id)
    REFERENCES device (id)
      ON DELETE CASCADE
      ON UPDATE NO ACTION
);

CREATE TABLE actuator_type (
  id INTEGER PRIMARY KEY,
  actuator_type TEXT
);

CREATE TABLE sensor_type (
  id INTEGER PRIMARY KEY,
  sensor_type TEXT
);

CREATE TABLE feature_scalarcmd (
  id INTEGER PRIMARY KEY,
  feature_id INTEGER,
  actuator_type_id INTEGER,
  description TEXT,
  range_min INTEGER,
  range_max INTEGER,
  FOREIGN KEY(feature_id)
    REFERENCES device_feature (id)
      ON DELETE CASCADE
      ON UPDATE NO ACTION
);

CREATE TABLE feature_rotatecmd (
  id INTEGER PRIMARY KEY,
  feature_id INTEGER,
  description TEXT,
  range_min INTEGER,
  range_max INTEGER,
  FOREIGN KEY(feature_id)
    REFERENCES device_feature (id)
      ON DELETE CASCADE
      ON UPDATE NO ACTION
);

CREATE TABLE feature_linearcmd (
  id INTEGER PRIMARY KEY,
  feature_id INTEGER,
  description TEXT,
  range_min INTEGER,
  range_max INTEGER,
  FOREIGN KEY(feature_id)
    REFERENCES device_feature (id)
      ON DELETE CASCADE
      ON UPDATE NO ACTION
);

CREATE TABLE feature_sensorcmd (
  id INTEGER PRIMARY KEY,
  feature_id INTEGER,
  sensor_type_id INTEGER,
  escription TEXT,
  range_min INTEGER,
  range_max INTEGER,
  readable INTEGER CHECK (readable IN (0, 1)),
  writable INTEGER CHECK (writable IN (0, 1)),
  FOREIGN KEY(sensor_type_id)
    REFERENCES sensor_type (id)
      ON DELETE CASCADE
      ON UPDATE NO ACTION,
  FOREIGN KEY(feature_id)
    REFERENCES device_feature (id)
      ON DELETE CASCADE
      ON UPDATE NO ACTION
);
INSERT INTO protocol (id, protocol_name, display_name) VALUES (1, "sensee", "sensee");
INSERT INTO protocol_bluetooth_name (protocol_id, bluetooth_name) VALUES (1, "CTY222S4");
INSERT INTO protocol_bluetooth_service (id, protocol_id, service_uuid) VALUES (1, 1, "0000fff0-0000-1000-8000-00805f9b34fb");
INSERT INTO protocol_bluetooth_characteristic (id, service_id, endpoint, characteristic_uuid) VALUES (1, 1, "tx", "0000fff5-0000-1000-8000-00805f9b34fb");
INSERT INTO device (id, protocol_id, identifier, device_name) VALUES (1, 1, NULL, "Sensee Diandou Rabbit");
INSERT INTO device_feature (id, device_id) VALUES (1, 1);
INSERT INTO feature_scalarcmd (id, feature_id, actuator_type_id, description, range_min, range_max) VALUES (1, 1, 1, NULL, 0, 100);
INSERT INTO protocol (id, protocol_name, display_name) VALUES (2, "kiiroo-v21-initialized", "kiiroo-v21-initialized");
INSERT INTO protocol_bluetooth_name (protocol_id, bluetooth_name) VALUES (2, "Onyx2.1");
INSERT INTO protocol_bluetooth_name (protocol_id, bluetooth_name) VALUES (2, "Rey");
INSERT INTO protocol_bluetooth_name (protocol_id, bluetooth_name) VALUES (2, "Keon R2");
INSERT INTO protocol_bluetooth_name (protocol_id, bluetooth_name) VALUES (2, "We-Vibe Rocketman");
INSERT INTO protocol_bluetooth_name (protocol_id, bluetooth_name) VALUES (2, "Onyx+");
INSERT INTO protocol_bluetooth_name (protocol_id, bluetooth_name) VALUES (2, "KEON");
INSERT INTO protocol_bluetooth_service (id, protocol_id, service_uuid) VALUES (3, 2, "00001900-0000-1000-8000-00805f9b34fb");
INSERT INTO protocol_bluetooth_characteristic (id, service_id, endpoint, characteristic_uuid) VALUES (2, 3, "tx", "00001902-0000-1000-8000-00805f9b34fb");
INSERT INTO protocol_bluetooth_characteristic (id, service_id, endpoint, characteristic_uuid) VALUES (3, 3, "whitelist", "00001901-0000-1000-8000-00805f9b34fb");
INSERT INTO protocol_bluetooth_characteristic (id, service_id, endpoint, characteristic_uuid) VALUES (4, 3, "rx", "00001903-0000-1000-8000-00805f9b34fb");
INSERT INTO device (id, protocol_id, identifier, device_name) VALUES (2, 2, "We-Vibe Rocketman", "Kiiroo Onyx+ Realm Edition");
INSERT INTO device (id, protocol_id, identifier, device_name) VALUES (3, 2, "Rey", "Kiiroo Onyx+ Realm Edition");
INSERT INTO device (id, protocol_id, identifier, device_name) VALUES (4, 2, NULL, "Kiiroo V2.1 Initialized Device");
INSERT INTO device (id, protocol_id, identifier, device_name) VALUES (5, 2, "KEON", "Kiiroo Keon");
INSERT INTO device (id, protocol_id, identifier, device_name) VALUES (6, 2, "Onyx+", "Kiiroo Onyx+");
INSERT INTO device (id, protocol_id, identifier, device_name) VALUES (7, 2, "Onyx2.1", "Kiiroo Onyx 2.1");
INSERT INTO device (id, protocol_id, identifier, device_name) VALUES (8, 2, "Keon R2", "Kiiroo Keon");
INSERT INTO protocol (id, protocol_name, display_name) VALUES (3, "svakom-alex", "svakom-alex");
INSERT INTO protocol_bluetooth_name (protocol_id, bluetooth_name) VALUES (3, "Alex NEO");
INSERT INTO protocol_bluetooth_service (id, protocol_id, service_uuid) VALUES (5, 3, "0000ffe0-0000-1000-8000-00805f9b34fb");
INSERT INTO protocol_bluetooth_characteristic (id, service_id, endpoint, characteristic_uuid) VALUES (5, 5, "tx", "0000ffe1-0000-1000-8000-00805f9b34fb");
INSERT INTO device (id, protocol_id, identifier, device_name) VALUES (9, 3, NULL, "Svakom Alex Neo");
INSERT INTO device_feature (id, device_id) VALUES (2, 9);
INSERT INTO feature_scalarcmd (id, feature_id, actuator_type_id, description, range_min, range_max) VALUES (2, 2, 1, NULL, 0, 3);
INSERT INTO protocol (id, protocol_name, display_name) VALUES (4, "magic-motion-4", "magic-motion-4");
INSERT INTO protocol_bluetooth_name (protocol_id, bluetooth_name) VALUES (4, "Magic Lotos");
INSERT INTO protocol_bluetooth_name (protocol_id, bluetooth_name) VALUES (4, "bobi2");
INSERT INTO protocol_bluetooth_name (protocol_id, bluetooth_name) VALUES (4, "Magic Sundi");
INSERT INTO protocol_bluetooth_name (protocol_id, bluetooth_name) VALUES (4, "funone");
INSERT INTO protocol_bluetooth_name (protocol_id, bluetooth_name) VALUES (4, "Kegel Coach");
INSERT INTO protocol_bluetooth_name (protocol_id, bluetooth_name) VALUES (4, "nyx");
INSERT INTO protocol_bluetooth_name (protocol_id, bluetooth_name) VALUES (4, "umi");
INSERT INTO protocol_bluetooth_name (protocol_id, bluetooth_name) VALUES (4, "funkegel");
INSERT INTO protocol_bluetooth_service (id, protocol_id, service_uuid) VALUES (7, 4, "0000180f-0000-1000-8000-00805f9b34fb");
INSERT INTO protocol_bluetooth_characteristic (id, service_id, endpoint, characteristic_uuid) VALUES (6, 7, "rxblebattery", "00002a19-0000-1000-8000-00805f9b34fb");
INSERT INTO protocol_bluetooth_service (id, protocol_id, service_uuid) VALUES (8, 4, "78667579-7b48-43db-b8c5-7928a6b0a335");
INSERT INTO protocol_bluetooth_characteristic (id, service_id, endpoint, characteristic_uuid) VALUES (7, 8, "tx", "78667579-a914-49a4-8333-aa3c0cd8fedc");
INSERT INTO device (id, protocol_id, identifier, device_name) VALUES (10, 4, "Kegel Coach", "MagicMotion Kegel Coach");
INSERT INTO device (id, protocol_id, identifier, device_name) VALUES (11, 4, "Magic Lotos", "MagicMotion Lotos");
INSERT INTO device (id, protocol_id, identifier, device_name) VALUES (12, 4, NULL, "Magic Motion V4 Device");
INSERT INTO device_feature (id, device_id) VALUES (3, 12);
INSERT INTO feature_scalarcmd (id, feature_id, actuator_type_id, description, range_min, range_max) VALUES (3, 3, 1, NULL, 0, 100);
INSERT INTO device (id, protocol_id, identifier, device_name) VALUES (13, 4, "Magic Sundi", "MagicMotion Sundae");
INSERT INTO device (id, protocol_id, identifier, device_name) VALUES (14, 4, "funkegel", "MagicMotion Crystal");
INSERT INTO device (id, protocol_id, identifier, device_name) VALUES (15, 4, "umi", "MagicMotion Umi");
INSERT INTO device_feature (id, device_id) VALUES (4, 15);
INSERT INTO feature_scalarcmd (id, feature_id, actuator_type_id, description, range_min, range_max) VALUES (4, 4, 1, NULL, 0, 100);
INSERT INTO device_feature (id, device_id) VALUES (5, 15);
INSERT INTO feature_scalarcmd (id, feature_id, actuator_type_id, description, range_min, range_max) VALUES (5, 5, 1, NULL, 0, 100);
INSERT INTO device (id, protocol_id, identifier, device_name) VALUES (16, 4, "funone", "MagicMotion Bunny");
INSERT INTO device (id, protocol_id, identifier, device_name) VALUES (17, 4, "nyx", "MagicMotion Nyx");
INSERT INTO device (id, protocol_id, identifier, device_name) VALUES (18, 4, "bobi2", "MagicMotion Bobi");
INSERT INTO device_feature (id, device_id) VALUES (6, 18);
INSERT INTO feature_scalarcmd (id, feature_id, actuator_type_id, description, range_min, range_max) VALUES (6, 6, 1, NULL, 0, 100);
INSERT INTO device_feature (id, device_id) VALUES (7, 18);
INSERT INTO feature_scalarcmd (id, feature_id, actuator_type_id, description, range_min, range_max) VALUES (7, 7, 1, NULL, 0, 100);
INSERT INTO protocol (id, protocol_name, display_name) VALUES (5, "wetoy", "wetoy");
INSERT INTO protocol_bluetooth_name (protocol_id, bluetooth_name) VALUES (5, "WeToy");
INSERT INTO protocol_bluetooth_service (id, protocol_id, service_uuid) VALUES (10, 5, "0000fff0-0000-1000-8000-00805f9b34fb");
INSERT INTO protocol_bluetooth_characteristic (id, service_id, endpoint, characteristic_uuid) VALUES (8, 10, "tx", "0000fff3-0000-1000-8000-00805f9b34fb");
INSERT INTO device (id, protocol_id, identifier, device_name) VALUES (19, 5, NULL, "WeToy MiNa");
INSERT INTO device_feature (id, device_id) VALUES (8, 19);
INSERT INTO feature_scalarcmd (id, feature_id, actuator_type_id, description, range_min, range_max) VALUES (8, 8, 1, NULL, 0, 3);
INSERT INTO protocol (id, protocol_name, display_name) VALUES (6, "tryfun", "tryfun");
INSERT INTO protocol_bluetooth_name (protocol_id, bluetooth_name) VALUES (6, "TRYFUN-ONE");
INSERT INTO protocol_bluetooth_service (id, protocol_id, service_uuid) VALUES (12, 6, "0000ff10-0000-1000-8000-00805f9b34fb");
INSERT INTO protocol_bluetooth_characteristic (id, service_id, endpoint, characteristic_uuid) VALUES (9, 12, "tx", "0000fff1-0000-1000-8000-00805f9b34fb");
INSERT INTO device (id, protocol_id, identifier, device_name) VALUES (20, 6, NULL, "TryFun Yuan Series");
INSERT INTO device_feature (id, device_id) VALUES (9, 20);
INSERT INTO feature_scalarcmd (id, feature_id, actuator_type_id, description, range_min, range_max) VALUES (9, 9, 1, NULL, 0, 9);
INSERT INTO device_feature (id, device_id) VALUES (10, 20);
INSERT INTO feature_scalarcmd (id, feature_id, actuator_type_id, description, range_min, range_max) VALUES (10, 10, 1, NULL, 0, 9);
INSERT INTO protocol (id, protocol_name, display_name) VALUES (7, "kiiroo-v1", "kiiroo-v1");
INSERT INTO protocol_bluetooth_name (protocol_id, bluetooth_name) VALUES (7, "ONYX");
INSERT INTO protocol_bluetooth_name (protocol_id, bluetooth_name) VALUES (7, "PEARL");
INSERT INTO protocol_bluetooth_service (id, protocol_id, service_uuid) VALUES (14, 7, "49535343-fe7d-4ae5-8fa9-9fafd205e455");
INSERT INTO protocol_bluetooth_characteristic (id, service_id, endpoint, characteristic_uuid) VALUES (10, 14, "tx", "49535343-8841-43f4-a8d4-ecbe34729bb3");
INSERT INTO protocol_bluetooth_characteristic (id, service_id, endpoint, characteristic_uuid) VALUES (11, 14, "rx", "49535343-1e4d-4bd9-ba61-23c647249616");
INSERT INTO protocol_bluetooth_characteristic (id, service_id, endpoint, characteristic_uuid) VALUES (12, 14, "command", "49535343-aca3-481c-91ec-d85e28a60318");
INSERT INTO device (id, protocol_id, identifier, device_name) VALUES (21, 7, "PEARL", "Kiiroo Pearl");
INSERT INTO device_feature (id, device_id) VALUES (11, 21);
INSERT INTO feature_scalarcmd (id, feature_id, actuator_type_id, description, range_min, range_max) VALUES (11, 11, 1, NULL, 0, 4);
INSERT INTO device (id, protocol_id, identifier, device_name) VALUES (22, 7, "ONYX", "Kiiroo Onyx");
INSERT INTO device (id, protocol_id, identifier, device_name) VALUES (23, 7, NULL, "Kiiroo V1 Device");
INSERT INTO protocol (id, protocol_name, display_name) VALUES (8, "htk_bm", "htk_bm");
INSERT INTO protocol_bluetooth_name (protocol_id, bluetooth_name) VALUES (8, "HTK-BLE-BM001");
INSERT INTO protocol_bluetooth_service (id, protocol_id, service_uuid) VALUES (16, 8, "00001802-0000-1000-8000-00805f9b34fb");
INSERT INTO protocol_bluetooth_characteristic (id, service_id, endpoint, characteristic_uuid) VALUES (13, 16, "tx", "00002a06-0000-1000-8000-00805f9b34fb");
INSERT INTO protocol_bluetooth_service (id, protocol_id, service_uuid) VALUES (17, 8, "0000180f-0000-1000-8000-00805f9b34fb");
INSERT INTO protocol_bluetooth_characteristic (id, service_id, endpoint, characteristic_uuid) VALUES (14, 17, "rxblebattery", "00002a19-0000-1000-8000-00805f9b34fb");
INSERT INTO device (id, protocol_id, identifier, device_name) VALUES (24, 8, NULL, "HTK Breast Massager");
INSERT INTO device_feature (id, device_id) VALUES (12, 24);
INSERT INTO feature_scalarcmd (id, feature_id, actuator_type_id, description, range_min, range_max) VALUES (12, 12, 1, NULL, 0, 1);
INSERT INTO device_feature (id, device_id) VALUES (13, 24);
INSERT INTO feature_scalarcmd (id, feature_id, actuator_type_id, description, range_min, range_max) VALUES (13, 13, 1, NULL, 0, 1);
INSERT INTO protocol (id, protocol_name, display_name) VALUES (9, "sakuraneko", "sakuraneko");
INSERT INTO protocol_bluetooth_name (protocol_id, bluetooth_name) VALUES (9, "sakuraneko-02");
INSERT INTO protocol_bluetooth_name (protocol_id, bluetooth_name) VALUES (9, "sakuraneko-04");
INSERT INTO protocol_bluetooth_name (protocol_id, bluetooth_name) VALUES (9, "sakuraneko-01");
INSERT INTO protocol_bluetooth_name (protocol_id, bluetooth_name) VALUES (9, "sakuraneko-03");
INSERT INTO protocol_bluetooth_service (id, protocol_id, service_uuid) VALUES (19, 9, "0000ffe0-0000-1000-8000-00805f9b34fb");
INSERT INTO protocol_bluetooth_characteristic (id, service_id, endpoint, characteristic_uuid) VALUES (15, 19, "tx", "0000ffe1-0000-1000-8000-00805f9b34fb");
INSERT INTO device (id, protocol_id, identifier, device_name) VALUES (25, 9, NULL, "Sakuraneko Device");
INSERT INTO device_feature (id, device_id) VALUES (14, 25);
INSERT INTO feature_scalarcmd (id, feature_id, actuator_type_id, description, range_min, range_max) VALUES (14, 14, 1, NULL, 0, 100);
INSERT INTO device (id, protocol_id, identifier, device_name) VALUES (26, 9, "sakuraneko-04", "Sakuraneko Koikoi");
INSERT INTO device_feature (id, device_id) VALUES (15, 26);
INSERT INTO feature_scalarcmd (id, feature_id, actuator_type_id, description, range_min, range_max) VALUES (15, 15, 1, NULL, 0, 100);
INSERT INTO device_feature (id, device_id) VALUES (16, 26);
INSERT INTO feature_scalarcmd (id, feature_id, actuator_type_id, description, range_min, range_max) VALUES (16, 16, 1, NULL, 0, 100);
INSERT INTO device (id, protocol_id, identifier, device_name) VALUES (27, 9, "sakuraneko-01", "Sakuraneko Korokoro");
INSERT INTO device (id, protocol_id, identifier, device_name) VALUES (28, 9, "sakuraneko-02", "Sakuraneko Nukunuku");
INSERT INTO device (id, protocol_id, identifier, device_name) VALUES (29, 9, "sakuraneko-03", "Sakuraneko Dokidoki");
INSERT INTO protocol (id, protocol_name, display_name) VALUES (10, "xinput", "xinput");
INSERT INTO device (id, protocol_id, identifier, device_name) VALUES (30, 10, NULL, "XBox (XInput) Compatible Gamepad");
INSERT INTO device_feature (id, device_id) VALUES (17, 30);
INSERT INTO feature_scalarcmd (id, feature_id, actuator_type_id, description, range_min, range_max) VALUES (17, 17, 1, NULL, 0, 65535);
INSERT INTO device_feature (id, device_id) VALUES (18, 30);
INSERT INTO feature_scalarcmd (id, feature_id, actuator_type_id, description, range_min, range_max) VALUES (18, 18, 1, NULL, 0, 65535);
INSERT INTO protocol (id, protocol_name, display_name) VALUES (11, "pink_punch", "pink_punch");
INSERT INTO protocol_bluetooth_name (protocol_id, bluetooth_name) VALUES (11, "Pink_Punch");
INSERT INTO protocol_bluetooth_service (id, protocol_id, service_uuid) VALUES (21, 11, "0000ffe0-0000-1000-8000-00805f9b34fb");
INSERT INTO protocol_bluetooth_characteristic (id, service_id, endpoint, characteristic_uuid) VALUES (16, 21, "tx", "0000ffe1-0000-1000-8000-00805f9b34fb");
INSERT INTO device (id, protocol_id, identifier, device_name) VALUES (31, 11, NULL, "Pink Punch Sunset Mushroom");
INSERT INTO device_feature (id, device_id) VALUES (19, 31);
INSERT INTO feature_scalarcmd (id, feature_id, actuator_type_id, description, range_min, range_max) VALUES (19, 19, 1, NULL, 0, 100);
INSERT INTO protocol (id, protocol_name, display_name) VALUES (12, "kiiroo-v2", "kiiroo-v2");
INSERT INTO protocol_bluetooth_name (protocol_id, bluetooth_name) VALUES (12, "Onyx2");
INSERT INTO protocol_bluetooth_name (protocol_id, bluetooth_name) VALUES (12, "Launch");
INSERT INTO protocol_bluetooth_service (id, protocol_id, service_uuid) VALUES (23, 12, "f60402a6-0293-4bdb-9f20-6758133f7090");
INSERT INTO protocol_bluetooth_characteristic (id, service_id, endpoint, characteristic_uuid) VALUES (17, 23, "firmware", "c7b7a04b-2cc4-40ff-8b10-5d531d1161db");
INSERT INTO protocol_bluetooth_characteristic (id, service_id, endpoint, characteristic_uuid) VALUES (18, 23, "rx", "d44d0393-0731-43b3-a373-8fc70b1f3323");
INSERT INTO protocol_bluetooth_characteristic (id, service_id, endpoint, characteristic_uuid) VALUES (19, 23, "tx", "02962ac9-e86f-4094-989d-231d69995fc2");
INSERT INTO protocol_bluetooth_service (id, protocol_id, service_uuid) VALUES (24, 12, "88f80580-0000-01e6-aace-0002a5d5c51b");
INSERT INTO protocol_bluetooth_characteristic (id, service_id, endpoint, characteristic_uuid) VALUES (20, 24, "rx", "88f80582-0000-01e6-aace-0002a5d5c51b");
INSERT INTO protocol_bluetooth_characteristic (id, service_id, endpoint, characteristic_uuid) VALUES (21, 24, "firmware", "88f80583-0000-01e6-aace-0002a5d5c51b");
INSERT INTO protocol_bluetooth_characteristic (id, service_id, endpoint, characteristic_uuid) VALUES (22, 24, "tx", "88f80581-0000-01e6-aace-0002a5d5c51b");
INSERT INTO device (id, protocol_id, identifier, device_name) VALUES (32, 12, "Onyx2", "Kiiroo Onyx 2");
INSERT INTO device (id, protocol_id, identifier, device_name) VALUES (33, 12, "Launch", "Fleshlight Launch");
INSERT INTO device (id, protocol_id, identifier, device_name) VALUES (34, 12, NULL, "Kiiroo v2 Device");
INSERT INTO protocol (id, protocol_name, display_name) VALUES (13, "jejoue", "jejoue");
INSERT INTO protocol_bluetooth_name (protocol_id, bluetooth_name) VALUES (13, "Je Joue");
INSERT INTO protocol_bluetooth_service (id, protocol_id, service_uuid) VALUES (26, 13, "0000fff0-0000-1000-8000-00805f9b34fb");
INSERT INTO protocol_bluetooth_characteristic (id, service_id, endpoint, characteristic_uuid) VALUES (23, 26, "tx", "0000fff1-0000-1000-8000-00805f9b34fb");
INSERT INTO device (id, protocol_id, identifier, device_name) VALUES (35, 13, NULL, "Je Joue Device");
INSERT INTO device_feature (id, device_id) VALUES (20, 35);
INSERT INTO feature_scalarcmd (id, feature_id, actuator_type_id, description, range_min, range_max) VALUES (20, 20, 1, NULL, 0, 5);
INSERT INTO device_feature (id, device_id) VALUES (21, 35);
INSERT INTO feature_scalarcmd (id, feature_id, actuator_type_id, description, range_min, range_max) VALUES (21, 21, 1, NULL, 0, 5);
INSERT INTO protocol (id, protocol_name, display_name) VALUES (14, "motorbunny", "motorbunny");
INSERT INTO protocol_bluetooth_name (protocol_id, bluetooth_name) VALUES (14, "MB LINK 201");
INSERT INTO protocol_bluetooth_name (protocol_id, bluetooth_name) VALUES (14, "MB Controller");
INSERT INTO protocol_bluetooth_service (id, protocol_id, service_uuid) VALUES (28, 14, "0000fff0-0000-1000-8000-00805f9b34fb");
INSERT INTO protocol_bluetooth_characteristic (id, service_id, endpoint, characteristic_uuid) VALUES (24, 28, "tx", "0000fff6-0000-1000-8000-00805f9b34fb");
INSERT INTO device (id, protocol_id, identifier, device_name) VALUES (36, 14, "MB Controller", "Motorbunny Classic");
INSERT INTO device (id, protocol_id, identifier, device_name) VALUES (37, 14, "MB LINK 201", "Motorbunny Buck");
INSERT INTO device (id, protocol_id, identifier, device_name) VALUES (38, 14, NULL, "Motorbunny Device");
INSERT INTO device_feature (id, device_id) VALUES (22, 38);
INSERT INTO feature_scalarcmd (id, feature_id, actuator_type_id, description, range_min, range_max) VALUES (22, 22, 1, NULL, 0, 255);
INSERT INTO protocol (id, protocol_name, display_name) VALUES (15, "patoo", "patoo");
INSERT INTO protocol_bluetooth_prefix (protocol_id, prefix) VALUES (15, "PTVEA*");
INSERT INTO protocol_bluetooth_prefix (protocol_id, prefix) VALUES (15, "PBT*");
INSERT INTO protocol_bluetooth_prefix (protocol_id, prefix) VALUES (15, "PHT*");
INSERT INTO protocol_bluetooth_prefix (protocol_id, prefix) VALUES (15, "PCS*");
INSERT INTO protocol_bluetooth_service (id, protocol_id, service_uuid) VALUES (30, 15, "f000aa64-0451-4000-b000-000000000000");
INSERT INTO protocol_bluetooth_characteristic (id, service_id, endpoint, characteristic_uuid) VALUES (25, 30, "txmode", "f000aa65-0451-4000-b000-000000000000");
INSERT INTO protocol_bluetooth_characteristic (id, service_id, endpoint, characteristic_uuid) VALUES (26, 30, "tx", "f000aa68-0451-4000-b000-000000000000");
INSERT INTO device (id, protocol_id, identifier, device_name) VALUES (39, 15, "PTVEA", "Patoo Carrot");
INSERT INTO device (id, protocol_id, identifier, device_name) VALUES (40, 15, "PHT", "Patoo Bean Sprout");
INSERT INTO device (id, protocol_id, identifier, device_name) VALUES (41, 15, "PBT", "Patoo Devil");
INSERT INTO device_feature (id, device_id) VALUES (23, 41);
INSERT INTO feature_scalarcmd (id, feature_id, actuator_type_id, description, range_min, range_max) VALUES (23, 23, 1, NULL, 0, 100);
INSERT INTO device_feature (id, device_id) VALUES (24, 41);
INSERT INTO feature_scalarcmd (id, feature_id, actuator_type_id, description, range_min, range_max) VALUES (24, 24, 1, NULL, 0, 100);
INSERT INTO device (id, protocol_id, identifier, device_name) VALUES (42, 15, NULL, "Patoo Device");
INSERT INTO device_feature (id, device_id) VALUES (25, 42);
INSERT INTO feature_scalarcmd (id, feature_id, actuator_type_id, description, range_min, range_max) VALUES (25, 25, 1, NULL, 0, 100);
INSERT INTO device (id, protocol_id, identifier, device_name) VALUES (43, 15, "PCS", "Patoo Vibrator");
INSERT INTO protocol (id, protocol_name, display_name) VALUES (16, "sayberx", "sayberx");
INSERT INTO protocol_bluetooth_prefix (protocol_id, prefix) VALUES (16, "X-Ring *");
INSERT INTO protocol_bluetooth_name (protocol_id, bluetooth_name) VALUES (16, "SayberX");
INSERT INTO protocol_bluetooth_service (id, protocol_id, service_uuid) VALUES (32, 16, "0000fff0-0000-1000-8000-00805f9b34fb");
INSERT INTO protocol_bluetooth_characteristic (id, service_id, endpoint, characteristic_uuid) VALUES (27, 32, "rx", "0000fff8-0000-1000-8000-00805f9b34fb");
INSERT INTO protocol_bluetooth_characteristic (id, service_id, endpoint, characteristic_uuid) VALUES (28, 32, "tx", "0000fff6-0000-1000-8000-00805f9b34fb");
INSERT INTO device (id, protocol_id, identifier, device_name) VALUES (44, 16, "SayberX", "SayberX");
INSERT INTO device_feature (id, device_id) VALUES (26, 44);
INSERT INTO feature_scalarcmd (id, feature_id, actuator_type_id, description, range_min, range_max) VALUES (26, 26, 1, NULL, 0, 4);
INSERT INTO device (id, protocol_id, identifier, device_name) VALUES (45, 16, "X-Ring", "Sayber X-Ring");
INSERT INTO device (id, protocol_id, identifier, device_name) VALUES (46, 16, NULL, "SayberX Device");
INSERT INTO protocol (id, protocol_name, display_name) VALUES (17, "ankni", "ankni");
INSERT INTO protocol_bluetooth_name (protocol_id, bluetooth_name) VALUES (17, "DSJM");
INSERT INTO protocol_bluetooth_service (id, protocol_id, service_uuid) VALUES (34, 17, "0000180a-0000-1000-8000-00805f9b34fb");
INSERT INTO protocol_bluetooth_characteristic (id, service_id, endpoint, characteristic_uuid) VALUES (29, 34, "generic0", "00002a50-0000-1000-8000-00805f9b34fb");
INSERT INTO protocol_bluetooth_service (id, protocol_id, service_uuid) VALUES (35, 17, "0000fe00-0000-1000-8000-00805f9b34fb");
INSERT INTO protocol_bluetooth_characteristic (id, service_id, endpoint, characteristic_uuid) VALUES (30, 35, "tx", "0000fe01-0000-1000-8000-00805f9b34fb");
INSERT INTO protocol_bluetooth_characteristic (id, service_id, endpoint, characteristic_uuid) VALUES (31, 35, "rx", "0000fe02-0000-1000-8000-00805f9b34fb");
INSERT INTO protocol_bluetooth_service (id, protocol_id, service_uuid) VALUES (36, 17, "0000fffe-0000-1000-8000-00805f9b34fb");
INSERT INTO protocol_bluetooth_characteristic (id, service_id, endpoint, characteristic_uuid) VALUES (32, 36, "tx", "0000fe01-0000-1000-8000-00805f9b34fb");
INSERT INTO protocol_bluetooth_characteristic (id, service_id, endpoint, characteristic_uuid) VALUES (33, 36, "rx", "0000fe02-0000-1000-8000-00805f9b34fb");
INSERT INTO device (id, protocol_id, identifier, device_name) VALUES (47, 17, NULL, "Roselex Device");
INSERT INTO device_feature (id, device_id) VALUES (27, 47);
INSERT INTO feature_scalarcmd (id, feature_id, actuator_type_id, description, range_min, range_max) VALUES (27, 27, 1, NULL, 0, 3);
INSERT INTO protocol (id, protocol_name, display_name) VALUES (18, "realtouch", "realtouch");
INSERT INTO device (id, protocol_id, identifier, device_name) VALUES (48, 18, NULL, "RealTouch");
INSERT INTO protocol (id, protocol_name, display_name) VALUES (19, "wevibe-legacy", "wevibe-legacy");
INSERT INTO protocol_bluetooth_name (protocol_id, bluetooth_name) VALUES (19, "Interactive Massager");
INSERT INTO protocol_bluetooth_name (protocol_id, bluetooth_name) VALUES (19, "Reina");
INSERT INTO protocol_bluetooth_name (protocol_id, bluetooth_name) VALUES (19, "imassager");
INSERT INTO protocol_bluetooth_name (protocol_id, bluetooth_name) VALUES (19, "03");
INSERT INTO protocol_bluetooth_service (id, protocol_id, service_uuid) VALUES (38, 19, "f000bb03-0451-4000-b000-000000000000");
INSERT INTO protocol_bluetooth_characteristic (id, service_id, endpoint, characteristic_uuid) VALUES (34, 38, "tx", "f000c000-0451-4000-b000-000000000000");
INSERT INTO protocol_bluetooth_characteristic (id, service_id, endpoint, characteristic_uuid) VALUES (35, 38, "rx", "f000b000-0451-4000-b000-000000000000");
INSERT INTO device (id, protocol_id, identifier, device_name) VALUES (49, 19, NULL, "WeVibe Realm Reina");
INSERT INTO protocol (id, protocol_name, display_name) VALUES (20, "lelo-f1sv2", "lelo-f1sv2");
INSERT INTO protocol_bluetooth_name (protocol_id, bluetooth_name) VALUES (20, "F1SV2X");
INSERT INTO protocol_bluetooth_name (protocol_id, bluetooth_name) VALUES (20, "F1SV2A");
INSERT INTO protocol_bluetooth_service (id, protocol_id, service_uuid) VALUES (40, 20, "0000fff0-0000-1000-8000-00805f9b34fb");
INSERT INTO protocol_bluetooth_characteristic (id, service_id, endpoint, characteristic_uuid) VALUES (36, 40, "tx", "0000fff1-0000-1000-8000-00805f9b34fb");
INSERT INTO protocol_bluetooth_characteristic (id, service_id, endpoint, characteristic_uuid) VALUES (37, 40, "whitelist", "00000a10-0000-1000-8000-00805f9b34fb");
INSERT INTO protocol_bluetooth_characteristic (id, service_id, endpoint, characteristic_uuid) VALUES (38, 40, "rx", "00000a04-0000-1000-8000-00805f9b34fb");
INSERT INTO device (id, protocol_id, identifier, device_name) VALUES (50, 20, NULL, "Lelo F1s V2");
INSERT INTO device_feature (id, device_id) VALUES (28, 50);
INSERT INTO feature_scalarcmd (id, feature_id, actuator_type_id, description, range_min, range_max) VALUES (28, 28, 1, NULL, 0, 100);
INSERT INTO device_feature (id, device_id) VALUES (29, 50);
INSERT INTO feature_scalarcmd (id, feature_id, actuator_type_id, description, range_min, range_max) VALUES (29, 29, 1, NULL, 0, 100);
INSERT INTO protocol (id, protocol_name, display_name) VALUES (21, "maxpro", "maxpro");
INSERT INTO protocol_bluetooth_name (protocol_id, bluetooth_name) VALUES (21, "M2");
INSERT INTO protocol_bluetooth_service (id, protocol_id, service_uuid) VALUES (42, 21, "6e400001-b5a3-f393-e0a9-e50e24dcca9e");
INSERT INTO protocol_bluetooth_characteristic (id, service_id, endpoint, characteristic_uuid) VALUES (39, 42, "tx", "6e400002-b5a3-f393-e0a9-e50e24dcca9e");
INSERT INTO device (id, protocol_id, identifier, device_name) VALUES (51, 21, NULL, "MaxPro 2");
INSERT INTO device_feature (id, device_id) VALUES (30, 51);
INSERT INTO feature_scalarcmd (id, feature_id, actuator_type_id, description, range_min, range_max) VALUES (30, 30, 1, NULL, 0, 100);
INSERT INTO protocol (id, protocol_name, display_name) VALUES (22, "mannuo", "mannuo");
INSERT INTO protocol_bluetooth_name (protocol_id, bluetooth_name) VALUES (22, "MANO PRODUCT");
INSERT INTO protocol_bluetooth_name (protocol_id, bluetooth_name) VALUES (22, "Sex Toys");
INSERT INTO protocol_bluetooth_name (protocol_id, bluetooth_name) VALUES (22, "LXCDVP");
INSERT INTO protocol_bluetooth_name (protocol_id, bluetooth_name) VALUES (22, "Sex toys");
INSERT INTO protocol_bluetooth_service (id, protocol_id, service_uuid) VALUES (44, 22, "0000fff0-0000-1000-8000-00805f9b34fb");
INSERT INTO protocol_bluetooth_characteristic (id, service_id, endpoint, characteristic_uuid) VALUES (40, 44, "tx", "0000fff1-0000-1000-8000-00805f9b34fb");
INSERT INTO protocol_bluetooth_characteristic (id, service_id, endpoint, characteristic_uuid) VALUES (41, 44, "rx", "0000fff4-0000-1000-8000-00805f9b34fb");
INSERT INTO device (id, protocol_id, identifier, device_name) VALUES (52, 22, NULL, "ManNuo Device");
INSERT INTO device_feature (id, device_id) VALUES (31, 52);
INSERT INTO feature_scalarcmd (id, feature_id, actuator_type_id, description, range_min, range_max) VALUES (31, 31, 1, NULL, 0, 3);
INSERT INTO protocol (id, protocol_name, display_name) VALUES (23, "magic-motion-1", "magic-motion-1");
INSERT INTO protocol_bluetooth_name (protocol_id, bluetooth_name) VALUES (23, "Flamingo");
INSERT INTO protocol_bluetooth_name (protocol_id, bluetooth_name) VALUES (23, "Fugu");
INSERT INTO protocol_bluetooth_name (protocol_id, bluetooth_name) VALUES (23, "Smart Bean");
INSERT INTO protocol_bluetooth_name (protocol_id, bluetooth_name) VALUES (23, "Gballs2");
INSERT INTO protocol_bluetooth_name (protocol_id, bluetooth_name) VALUES (23, "Magic Cell");
INSERT INTO protocol_bluetooth_name (protocol_id, bluetooth_name) VALUES (23, "GBalls3");
INSERT INTO protocol_bluetooth_name (protocol_id, bluetooth_name) VALUES (23, "Magic Wand");
INSERT INTO protocol_bluetooth_prefix (protocol_id, prefix) VALUES (23, "Smart Mini Vibe*");
INSERT INTO protocol_bluetooth_name (protocol_id, bluetooth_name) VALUES (23, "FM-LILAC-101");
INSERT INTO protocol_bluetooth_service (id, protocol_id, service_uuid) VALUES (46, 23, "78667579-7b48-43db-b8c5-7928a6b0a335");
INSERT INTO protocol_bluetooth_characteristic (id, service_id, endpoint, characteristic_uuid) VALUES (42, 46, "tx", "78667579-a914-49a4-8333-aa3c0cd8fedc");
INSERT INTO protocol_bluetooth_service (id, protocol_id, service_uuid) VALUES (47, 23, "0000180f-0000-1000-8000-00805f9b34fb");
INSERT INTO protocol_bluetooth_characteristic (id, service_id, endpoint, characteristic_uuid) VALUES (43, 47, "rxblebattery", "00002a19-0000-1000-8000-00805f9b34fb");
INSERT INTO device (id, protocol_id, identifier, device_name) VALUES (53, 23, "FM-LILAC-101", "Femometer Lilac");
INSERT INTO device (id, protocol_id, identifier, device_name) VALUES (54, 23, "GBalls3", "G Vibe Gballs 3");
INSERT INTO device (id, protocol_id, identifier, device_name) VALUES (55, 23, "Gballs2", "G Vibe Gballs 2");
INSERT INTO device (id, protocol_id, identifier, device_name) VALUES (56, 23, "Magic Bean", "MagicMotion Kegel");
INSERT INTO device (id, protocol_id, identifier, device_name) VALUES (57, 23, "Smart Mini Vibe", "MagicMotion Smart Mini Vibe");
INSERT INTO device (id, protocol_id, identifier, device_name) VALUES (58, 23, NULL, "Magic Motion V1 Device");
INSERT INTO device_feature (id, device_id) VALUES (32, 58);
INSERT INTO feature_scalarcmd (id, feature_id, actuator_type_id, description, range_min, range_max) VALUES (32, 32, 1, NULL, 0, 100);
INSERT INTO device (id, protocol_id, identifier, device_name) VALUES (59, 23, "Smart Mini Vibe3", "MagicMotion Vini");
INSERT INTO device (id, protocol_id, identifier, device_name) VALUES (60, 23, "Magic Fugu", "MagicMotion Fugu");
INSERT INTO device (id, protocol_id, identifier, device_name) VALUES (61, 23, "Smart Bean", "MagicMotion Smart Bean");
INSERT INTO device (id, protocol_id, identifier, device_name) VALUES (62, 23, "Magic Cell", "MagicMotion Dante/Candy/Rise");
INSERT INTO device (id, protocol_id, identifier, device_name) VALUES (63, 23, "Magic Wand", "MagicMotion Wand");
INSERT INTO device (id, protocol_id, identifier, device_name) VALUES (64, 23, "Flamingo", "MagicMotion Flamingo");
INSERT INTO protocol (id, protocol_name, display_name) VALUES (24, "prettylove", "prettylove");
INSERT INTO protocol_bluetooth_prefix (protocol_id, prefix) VALUES (24, "Aogu BLE *");
INSERT INTO protocol_bluetooth_service (id, protocol_id, service_uuid) VALUES (49, 24, "0000ffe5-0000-1000-8000-00805f9b34fb");
INSERT INTO protocol_bluetooth_characteristic (id, service_id, endpoint, characteristic_uuid) VALUES (44, 49, "tx", "0000ffe9-0000-1000-8000-00805f9b34fb");
INSERT INTO protocol_bluetooth_characteristic (id, service_id, endpoint, characteristic_uuid) VALUES (45, 49, "rx", "0000ffe2-0000-1000-8000-00805f9b34fb");
INSERT INTO device (id, protocol_id, identifier, device_name) VALUES (65, 24, NULL, "Pretty Love Device");
INSERT INTO device_feature (id, device_id) VALUES (33, 65);
INSERT INTO feature_scalarcmd (id, feature_id, actuator_type_id, description, range_min, range_max) VALUES (33, 33, 1, NULL, 0, 3);
INSERT INTO protocol (id, protocol_name, display_name) VALUES (25, "picobong", "picobong");
INSERT INTO protocol_bluetooth_name (protocol_id, bluetooth_name) VALUES (25, "Picobong Butt Plug");
INSERT INTO protocol_bluetooth_name (protocol_id, bluetooth_name) VALUES (25, "Picobong Ring");
INSERT INTO protocol_bluetooth_name (protocol_id, bluetooth_name) VALUES (25, "Surfer_plug");
INSERT INTO protocol_bluetooth_name (protocol_id, bluetooth_name) VALUES (25, "Egg driver");
INSERT INTO protocol_bluetooth_name (protocol_id, bluetooth_name) VALUES (25, "Picobong Male Toy");
INSERT INTO protocol_bluetooth_name (protocol_id, bluetooth_name) VALUES (25, "Surfer");
INSERT INTO protocol_bluetooth_name (protocol_id, bluetooth_name) VALUES (25, "Blow hole");
INSERT INTO protocol_bluetooth_name (protocol_id, bluetooth_name) VALUES (25, "Diver");
INSERT INTO protocol_bluetooth_name (protocol_id, bluetooth_name) VALUES (25, "Picobong Egg");
INSERT INTO protocol_bluetooth_name (protocol_id, bluetooth_name) VALUES (25, "Life guard");
INSERT INTO protocol_bluetooth_service (id, protocol_id, service_uuid) VALUES (51, 25, "0000fff0-0000-1000-8000-00805f9b34fb");
INSERT INTO protocol_bluetooth_characteristic (id, service_id, endpoint, characteristic_uuid) VALUES (46, 51, "tx", "0000fff1-0000-1000-8000-00805f9b34fb");
INSERT INTO device (id, protocol_id, identifier, device_name) VALUES (66, 25, "Surfer", "Picobong Surfer");
INSERT INTO device (id, protocol_id, identifier, device_name) VALUES (67, 25, "Picobong Ring", "Picobong Life guard");
INSERT INTO device (id, protocol_id, identifier, device_name) VALUES (68, 25, "Picobong Egg", "Picobong Diver");
INSERT INTO device (id, protocol_id, identifier, device_name) VALUES (69, 25, "Diver", "Picobong Diver");
INSERT INTO device (id, protocol_id, identifier, device_name) VALUES (70, 25, NULL, "Picobong Device");
INSERT INTO device_feature (id, device_id) VALUES (34, 70);
INSERT INTO feature_scalarcmd (id, feature_id, actuator_type_id, description, range_min, range_max) VALUES (34, 34, 1, NULL, 0, 10);
INSERT INTO device (id, protocol_id, identifier, device_name) VALUES (71, 25, "Life guard", "Picobong Life guard");
INSERT INTO device (id, protocol_id, identifier, device_name) VALUES (72, 25, "Egg driver", "Picobong Surfer");
INSERT INTO device (id, protocol_id, identifier, device_name) VALUES (73, 25, "Picobong Butt Plug", "Picobong Surfer");
INSERT INTO device (id, protocol_id, identifier, device_name) VALUES (74, 25, "Picobong Male Toy", "Picobong Blow hole");
INSERT INTO device (id, protocol_id, identifier, device_name) VALUES (75, 25, "Blow hole", "Picobong Blow hole");
INSERT INTO device (id, protocol_id, identifier, device_name) VALUES (76, 25, "Surfer_plug", "Picobong Surfer");
INSERT INTO protocol (id, protocol_name, display_name) VALUES (26, "svakom", "svakom");
INSERT INTO protocol_bluetooth_name (protocol_id, bluetooth_name) VALUES (26, "Emma NEO");
INSERT INTO protocol_bluetooth_name (protocol_id, bluetooth_name) VALUES (26, "Phoenix NEO");
INSERT INTO protocol_bluetooth_name (protocol_id, bluetooth_name) VALUES (26, "Aogu SUV");
INSERT INTO protocol_bluetooth_name (protocol_id, bluetooth_name) VALUES (26, "Vick NEO");
INSERT INTO protocol_bluetooth_name (protocol_id, bluetooth_name) VALUES (26, "Aogu SCB");
INSERT INTO protocol_bluetooth_name (protocol_id, bluetooth_name) VALUES (26, "Ella NEO");
INSERT INTO protocol_bluetooth_service (id, protocol_id, service_uuid) VALUES (53, 26, "0000ffe0-0000-1000-8000-00805f9b34fb");
INSERT INTO protocol_bluetooth_characteristic (id, service_id, endpoint, characteristic_uuid) VALUES (47, 53, "rx", "0000ffe2-0000-1000-8000-00805f9b34fb");
INSERT INTO protocol_bluetooth_characteristic (id, service_id, endpoint, characteristic_uuid) VALUES (48, 53, "tx", "0000ffe1-0000-1000-8000-00805f9b34fb");
INSERT INTO device (id, protocol_id, identifier, device_name) VALUES (77, 26, "Phoenix NEO", "Svakom Phoenix Neo");
INSERT INTO device (id, protocol_id, identifier, device_name) VALUES (78, 26, "Emma NEO", "Svakom Emma Neo");
INSERT INTO device (id, protocol_id, identifier, device_name) VALUES (79, 26, "Ella NEO", "Svakom Ella Neo");
INSERT INTO device (id, protocol_id, identifier, device_name) VALUES (80, 26, "Aogu SCB", "Svakom Ella");
INSERT INTO device (id, protocol_id, identifier, device_name) VALUES (81, 26, "Vick NEO", "Svakom Vick Neo");
INSERT INTO device (id, protocol_id, identifier, device_name) VALUES (82, 26, NULL, "Svakom Device");
INSERT INTO device_feature (id, device_id) VALUES (35, 82);
INSERT INTO feature_scalarcmd (id, feature_id, actuator_type_id, description, range_min, range_max) VALUES (35, 35, 1, NULL, 0, 19);
INSERT INTO protocol (id, protocol_name, display_name) VALUES (27, "cachito", "cachito");
INSERT INTO protocol_bluetooth_name (protocol_id, bluetooth_name) VALUES (27, "CCTXueGao");
INSERT INTO protocol_bluetooth_name (protocol_id, bluetooth_name) VALUES (27, "CCTSK");
INSERT INTO protocol_bluetooth_service (id, protocol_id, service_uuid) VALUES (55, 27, "0000fff0-0000-1000-8000-00805f9b34fb");
INSERT INTO protocol_bluetooth_characteristic (id, service_id, endpoint, characteristic_uuid) VALUES (49, 55, "tx", "0000fff2-0000-1000-8000-00805f9b34fb");
INSERT INTO device (id, protocol_id, identifier, device_name) VALUES (83, 27, "CCTSK", "Cachito Lure Tao");
INSERT INTO device (id, protocol_id, identifier, device_name) VALUES (84, 27, NULL, "Cachito Device");
INSERT INTO device_feature (id, device_id) VALUES (36, 84);
INSERT INTO feature_scalarcmd (id, feature_id, actuator_type_id, description, range_min, range_max) VALUES (36, 36, 1, NULL, 0, 5);
INSERT INTO device_feature (id, device_id) VALUES (37, 84);
INSERT INTO feature_scalarcmd (id, feature_id, actuator_type_id, description, range_min, range_max) VALUES (37, 37, 1, NULL, 0, 100);
INSERT INTO device (id, protocol_id, identifier, device_name) VALUES (85, 27, "CCTXueGao", "Cachito Ice Cream");
INSERT INTO protocol (id, protocol_name, display_name) VALUES (28, "synchro", "synchro");
INSERT INTO protocol_bluetooth_name (protocol_id, bluetooth_name) VALUES (28, "Shinkuro");
INSERT INTO protocol_bluetooth_service (id, protocol_id, service_uuid) VALUES (57, 28, "0000ffe0-0000-1000-8000-00805f9b34fb");
INSERT INTO protocol_bluetooth_characteristic (id, service_id, endpoint, characteristic_uuid) VALUES (50, 57, "tx", "0000ffe1-0000-1000-8000-00805f9b34fb");
INSERT INTO device (id, protocol_id, identifier, device_name) VALUES (86, 28, NULL, "Synchro");
INSERT INTO protocol (id, protocol_name, display_name) VALUES (29, "lovense", "lovense");
INSERT INTO protocol_bluetooth_prefix (protocol_id, prefix) VALUES (29, "LVS-*");
INSERT INTO protocol_bluetooth_prefix (protocol_id, prefix) VALUES (29, "LOVE-*");
INSERT INTO protocol_bluetooth_service (id, protocol_id, service_uuid) VALUES (59, 29, "6e400001-b5a3-f393-e0a9-e50e24dcca9e");
INSERT INTO protocol_bluetooth_characteristic (id, service_id, endpoint, characteristic_uuid) VALUES (51, 59, "tx", "6e400002-b5a3-f393-e0a9-e50e24dcca9e");
INSERT INTO protocol_bluetooth_characteristic (id, service_id, endpoint, characteristic_uuid) VALUES (52, 59, "rx", "6e400003-b5a3-f393-e0a9-e50e24dcca9e");
INSERT INTO protocol_bluetooth_service (id, protocol_id, service_uuid) VALUES (60, 29, "58300001-0023-4bd4-bbd5-a6920e4c5653");
INSERT INTO protocol_bluetooth_characteristic (id, service_id, endpoint, characteristic_uuid) VALUES (53, 60, "rx", "58300003-0023-4bd4-bbd5-a6920e4c5653");
INSERT INTO protocol_bluetooth_characteristic (id, service_id, endpoint, characteristic_uuid) VALUES (54, 60, "tx", "58300002-0023-4bd4-bbd5-a6920e4c5653");
INSERT INTO protocol_bluetooth_service (id, protocol_id, service_uuid) VALUES (61, 29, "42300001-0023-4bd4-bbd5-a6920e4c5653");
INSERT INTO protocol_bluetooth_characteristic (id, service_id, endpoint, characteristic_uuid) VALUES (55, 61, "tx", "42300002-0023-4bd4-bbd5-a6920e4c5653");
INSERT INTO protocol_bluetooth_characteristic (id, service_id, endpoint, characteristic_uuid) VALUES (56, 61, "rx", "42300003-0023-4bd4-bbd5-a6920e4c5653");
INSERT INTO protocol_bluetooth_service (id, protocol_id, service_uuid) VALUES (62, 29, "4e300001-0023-4bd4-bbd5-a6920e4c5653");
INSERT INTO protocol_bluetooth_characteristic (id, service_id, endpoint, characteristic_uuid) VALUES (57, 62, "tx", "4e300002-0023-4bd4-bbd5-a6920e4c5653");
INSERT INTO protocol_bluetooth_characteristic (id, service_id, endpoint, characteristic_uuid) VALUES (58, 62, "rx", "4e300003-0023-4bd4-bbd5-a6920e4c5653");
INSERT INTO protocol_bluetooth_service (id, protocol_id, service_uuid) VALUES (63, 29, "50300011-0023-4bd4-bbd5-a6920e4c5653");
INSERT INTO protocol_bluetooth_characteristic (id, service_id, endpoint, characteristic_uuid) VALUES (59, 63, "tx", "50300012-0023-4bd4-bbd5-a6920e4c5653");
INSERT INTO protocol_bluetooth_characteristic (id, service_id, endpoint, characteristic_uuid) VALUES (60, 63, "rx", "50300013-0023-4bd4-bbd5-a6920e4c5653");
INSERT INTO protocol_bluetooth_service (id, protocol_id, service_uuid) VALUES (64, 29, "45410001-0023-4bd4-bbd5-a6920e4c5653");
INSERT INTO protocol_bluetooth_characteristic (id, service_id, endpoint, characteristic_uuid) VALUES (61, 64, "rx", "45410003-0023-4bd4-bbd5-a6920e4c5653");
INSERT INTO protocol_bluetooth_characteristic (id, service_id, endpoint, characteristic_uuid) VALUES (62, 64, "tx", "45410002-0023-4bd4-bbd5-a6920e4c5653");
INSERT INTO protocol_bluetooth_service (id, protocol_id, service_uuid) VALUES (65, 29, "5a300001-0024-4bd4-bbd5-a6920e4c5653");
INSERT INTO protocol_bluetooth_characteristic (id, service_id, endpoint, characteristic_uuid) VALUES (63, 65, "rx", "5a300003-0024-4bd4-bbd5-a6920e4c5653");
INSERT INTO protocol_bluetooth_characteristic (id, service_id, endpoint, characteristic_uuid) VALUES (64, 65, "tx", "5a300002-0024-4bd4-bbd5-a6920e4c5653");
INSERT INTO protocol_bluetooth_service (id, protocol_id, service_uuid) VALUES (66, 29, "52300001-0023-4bd4-bbd5-a6920e4c5653");
INSERT INTO protocol_bluetooth_characteristic (id, service_id, endpoint, characteristic_uuid) VALUES (65, 66, "tx", "52300002-0023-4bd4-bbd5-a6920e4c5653");
INSERT INTO protocol_bluetooth_characteristic (id, service_id, endpoint, characteristic_uuid) VALUES (66, 66, "rx", "52300003-0023-4bd4-bbd5-a6920e4c5653");
INSERT INTO protocol_bluetooth_service (id, protocol_id, service_uuid) VALUES (67, 29, "50300001-0023-4bd4-bbd5-a6920e4c5653");
INSERT INTO protocol_bluetooth_characteristic (id, service_id, endpoint, characteristic_uuid) VALUES (67, 67, "tx", "50300002-0023-4bd4-bbd5-a6920e4c5653");
INSERT INTO protocol_bluetooth_characteristic (id, service_id, endpoint, characteristic_uuid) VALUES (68, 67, "rx", "50300003-0023-4bd4-bbd5-a6920e4c5653");
INSERT INTO protocol_bluetooth_service (id, protocol_id, service_uuid) VALUES (68, 29, "5a300001-0023-4bd4-bbd5-a6920e4c5653");
INSERT INTO protocol_bluetooth_characteristic (id, service_id, endpoint, characteristic_uuid) VALUES (69, 68, "tx", "5a300002-0023-4bd4-bbd5-a6920e4c5653");
INSERT INTO protocol_bluetooth_characteristic (id, service_id, endpoint, characteristic_uuid) VALUES (70, 68, "rx", "5a300003-0023-4bd4-bbd5-a6920e4c5653");
INSERT INTO protocol_bluetooth_service (id, protocol_id, service_uuid) VALUES (69, 29, "50300001-0024-4bd4-bbd5-a6920e4c5653");
INSERT INTO protocol_bluetooth_characteristic (id, service_id, endpoint, characteristic_uuid) VALUES (71, 69, "tx", "50300002-0024-4bd4-bbd5-a6920e4c5653");
INSERT INTO protocol_bluetooth_characteristic (id, service_id, endpoint, characteristic_uuid) VALUES (72, 69, "rx", "50300003-0024-4bd4-bbd5-a6920e4c5653");
INSERT INTO protocol_bluetooth_service (id, protocol_id, service_uuid) VALUES (70, 29, "57300001-0023-4bd4-bbd5-a6920e4c5653");
INSERT INTO protocol_bluetooth_characteristic (id, service_id, endpoint, characteristic_uuid) VALUES (73, 70, "tx", "57300002-0023-4bd4-bbd5-a6920e4c5653");
INSERT INTO protocol_bluetooth_characteristic (id, service_id, endpoint, characteristic_uuid) VALUES (74, 70, "rx", "57300003-0023-4bd4-bbd5-a6920e4c5653");
INSERT INTO protocol_bluetooth_service (id, protocol_id, service_uuid) VALUES (71, 29, "46300001-0023-4bd4-bbd5-a6920e4c5653");
INSERT INTO protocol_bluetooth_characteristic (id, service_id, endpoint, characteristic_uuid) VALUES (75, 71, "rx", "46300003-0023-4bd4-bbd5-a6920e4c5653");
INSERT INTO protocol_bluetooth_characteristic (id, service_id, endpoint, characteristic_uuid) VALUES (76, 71, "tx", "46300002-0023-4bd4-bbd5-a6920e4c5653");
INSERT INTO protocol_bluetooth_service (id, protocol_id, service_uuid) VALUES (72, 29, "53300001-0023-4bd4-bbd5-a6920e4c5653");
INSERT INTO protocol_bluetooth_characteristic (id, service_id, endpoint, characteristic_uuid) VALUES (77, 72, "tx", "53300002-0023-4bd4-bbd5-a6920e4c5653");
INSERT INTO protocol_bluetooth_characteristic (id, service_id, endpoint, characteristic_uuid) VALUES (78, 72, "rx", "53300003-0023-4bd4-bbd5-a6920e4c5653");
INSERT INTO protocol_bluetooth_service (id, protocol_id, service_uuid) VALUES (73, 29, "43300001-0023-4bd4-bbd5-a6920e4c5653");
INSERT INTO protocol_bluetooth_characteristic (id, service_id, endpoint, characteristic_uuid) VALUES (79, 73, "rx", "43300003-0023-4bd4-bbd5-a6920e4c5653");
INSERT INTO protocol_bluetooth_characteristic (id, service_id, endpoint, characteristic_uuid) VALUES (80, 73, "tx", "43300002-0023-4bd4-bbd5-a6920e4c5653");
INSERT INTO protocol_bluetooth_service (id, protocol_id, service_uuid) VALUES (74, 29, "4a300001-0023-4bd4-bbd5-a6920e4c5653");
INSERT INTO protocol_bluetooth_characteristic (id, service_id, endpoint, characteristic_uuid) VALUES (81, 74, "tx", "4a300002-0023-4bd4-bbd5-a6920e4c5653");
INSERT INTO protocol_bluetooth_characteristic (id, service_id, endpoint, characteristic_uuid) VALUES (82, 74, "rx", "4a300003-0023-4bd4-bbd5-a6920e4c5653");
INSERT INTO protocol_bluetooth_service (id, protocol_id, service_uuid) VALUES (75, 29, "45420001-0023-4bd4-bbd5-a6920e4c5653");
INSERT INTO protocol_bluetooth_characteristic (id, service_id, endpoint, characteristic_uuid) VALUES (83, 75, "rx", "45420003-0023-4bd4-bbd5-a6920e4c5653");
INSERT INTO protocol_bluetooth_characteristic (id, service_id, endpoint, characteristic_uuid) VALUES (84, 75, "tx", "45420002-0023-4bd4-bbd5-a6920e4c5653");
INSERT INTO protocol_bluetooth_service (id, protocol_id, service_uuid) VALUES (76, 29, "4c300001-0023-4bd4-bbd5-a6920e4c5653");
INSERT INTO protocol_bluetooth_characteristic (id, service_id, endpoint, characteristic_uuid) VALUES (85, 76, "rx", "4c300003-0023-4bd4-bbd5-a6920e4c5653");
INSERT INTO protocol_bluetooth_characteristic (id, service_id, endpoint, characteristic_uuid) VALUES (86, 76, "tx", "4c300002-0023-4bd4-bbd5-a6920e4c5653");
INSERT INTO protocol_bluetooth_service (id, protocol_id, service_uuid) VALUES (77, 29, "45440001-0023-4bd4-bbd5-a6920e4c5653");
INSERT INTO protocol_bluetooth_characteristic (id, service_id, endpoint, characteristic_uuid) VALUES (87, 77, "tx", "45440002-0023-4bd4-bbd5-a6920e4c5653");
INSERT INTO protocol_bluetooth_characteristic (id, service_id, endpoint, characteristic_uuid) VALUES (88, 77, "rx", "45440003-0023-4bd4-bbd5-a6920e4c5653");
INSERT INTO protocol_bluetooth_service (id, protocol_id, service_uuid) VALUES (78, 29, "54300001-0023-4bd4-bbd5-a6920e4c5653");
INSERT INTO protocol_bluetooth_characteristic (id, service_id, endpoint, characteristic_uuid) VALUES (89, 78, "tx", "54300002-0023-4bd4-bbd5-a6920e4c5653");
INSERT INTO protocol_bluetooth_characteristic (id, service_id, endpoint, characteristic_uuid) VALUES (90, 78, "rx", "54300003-0023-4bd4-bbd5-a6920e4c5653");
INSERT INTO protocol_bluetooth_service (id, protocol_id, service_uuid) VALUES (79, 29, "45490001-0023-4bd4-bbd5-a6920e4c5653");
INSERT INTO protocol_bluetooth_characteristic (id, service_id, endpoint, characteristic_uuid) VALUES (91, 79, "rx", "45490003-0023-4bd4-bbd5-a6920e4c5653");
INSERT INTO protocol_bluetooth_characteristic (id, service_id, endpoint, characteristic_uuid) VALUES (92, 79, "tx", "45490002-0023-4bd4-bbd5-a6920e4c5653");
INSERT INTO protocol_bluetooth_service (id, protocol_id, service_uuid) VALUES (80, 29, "0000fff0-0000-1000-8000-00805f9b34fb");
INSERT INTO protocol_bluetooth_characteristic (id, service_id, endpoint, characteristic_uuid) VALUES (93, 80, "tx", "0000fff2-0000-1000-8000-00805f9b34fb");
INSERT INTO protocol_bluetooth_characteristic (id, service_id, endpoint, characteristic_uuid) VALUES (94, 80, "rx", "0000fff1-0000-1000-8000-00805f9b34fb");
INSERT INTO protocol_bluetooth_service (id, protocol_id, service_uuid) VALUES (81, 29, "4f300001-0023-4bd4-bbd5-a6920e4c5653");
INSERT INTO protocol_bluetooth_characteristic (id, service_id, endpoint, characteristic_uuid) VALUES (95, 81, "tx", "4f300002-0023-4bd4-bbd5-a6920e4c5653");
INSERT INTO protocol_bluetooth_characteristic (id, service_id, endpoint, characteristic_uuid) VALUES (96, 81, "rx", "4f300003-0023-4bd4-bbd5-a6920e4c5653");
INSERT INTO protocol_bluetooth_service (id, protocol_id, service_uuid) VALUES (82, 29, "56300001-0023-4bd4-bbd5-a6920e4c5653");
INSERT INTO protocol_bluetooth_characteristic (id, service_id, endpoint, characteristic_uuid) VALUES (97, 82, "tx", "56300002-0023-4bd4-bbd5-a6920e4c5653");
INSERT INTO protocol_bluetooth_characteristic (id, service_id, endpoint, characteristic_uuid) VALUES (98, 82, "rx", "56300003-0023-4bd4-bbd5-a6920e4c5653");
INSERT INTO device (id, protocol_id, identifier, device_name) VALUES (87, 29, "O", "Lovense Osci");
INSERT INTO device (id, protocol_id, identifier, device_name) VALUES (88, 29, "J", "Lovense Dolce");
INSERT INTO device_feature (id, device_id) VALUES (38, 88);
INSERT INTO feature_scalarcmd (id, feature_id, actuator_type_id, description, range_min, range_max) VALUES (38, 38, 1, NULL, 0, 20);
INSERT INTO device_feature (id, device_id) VALUES (39, 88);
INSERT INTO feature_scalarcmd (id, feature_id, actuator_type_id, description, range_min, range_max) VALUES (39, 39, 1, NULL, 0, 20);
INSERT INTO device (id, protocol_id, identifier, device_name) VALUES (89, 29, "F", "Lovense Sex Machine");
INSERT INTO device_feature (id, device_id) VALUES (40, 89);
INSERT INTO feature_scalarcmd (id, feature_id, actuator_type_id, description, range_min, range_max) VALUES (40, 40, 1, "Fucking Machine Oscillation Speed", 0, 20);
INSERT INTO device (id, protocol_id, identifier, device_name) VALUES (90, 29, "W", "Lovense Domi");
INSERT INTO device (id, protocol_id, identifier, device_name) VALUES (91, 29, "X", "Lovense Ferri");
INSERT INTO device (id, protocol_id, identifier, device_name) VALUES (92, 29, "V", "Lovense Mission");
INSERT INTO device (id, protocol_id, identifier, device_name) VALUES (93, 29, "ToyS", "Loveai Dolp");
INSERT INTO device (id, protocol_id, identifier, device_name) VALUES (94, 29, "T", "Lovense Calor");
INSERT INTO device (id, protocol_id, identifier, device_name) VALUES (95, 29, "A", "Lovense Nora");
INSERT INTO device (id, protocol_id, identifier, device_name) VALUES (96, 29, "EI-FW3", "Lovense Flexer");
INSERT INTO device_feature (id, device_id) VALUES (41, 96);
INSERT INTO feature_scalarcmd (id, feature_id, actuator_type_id, description, range_min, range_max) VALUES (41, 41, 1, "Internal Vibe", 0, 20);
INSERT INTO device_feature (id, device_id) VALUES (42, 96);
INSERT INTO feature_scalarcmd (id, feature_id, actuator_type_id, description, range_min, range_max) VALUES (42, 42, 1, "External Vibe", 0, 20);
INSERT INTO device_feature (id, device_id) VALUES (43, 96);
INSERT INTO feature_scalarcmd (id, feature_id, actuator_type_id, description, range_min, range_max) VALUES (43, 43, 1, "Finger motion", 0, 20);
INSERT INTO device (id, protocol_id, identifier, device_name) VALUES (97, 29, "P", "Lovense Edge");
INSERT INTO device_feature (id, device_id) VALUES (44, 97);
INSERT INTO feature_scalarcmd (id, feature_id, actuator_type_id, description, range_min, range_max) VALUES (44, 44, 1, NULL, 0, 20);
INSERT INTO device_feature (id, device_id) VALUES (45, 97);
INSERT INTO feature_scalarcmd (id, feature_id, actuator_type_id, description, range_min, range_max) VALUES (45, 45, 1, NULL, 0, 20);
INSERT INTO device (id, protocol_id, identifier, device_name) VALUES (98, 29, "EI", "Lovense Flexer (Firmware update needed)");
INSERT INTO device (id, protocol_id, identifier, device_name) VALUES (99, 29, "N", "Lovense Gemini");
INSERT INTO device_feature (id, device_id) VALUES (46, 99);
INSERT INTO feature_scalarcmd (id, feature_id, actuator_type_id, description, range_min, range_max) VALUES (46, 46, 1, NULL, 0, 20);
INSERT INTO device_feature (id, device_id) VALUES (47, 99);
INSERT INTO feature_scalarcmd (id, feature_id, actuator_type_id, description, range_min, range_max) VALUES (47, 47, 1, NULL, 0, 20);
INSERT INTO device (id, protocol_id, identifier, device_name) VALUES (100, 29, "Z", "Lovense Hush");
INSERT INTO device (id, protocol_id, identifier, device_name) VALUES (101, 29, "B", "Lovense Max");
INSERT INTO device_feature (id, device_id) VALUES (48, 101);
INSERT INTO feature_scalarcmd (id, feature_id, actuator_type_id, description, range_min, range_max) VALUES (48, 48, 1, "Vibrator", 0, 20);
INSERT INTO device_feature (id, device_id) VALUES (49, 101);
INSERT INTO feature_scalarcmd (id, feature_id, actuator_type_id, description, range_min, range_max) VALUES (49, 49, 1, "Air Pump", 0, 3);
INSERT INTO device (id, protocol_id, identifier, device_name) VALUES (102, 29, "EA", "Lovense Gravity");
INSERT INTO device_feature (id, device_id) VALUES (50, 102);
INSERT INTO feature_scalarcmd (id, feature_id, actuator_type_id, description, range_min, range_max) VALUES (50, 50, 1, NULL, 0, 20);
INSERT INTO device_feature (id, device_id) VALUES (51, 102);
INSERT INTO feature_scalarcmd (id, feature_id, actuator_type_id, description, range_min, range_max) VALUES (51, 51, 1, NULL, 0, 20);
INSERT INTO device (id, protocol_id, identifier, device_name) VALUES (103, 29, "C", "Lovense Nora");
INSERT INTO device (id, protocol_id, identifier, device_name) VALUES (104, 29, "EB", "Lovense Hyphy");
INSERT INTO device_feature (id, device_id) VALUES (52, 104);
INSERT INTO feature_scalarcmd (id, feature_id, actuator_type_id, description, range_min, range_max) VALUES (52, 52, 1, NULL, 0, 20);
INSERT INTO device_feature (id, device_id) VALUES (53, 104);
INSERT INTO feature_scalarcmd (id, feature_id, actuator_type_id, description, range_min, range_max) VALUES (53, 53, 1, NULL, 0, 20);
INSERT INTO device (id, protocol_id, identifier, device_name) VALUES (105, 29, NULL, "Lovense Device");
INSERT INTO device_feature (id, device_id) VALUES (54, 105);
INSERT INTO feature_scalarcmd (id, feature_id, actuator_type_id, description, range_min, range_max) VALUES (54, 54, 1, NULL, 0, 20);
INSERT INTO device (id, protocol_id, identifier, device_name) VALUES (106, 29, "R", "Lovense Diamo");
INSERT INTO device (id, protocol_id, identifier, device_name) VALUES (107, 29, "S", "Lovense Lush");
INSERT INTO device (id, protocol_id, identifier, device_name) VALUES (108, 29, "ED", "Lovense Gush");
INSERT INTO device (id, protocol_id, identifier, device_name) VALUES (109, 29, "L", "Lovense Ambi");
INSERT INTO protocol (id, protocol_name, display_name) VALUES (30, "aneros", "aneros");
INSERT INTO protocol_bluetooth_name (protocol_id, bluetooth_name) VALUES (30, "Massage Demo");
INSERT INTO protocol_bluetooth_service (id, protocol_id, service_uuid) VALUES (84, 30, "0000ff00-0000-1000-8000-00805f9b34fb");
INSERT INTO protocol_bluetooth_characteristic (id, service_id, endpoint, characteristic_uuid) VALUES (99, 84, "tx", "0000ff01-0000-1000-8000-00805f9b34fb");
INSERT INTO device (id, protocol_id, identifier, device_name) VALUES (110, 30, NULL, "Aneros Vivi");
INSERT INTO device_feature (id, device_id) VALUES (55, 110);
INSERT INTO feature_scalarcmd (id, feature_id, actuator_type_id, description, range_min, range_max) VALUES (55, 55, 1, "Perineum Vibrator", 0, 127);
INSERT INTO device_feature (id, device_id) VALUES (56, 110);
INSERT INTO feature_scalarcmd (id, feature_id, actuator_type_id, description, range_min, range_max) VALUES (56, 56, 1, "Internal Vibrator", 0, 127);
INSERT INTO protocol (id, protocol_name, display_name) VALUES (31, "lovense-connect-service", "lovense-connect-service");
INSERT INTO device (id, protocol_id, identifier, device_name) VALUES (111, 31, "Diamo", "Lovense Diamo");
INSERT INTO device (id, protocol_id, identifier, device_name) VALUES (112, 31, "Osci", "Lovense Osci");
INSERT INTO device (id, protocol_id, identifier, device_name) VALUES (113, 31, "Max", "Lovense Max");
INSERT INTO device_feature (id, device_id) VALUES (57, 113);
INSERT INTO feature_scalarcmd (id, feature_id, actuator_type_id, description, range_min, range_max) VALUES (57, 57, 1, "Vibrator", 0, 20);
INSERT INTO device_feature (id, device_id) VALUES (58, 113);
INSERT INTO feature_scalarcmd (id, feature_id, actuator_type_id, description, range_min, range_max) VALUES (58, 58, 1, "Air Pump", 0, 3);
INSERT INTO device (id, protocol_id, identifier, device_name) VALUES (114, 31, "Flexer", "Lovense Flexer");
INSERT INTO device_feature (id, device_id) VALUES (59, 114);
INSERT INTO feature_scalarcmd (id, feature_id, actuator_type_id, description, range_min, range_max) VALUES (59, 59, 1, "Both Vibes", 0, 20);
INSERT INTO device_feature (id, device_id) VALUES (60, 114);
INSERT INTO feature_scalarcmd (id, feature_id, actuator_type_id, description, range_min, range_max) VALUES (60, 60, 1, "Finger motion", 0, 20);
INSERT INTO device (id, protocol_id, identifier, device_name) VALUES (115, 31, "Nora", "Lovense Nora");
INSERT INTO device (id, protocol_id, identifier, device_name) VALUES (116, 31, NULL, "Lovense Connect Service Device");
INSERT INTO device_feature (id, device_id) VALUES (61, 116);
INSERT INTO feature_scalarcmd (id, feature_id, actuator_type_id, description, range_min, range_max) VALUES (61, 61, 1, NULL, 0, 20);
INSERT INTO device (id, protocol_id, identifier, device_name) VALUES (117, 31, "XMachine", "Lovense Sex Machine");
INSERT INTO device (id, protocol_id, identifier, device_name) VALUES (118, 31, "ToyS", "Loveai Dolp");
INSERT INTO device (id, protocol_id, identifier, device_name) VALUES (119, 31, "Gush", "Lovense Gush");
INSERT INTO device (id, protocol_id, identifier, device_name) VALUES (120, 31, "Edge", "Lovense Edge");
INSERT INTO device_feature (id, device_id) VALUES (62, 120);
INSERT INTO feature_scalarcmd (id, feature_id, actuator_type_id, description, range_min, range_max) VALUES (62, 62, 1, NULL, 0, 20);
INSERT INTO device_feature (id, device_id) VALUES (63, 120);
INSERT INTO feature_scalarcmd (id, feature_id, actuator_type_id, description, range_min, range_max) VALUES (63, 63, 1, NULL, 0, 20);
INSERT INTO device (id, protocol_id, identifier, device_name) VALUES (121, 31, "Lush", "Lovense Lush");
INSERT INTO device (id, protocol_id, identifier, device_name) VALUES (122, 31, "Domi", "Lovense Domi");
INSERT INTO device (id, protocol_id, identifier, device_name) VALUES (123, 31, "Hush", "Lovense Hush");
INSERT INTO device (id, protocol_id, identifier, device_name) VALUES (124, 31, "Dolce", "Lovense Dolce");
INSERT INTO device_feature (id, device_id) VALUES (64, 124);
INSERT INTO feature_scalarcmd (id, feature_id, actuator_type_id, description, range_min, range_max) VALUES (64, 64, 1, NULL, 0, 20);
INSERT INTO device_feature (id, device_id) VALUES (65, 124);
INSERT INTO feature_scalarcmd (id, feature_id, actuator_type_id, description, range_min, range_max) VALUES (65, 65, 1, NULL, 0, 20);
INSERT INTO device (id, protocol_id, identifier, device_name) VALUES (125, 31, "Mission", "Lovense Mission");
INSERT INTO device (id, protocol_id, identifier, device_name) VALUES (126, 31, "Hyphy", "Lovense Hyphy");
INSERT INTO device_feature (id, device_id) VALUES (66, 126);
INSERT INTO feature_scalarcmd (id, feature_id, actuator_type_id, description, range_min, range_max) VALUES (66, 66, 1, NULL, 0, 20);
INSERT INTO device_feature (id, device_id) VALUES (67, 126);
INSERT INTO feature_scalarcmd (id, feature_id, actuator_type_id, description, range_min, range_max) VALUES (67, 67, 1, NULL, 0, 20);
INSERT INTO device (id, protocol_id, identifier, device_name) VALUES (127, 31, "Ferri", "Lovense Ferri");
INSERT INTO device (id, protocol_id, identifier, device_name) VALUES (128, 31, "Ambi", "Lovense Ambi");
INSERT INTO device (id, protocol_id, identifier, device_name) VALUES (129, 31, "Gravity", "Lovense Gravity");
INSERT INTO device_feature (id, device_id) VALUES (68, 129);
INSERT INTO feature_scalarcmd (id, feature_id, actuator_type_id, description, range_min, range_max) VALUES (68, 68, 1, NULL, 0, 20);
INSERT INTO device_feature (id, device_id) VALUES (69, 129);
INSERT INTO feature_scalarcmd (id, feature_id, actuator_type_id, description, range_min, range_max) VALUES (69, 69, 1, NULL, 0, 20);
INSERT INTO device (id, protocol_id, identifier, device_name) VALUES (130, 31, "Calor", "Lovense Calor");
INSERT INTO device (id, protocol_id, identifier, device_name) VALUES (131, 31, "Gemini", "Lovense Gemini");
INSERT INTO device_feature (id, device_id) VALUES (70, 131);
INSERT INTO feature_scalarcmd (id, feature_id, actuator_type_id, description, range_min, range_max) VALUES (70, 70, 1, NULL, 0, 20);
INSERT INTO device_feature (id, device_id) VALUES (71, 131);
INSERT INTO feature_scalarcmd (id, feature_id, actuator_type_id, description, range_min, range_max) VALUES (71, 71, 1, NULL, 0, 20);
INSERT INTO protocol (id, protocol_name, display_name) VALUES (32, "hgod", "hgod");
INSERT INTO protocol_bluetooth_name (protocol_id, bluetooth_name) VALUES (32, "AMN NEO");
INSERT INTO protocol_bluetooth_service (id, protocol_id, service_uuid) VALUES (86, 32, "0000ffe3-0000-1000-8000-00805f9b34fb");
INSERT INTO protocol_bluetooth_characteristic (id, service_id, endpoint, characteristic_uuid) VALUES (100, 86, "tx", "0000ffe1-0000-1000-8000-00805f9b34fb");
INSERT INTO protocol_bluetooth_characteristic (id, service_id, endpoint, characteristic_uuid) VALUES (101, 86, "rx", "0000ffe2-0000-1000-8000-00805f9b34fb");
INSERT INTO device (id, protocol_id, identifier, device_name) VALUES (132, 32, NULL, "Hgod Device");
INSERT INTO device_feature (id, device_id) VALUES (72, 132);
INSERT INTO feature_scalarcmd (id, feature_id, actuator_type_id, description, range_min, range_max) VALUES (72, 72, 1, NULL, 0, 10);
INSERT INTO protocol (id, protocol_name, display_name) VALUES (33, "cueme", "cueme");
INSERT INTO protocol_bluetooth_prefix (protocol_id, prefix) VALUES (33, "FUNCODE_*");
INSERT INTO protocol_bluetooth_service (id, protocol_id, service_uuid) VALUES (88, 33, "0000fff0-0000-1000-8000-00805f9b34fb");
INSERT INTO protocol_bluetooth_characteristic (id, service_id, endpoint, characteristic_uuid) VALUES (102, 88, "tx", "0000fff1-0000-1000-8000-00805f9b34fb");
INSERT INTO device (id, protocol_id, identifier, device_name) VALUES (133, 33, "2", "Cueme Bra");
INSERT INTO device (id, protocol_id, identifier, device_name) VALUES (134, 33, "1", "Cueme Mens");
INSERT INTO device (id, protocol_id, identifier, device_name) VALUES (135, 33, "3", "Cueme Womans");
INSERT INTO device_feature (id, device_id) VALUES (73, 135);
INSERT INTO feature_scalarcmd (id, feature_id, actuator_type_id, description, range_min, range_max) VALUES (73, 73, 1, NULL, 0, 15);
INSERT INTO device_feature (id, device_id) VALUES (74, 135);
INSERT INTO feature_scalarcmd (id, feature_id, actuator_type_id, description, range_min, range_max) VALUES (74, 74, 1, NULL, 0, 15);
INSERT INTO device_feature (id, device_id) VALUES (75, 135);
INSERT INTO feature_scalarcmd (id, feature_id, actuator_type_id, description, range_min, range_max) VALUES (75, 75, 1, NULL, 0, 15);
INSERT INTO device_feature (id, device_id) VALUES (76, 135);
INSERT INTO feature_scalarcmd (id, feature_id, actuator_type_id, description, range_min, range_max) VALUES (76, 76, 1, NULL, 0, 15);
INSERT INTO device (id, protocol_id, identifier, device_name) VALUES (136, 33, NULL, "Cueme Device");
INSERT INTO device_feature (id, device_id) VALUES (77, 136);
INSERT INTO feature_scalarcmd (id, feature_id, actuator_type_id, description, range_min, range_max) VALUES (77, 77, 1, NULL, 0, 15);
INSERT INTO device_feature (id, device_id) VALUES (78, 136);
INSERT INTO feature_scalarcmd (id, feature_id, actuator_type_id, description, range_min, range_max) VALUES (78, 78, 1, NULL, 0, 15);
INSERT INTO device_feature (id, device_id) VALUES (79, 136);
INSERT INTO feature_scalarcmd (id, feature_id, actuator_type_id, description, range_min, range_max) VALUES (79, 79, 1, NULL, 0, 15);
INSERT INTO device_feature (id, device_id) VALUES (80, 136);
INSERT INTO feature_scalarcmd (id, feature_id, actuator_type_id, description, range_min, range_max) VALUES (80, 80, 1, NULL, 0, 15);
INSERT INTO device_feature (id, device_id) VALUES (81, 136);
INSERT INTO feature_scalarcmd (id, feature_id, actuator_type_id, description, range_min, range_max) VALUES (81, 81, 1, NULL, 0, 15);
INSERT INTO device_feature (id, device_id) VALUES (82, 136);
INSERT INTO feature_scalarcmd (id, feature_id, actuator_type_id, description, range_min, range_max) VALUES (82, 82, 1, NULL, 0, 15);
INSERT INTO device_feature (id, device_id) VALUES (83, 136);
INSERT INTO feature_scalarcmd (id, feature_id, actuator_type_id, description, range_min, range_max) VALUES (83, 83, 1, NULL, 0, 15);
INSERT INTO device_feature (id, device_id) VALUES (84, 136);
INSERT INTO feature_scalarcmd (id, feature_id, actuator_type_id, description, range_min, range_max) VALUES (84, 84, 1, NULL, 0, 15);
INSERT INTO protocol (id, protocol_name, display_name) VALUES (34, "wevibe", "wevibe");
INSERT INTO protocol_bluetooth_name (protocol_id, bluetooth_name) VALUES (34, "Jive");
INSERT INTO protocol_bluetooth_name (protocol_id, bluetooth_name) VALUES (34, "Cougar");
INSERT INTO protocol_bluetooth_name (protocol_id, bluetooth_name) VALUES (34, "Pivot");
INSERT INTO protocol_bluetooth_name (protocol_id, bluetooth_name) VALUES (34, "classic");
INSERT INTO protocol_bluetooth_name (protocol_id, bluetooth_name) VALUES (34, "Verge");
INSERT INTO protocol_bluetooth_name (protocol_id, bluetooth_name) VALUES (34, "Rave");
INSERT INTO protocol_bluetooth_name (protocol_id, bluetooth_name) VALUES (34, "Classic");
INSERT INTO protocol_bluetooth_name (protocol_id, bluetooth_name) VALUES (34, "Nova");
INSERT INTO protocol_bluetooth_name (protocol_id, bluetooth_name) VALUES (34, "4plus");
INSERT INTO protocol_bluetooth_name (protocol_id, bluetooth_name) VALUES (34, "4 Plus");
INSERT INTO protocol_bluetooth_name (protocol_id, bluetooth_name) VALUES (34, "Sync");
INSERT INTO protocol_bluetooth_name (protocol_id, bluetooth_name) VALUES (34, "Bloom");
INSERT INTO protocol_bluetooth_name (protocol_id, bluetooth_name) VALUES (34, "Gala");
INSERT INTO protocol_bluetooth_name (protocol_id, bluetooth_name) VALUES (34, "Wish");
INSERT INTO protocol_bluetooth_name (protocol_id, bluetooth_name) VALUES (34, "4_Plus");
INSERT INTO protocol_bluetooth_name (protocol_id, bluetooth_name) VALUES (34, "Ditto");
INSERT INTO protocol_bluetooth_service (id, protocol_id, service_uuid) VALUES (90, 34, "f000bb03-0451-4000-b000-000000000000");
INSERT INTO protocol_bluetooth_characteristic (id, service_id, endpoint, characteristic_uuid) VALUES (103, 90, "tx", "f000c000-0451-4000-b000-000000000000");
INSERT INTO protocol_bluetooth_characteristic (id, service_id, endpoint, characteristic_uuid) VALUES (104, 90, "rx", "f000b000-0451-4000-b000-000000000000");
INSERT INTO device (id, protocol_id, identifier, device_name) VALUES (137, 34, "Ditto", "WeVibe Ditto");
INSERT INTO device (id, protocol_id, identifier, device_name) VALUES (138, 34, "4plus", "WeVibe 4 Plus");
INSERT INTO device_feature (id, device_id) VALUES (85, 138);
INSERT INTO feature_scalarcmd (id, feature_id, actuator_type_id, description, range_min, range_max) VALUES (85, 85, 1, NULL, 0, 15);
INSERT INTO device_feature (id, device_id) VALUES (86, 138);
INSERT INTO feature_scalarcmd (id, feature_id, actuator_type_id, description, range_min, range_max) VALUES (86, 86, 1, NULL, 0, 15);
INSERT INTO device (id, protocol_id, identifier, device_name) VALUES (139, 34, "4_Plus", "WeVibe 4 Plus");
INSERT INTO device_feature (id, device_id) VALUES (87, 139);
INSERT INTO feature_scalarcmd (id, feature_id, actuator_type_id, description, range_min, range_max) VALUES (87, 87, 1, NULL, 0, 15);
INSERT INTO device_feature (id, device_id) VALUES (88, 139);
INSERT INTO feature_scalarcmd (id, feature_id, actuator_type_id, description, range_min, range_max) VALUES (88, 88, 1, NULL, 0, 15);
INSERT INTO device (id, protocol_id, identifier, device_name) VALUES (140, 34, "Gala", "WeVibe Gala");
INSERT INTO device_feature (id, device_id) VALUES (89, 140);
INSERT INTO feature_scalarcmd (id, feature_id, actuator_type_id, description, range_min, range_max) VALUES (89, 89, 1, NULL, 0, 15);
INSERT INTO device_feature (id, device_id) VALUES (90, 140);
INSERT INTO feature_scalarcmd (id, feature_id, actuator_type_id, description, range_min, range_max) VALUES (90, 90, 1, NULL, 0, 15);
INSERT INTO device (id, protocol_id, identifier, device_name) VALUES (141, 34, NULL, "WeVibe Device");
INSERT INTO device_feature (id, device_id) VALUES (91, 141);
INSERT INTO feature_scalarcmd (id, feature_id, actuator_type_id, description, range_min, range_max) VALUES (91, 91, 1, NULL, 0, 15);
INSERT INTO device (id, protocol_id, identifier, device_name) VALUES (142, 34, "Nova", "WeVibe Nova");
INSERT INTO device_feature (id, device_id) VALUES (92, 142);
INSERT INTO feature_scalarcmd (id, feature_id, actuator_type_id, description, range_min, range_max) VALUES (92, 92, 1, NULL, 0, 15);
INSERT INTO device_feature (id, device_id) VALUES (93, 142);
INSERT INTO feature_scalarcmd (id, feature_id, actuator_type_id, description, range_min, range_max) VALUES (93, 93, 1, NULL, 0, 15);
INSERT INTO device (id, protocol_id, identifier, device_name) VALUES (143, 34, "Pivot", "WeVibe Pivot");
INSERT INTO device (id, protocol_id, identifier, device_name) VALUES (144, 34, "Rave", "WeVibe Rave");
INSERT INTO device (id, protocol_id, identifier, device_name) VALUES (145, 34, "Jive", "WeVibe Jive");
INSERT INTO device (id, protocol_id, identifier, device_name) VALUES (146, 34, "Wish", "WeVibe Wish");
INSERT INTO device (id, protocol_id, identifier, device_name) VALUES (147, 34, "Bloom", "WeVibe Bloom");
INSERT INTO device (id, protocol_id, identifier, device_name) VALUES (148, 34, "Cougar", "WeVibe 4 Plus");
INSERT INTO device_feature (id, device_id) VALUES (94, 148);
INSERT INTO feature_scalarcmd (id, feature_id, actuator_type_id, description, range_min, range_max) VALUES (94, 94, 1, NULL, 0, 15);
INSERT INTO device_feature (id, device_id) VALUES (95, 148);
INSERT INTO feature_scalarcmd (id, feature_id, actuator_type_id, description, range_min, range_max) VALUES (95, 95, 1, NULL, 0, 15);
INSERT INTO device (id, protocol_id, identifier, device_name) VALUES (149, 34, "Sync", "WeVibe Sync");
INSERT INTO device_feature (id, device_id) VALUES (96, 149);
INSERT INTO feature_scalarcmd (id, feature_id, actuator_type_id, description, range_min, range_max) VALUES (96, 96, 1, NULL, 0, 15);
INSERT INTO device_feature (id, device_id) VALUES (97, 149);
INSERT INTO feature_scalarcmd (id, feature_id, actuator_type_id, description, range_min, range_max) VALUES (97, 97, 1, NULL, 0, 15);
INSERT INTO device (id, protocol_id, identifier, device_name) VALUES (150, 34, "classic", "WeVibe 4 Plus");
INSERT INTO device_feature (id, device_id) VALUES (98, 150);
INSERT INTO feature_scalarcmd (id, feature_id, actuator_type_id, description, range_min, range_max) VALUES (98, 98, 1, NULL, 0, 15);
INSERT INTO device_feature (id, device_id) VALUES (99, 150);
INSERT INTO feature_scalarcmd (id, feature_id, actuator_type_id, description, range_min, range_max) VALUES (99, 99, 1, NULL, 0, 15);
INSERT INTO device (id, protocol_id, identifier, device_name) VALUES (151, 34, "Verge", "WeVibe Verge");
INSERT INTO device (id, protocol_id, identifier, device_name) VALUES (152, 34, "Classic", "WeVibe 4 Plus");
INSERT INTO device_feature (id, device_id) VALUES (100, 152);
INSERT INTO feature_scalarcmd (id, feature_id, actuator_type_id, description, range_min, range_max) VALUES (100, 100, 1, NULL, 0, 15);
INSERT INTO device_feature (id, device_id) VALUES (101, 152);
INSERT INTO feature_scalarcmd (id, feature_id, actuator_type_id, description, range_min, range_max) VALUES (101, 101, 1, NULL, 0, 15);
INSERT INTO device (id, protocol_id, identifier, device_name) VALUES (153, 34, "4 Plus", "WeVibe 4 Plus");
INSERT INTO device_feature (id, device_id) VALUES (102, 153);
INSERT INTO feature_scalarcmd (id, feature_id, actuator_type_id, description, range_min, range_max) VALUES (102, 102, 1, NULL, 0, 15);
INSERT INTO device_feature (id, device_id) VALUES (103, 153);
INSERT INTO feature_scalarcmd (id, feature_id, actuator_type_id, description, range_min, range_max) VALUES (103, 103, 1, NULL, 0, 15);
INSERT INTO protocol (id, protocol_name, display_name) VALUES (35, "lelo-f1s", "lelo-f1s");
INSERT INTO protocol_bluetooth_name (protocol_id, bluetooth_name) VALUES (35, "F1s");
INSERT INTO protocol_bluetooth_service (id, protocol_id, service_uuid) VALUES (92, 35, "0000fff0-0000-1000-8000-00805f9b34fb");
INSERT INTO protocol_bluetooth_characteristic (id, service_id, endpoint, characteristic_uuid) VALUES (105, 92, "rx", "00000aa4-0000-1000-8000-00805f9b34fb");
INSERT INTO protocol_bluetooth_characteristic (id, service_id, endpoint, characteristic_uuid) VALUES (106, 92, "tx", "0000fff1-0000-1000-8000-00805f9b34fb");
INSERT INTO device (id, protocol_id, identifier, device_name) VALUES (154, 35, NULL, "Lelo F1s");
INSERT INTO device_feature (id, device_id) VALUES (104, 154);
INSERT INTO feature_scalarcmd (id, feature_id, actuator_type_id, description, range_min, range_max) VALUES (104, 104, 1, NULL, 0, 100);
INSERT INTO device_feature (id, device_id) VALUES (105, 154);
INSERT INTO feature_scalarcmd (id, feature_id, actuator_type_id, description, range_min, range_max) VALUES (105, 105, 1, NULL, 0, 100);
INSERT INTO protocol (id, protocol_name, display_name) VALUES (36, "svakom-iker", "svakom-iker");
INSERT INTO protocol_bluetooth_prefix (protocol_id, prefix) VALUES (36, "Iker*");
INSERT INTO protocol_bluetooth_service (id, protocol_id, service_uuid) VALUES (94, 36, "00001800-0000-1000-8000-00805f9b34fb");
INSERT INTO protocol_bluetooth_characteristic (id, service_id, endpoint, characteristic_uuid) VALUES (107, 94, "rxblemodel", "00002a00-0000-1000-8000-00805f9b34fb");
INSERT INTO protocol_bluetooth_service (id, protocol_id, service_uuid) VALUES (95, 36, "0000ffe0-0000-1000-8000-00805f9b34fb");
INSERT INTO protocol_bluetooth_characteristic (id, service_id, endpoint, characteristic_uuid) VALUES (108, 95, "tx", "0000ffe1-0000-1000-8000-00805f9b34fb");
INSERT INTO device (id, protocol_id, identifier, device_name) VALUES (155, 36, NULL, "Svakom Iker");
INSERT INTO device_feature (id, device_id) VALUES (106, 155);
INSERT INTO feature_scalarcmd (id, feature_id, actuator_type_id, description, range_min, range_max) VALUES (106, 106, 1, NULL, 0, 10);
INSERT INTO device_feature (id, device_id) VALUES (107, 155);
INSERT INTO feature_scalarcmd (id, feature_id, actuator_type_id, description, range_min, range_max) VALUES (107, 107, 1, NULL, 0, 5);
INSERT INTO protocol (id, protocol_name, display_name) VALUES (37, "kgoal-boost", "kgoal-boost");
INSERT INTO protocol_bluetooth_name (protocol_id, bluetooth_name) VALUES (37, "Boost");
INSERT INTO protocol_bluetooth_service (id, protocol_id, service_uuid) VALUES (97, 37, "8e7c6065-7656-17ad-1b41-b53d1a548e0d");
INSERT INTO protocol_bluetooth_characteristic (id, service_id, endpoint, characteristic_uuid) VALUES (109, 97, "rxpressure", "10c2be2d-d2d5-b7a8-5f42-e2468c9ebbf5");
INSERT INTO protocol_bluetooth_service (id, protocol_id, service_uuid) VALUES (98, 37, "0000180f-0000-1000-8000-00805f9b34fb");
INSERT INTO protocol_bluetooth_characteristic (id, service_id, endpoint, characteristic_uuid) VALUES (110, 98, "rxblebattery", "00002a19-0000-1000-8000-00805f9b34fb");
INSERT INTO device (id, protocol_id, identifier, device_name) VALUES (156, 37, NULL, "KGoal Boost");
INSERT INTO protocol (id, protocol_name, display_name) VALUES (38, "libo-elle", "libo-elle");
INSERT INTO protocol_bluetooth_name (protocol_id, bluetooth_name) VALUES (38, "Shuidi");
INSERT INTO protocol_bluetooth_name (protocol_id, bluetooth_name) VALUES (38, "PiPiJing");
INSERT INTO protocol_bluetooth_service (id, protocol_id, service_uuid) VALUES (100, 38, "00006000-0000-1000-8000-00805f9b34fb");
INSERT INTO protocol_bluetooth_characteristic (id, service_id, endpoint, characteristic_uuid) VALUES (111, 100, "tx", "00006001-0000-1000-8000-00805f9b34fb");
INSERT INTO protocol_bluetooth_characteristic (id, service_id, endpoint, characteristic_uuid) VALUES (112, 100, "txmode", "00006002-0000-1000-8000-00805f9b34fb");
INSERT INTO device (id, protocol_id, identifier, device_name) VALUES (157, 38, "Shuidi", "Libo Elle 2");
INSERT INTO device (id, protocol_id, identifier, device_name) VALUES (158, 38, NULL, "Libo Elle Device");
INSERT INTO device_feature (id, device_id) VALUES (108, 158);
INSERT INTO feature_scalarcmd (id, feature_id, actuator_type_id, description, range_min, range_max) VALUES (108, 108, 1, NULL, 0, 3);
INSERT INTO device (id, protocol_id, identifier, device_name) VALUES (159, 38, "PiPiJing", "LiBo Elle");
INSERT INTO protocol (id, protocol_name, display_name) VALUES (39, "svakom-sam", "svakom-sam");
INSERT INTO protocol_bluetooth_name (protocol_id, bluetooth_name) VALUES (39, "Sam Neo");
INSERT INTO protocol_bluetooth_service (id, protocol_id, service_uuid) VALUES (102, 39, "0000ae00-0000-1000-8000-00805f9b34fb");
INSERT INTO protocol_bluetooth_characteristic (id, service_id, endpoint, characteristic_uuid) VALUES (113, 102, "tx", "0000ae01-0000-1000-8000-00805f9b34fb");
INSERT INTO device (id, protocol_id, identifier, device_name) VALUES (160, 39, NULL, "Svakom Sam Neo");
INSERT INTO device_feature (id, device_id) VALUES (109, 160);
INSERT INTO feature_scalarcmd (id, feature_id, actuator_type_id, description, range_min, range_max) VALUES (109, 109, 1, NULL, 0, 10);
INSERT INTO device_feature (id, device_id) VALUES (110, 160);
INSERT INTO feature_scalarcmd (id, feature_id, actuator_type_id, description, range_min, range_max) VALUES (110, 110, 1, NULL, 0, 1);
INSERT INTO protocol (id, protocol_name, display_name) VALUES (40, "mysteryvibe", "mysteryvibe");
INSERT INTO protocol_bluetooth_name (protocol_id, bluetooth_name) VALUES (40, "MV Crescendo");
INSERT INTO protocol_bluetooth_name (protocol_id, bluetooth_name) VALUES (40, "MV Tenuto   ");
INSERT INTO protocol_bluetooth_name (protocol_id, bluetooth_name) VALUES (40, "MV Poco     ");
INSERT INTO protocol_bluetooth_service (id, protocol_id, service_uuid) VALUES (104, 40, "f0006900-110c-478b-b74b-6f403b364a9c");
INSERT INTO protocol_bluetooth_characteristic (id, service_id, endpoint, characteristic_uuid) VALUES (114, 104, "txmode", "f0006901-110c-478b-b74b-6f403b364a9c");
INSERT INTO protocol_bluetooth_characteristic (id, service_id, endpoint, characteristic_uuid) VALUES (115, 104, "txvibrate", "f0006903-110c-478b-b74b-6f403b364a9c");
INSERT INTO device (id, protocol_id, identifier, device_name) VALUES (161, 40, "MV Crescendo", "MysteryVibe Crescendo");
INSERT INTO device (id, protocol_id, identifier, device_name) VALUES (162, 40, "MV Poco     ", "MysteryVibe Poco");
INSERT INTO device_feature (id, device_id) VALUES (111, 162);
INSERT INTO feature_scalarcmd (id, feature_id, actuator_type_id, description, range_min, range_max) VALUES (111, 111, 1, NULL, 0, 56);
INSERT INTO device_feature (id, device_id) VALUES (112, 162);
INSERT INTO feature_scalarcmd (id, feature_id, actuator_type_id, description, range_min, range_max) VALUES (112, 112, 1, NULL, 0, 56);
INSERT INTO device (id, protocol_id, identifier, device_name) VALUES (163, 40, "MV Tenuto   ", "MysteryVibe Tenuto");
INSERT INTO device (id, protocol_id, identifier, device_name) VALUES (164, 40, NULL, "Mysteryvibe Device");
INSERT INTO device_feature (id, device_id) VALUES (113, 164);
INSERT INTO feature_scalarcmd (id, feature_id, actuator_type_id, description, range_min, range_max) VALUES (113, 113, 1, NULL, 0, 56);
INSERT INTO device_feature (id, device_id) VALUES (114, 164);
INSERT INTO feature_scalarcmd (id, feature_id, actuator_type_id, description, range_min, range_max) VALUES (114, 114, 1, NULL, 0, 56);
INSERT INTO device_feature (id, device_id) VALUES (115, 164);
INSERT INTO feature_scalarcmd (id, feature_id, actuator_type_id, description, range_min, range_max) VALUES (115, 115, 1, NULL, 0, 56);
INSERT INTO device_feature (id, device_id) VALUES (116, 164);
INSERT INTO feature_scalarcmd (id, feature_id, actuator_type_id, description, range_min, range_max) VALUES (116, 116, 1, NULL, 0, 56);
INSERT INTO device_feature (id, device_id) VALUES (117, 164);
INSERT INTO feature_scalarcmd (id, feature_id, actuator_type_id, description, range_min, range_max) VALUES (117, 117, 1, NULL, 0, 56);
INSERT INTO device_feature (id, device_id) VALUES (118, 164);
INSERT INTO feature_scalarcmd (id, feature_id, actuator_type_id, description, range_min, range_max) VALUES (118, 118, 1, NULL, 0, 56);
INSERT INTO protocol (id, protocol_name, display_name) VALUES (41, "twerkingbutt", "twerkingbutt");
INSERT INTO protocol_bluetooth_name (protocol_id, bluetooth_name) VALUES (41, "BODIKANG");
INSERT INTO protocol_bluetooth_name (protocol_id, bluetooth_name) VALUES (41, "Twerking Butt");
INSERT INTO protocol_bluetooth_name (protocol_id, bluetooth_name) VALUES (41, "TwerkingButt");
INSERT INTO protocol_bluetooth_service (id, protocol_id, service_uuid) VALUES (106, 41, "00000a60-0000-1000-8000-00805f9b34fb");
INSERT INTO protocol_bluetooth_characteristic (id, service_id, endpoint, characteristic_uuid) VALUES (116, 106, "tx", "00000a66-0000-1000-8000-00805f9b34fb");
INSERT INTO protocol_bluetooth_characteristic (id, service_id, endpoint, characteristic_uuid) VALUES (117, 106, "rx", "00000a67-0000-1000-8000-00805f9b34fb");
INSERT INTO device (id, protocol_id, identifier, device_name) VALUES (165, 41, NULL, "Twerking Butt");
INSERT INTO protocol (id, protocol_name, display_name) VALUES (42, "kizuna", "kizuna");
INSERT INTO device (id, protocol_id, identifier, device_name) VALUES (166, 42, NULL, "Kizuna Smart");
INSERT INTO device_feature (id, device_id) VALUES (119, 166);
INSERT INTO feature_scalarcmd (id, feature_id, actuator_type_id, description, range_min, range_max) VALUES (119, 119, 1, NULL, 0, 9);
INSERT INTO protocol (id, protocol_name, display_name) VALUES (43, "muse", "muse");
INSERT INTO protocol_bluetooth_name (protocol_id, bluetooth_name) VALUES (43, "WB-TDD");
INSERT INTO protocol_bluetooth_name (protocol_id, bluetooth_name) VALUES (43, "WB-ZDB-WST");
INSERT INTO protocol_bluetooth_service (id, protocol_id, service_uuid) VALUES (108, 43, "0000aaa0-0000-1000-8000-00805f9b34fb");
INSERT INTO protocol_bluetooth_characteristic (id, service_id, endpoint, characteristic_uuid) VALUES (118, 108, "tx", "0000aaa1-0000-1000-8000-00805f9b34fb");
INSERT INTO device (id, protocol_id, identifier, device_name) VALUES (167, 43, "WB-TDD", "Galaku Panty Vib");
INSERT INTO device (id, protocol_id, identifier, device_name) VALUES (168, 43, NULL, "Muse Device");
INSERT INTO device_feature (id, device_id) VALUES (120, 168);
INSERT INTO feature_scalarcmd (id, feature_id, actuator_type_id, description, range_min, range_max) VALUES (120, 120, 1, NULL, 0, 9);
INSERT INTO device (id, protocol_id, identifier, device_name) VALUES (169, 43, "WB-ZDB-WST", "Dream Lover Archer 2");
INSERT INTO protocol (id, protocol_name, display_name) VALUES (44, "vibratissimo", "vibratissimo");
INSERT INTO protocol_bluetooth_name (protocol_id, bluetooth_name) VALUES (44, "Vibratissimo");
INSERT INTO protocol_bluetooth_service (id, protocol_id, service_uuid) VALUES (110, 44, "0000180a-0000-1000-8000-00805f9b34fb");
INSERT INTO protocol_bluetooth_characteristic (id, service_id, endpoint, characteristic_uuid) VALUES (119, 110, "rxblemodel", "00002a24-0000-1000-8000-00805f9b34fb");
INSERT INTO protocol_bluetooth_service (id, protocol_id, service_uuid) VALUES (111, 44, "0000180f-0000-1000-8000-00805f9b34fb");
INSERT INTO protocol_bluetooth_characteristic (id, service_id, endpoint, characteristic_uuid) VALUES (120, 111, "rxblebattery", "00002a19-0000-1000-8000-00805f9b34fb");
INSERT INTO protocol_bluetooth_service (id, protocol_id, service_uuid) VALUES (112, 44, "00001523-1212-efde-1523-785feabcd123");
INSERT INTO protocol_bluetooth_characteristic (id, service_id, endpoint, characteristic_uuid) VALUES (121, 112, "rx", "00001527-1212-efde-1523-785feabcd123");
INSERT INTO protocol_bluetooth_characteristic (id, service_id, endpoint, characteristic_uuid) VALUES (122, 112, "txvibrate", "00001526-1212-efde-1523-785feabcd123");
INSERT INTO protocol_bluetooth_characteristic (id, service_id, endpoint, characteristic_uuid) VALUES (123, 112, "txmode", "00001524-1212-efde-1523-785feabcd123");
INSERT INTO device (id, protocol_id, identifier, device_name) VALUES (170, 44, "SecretKiss", "Vibratissimo Licker");
INSERT INTO device_feature (id, device_id) VALUES (121, 170);
INSERT INTO feature_scalarcmd (id, feature_id, actuator_type_id, description, range_min, range_max) VALUES (121, 121, 1, NULL, 0, 255);
INSERT INTO device_feature (id, device_id) VALUES (122, 170);
INSERT INTO feature_scalarcmd (id, feature_id, actuator_type_id, description, range_min, range_max) VALUES (122, 122, 1, NULL, 0, 255);
INSERT INTO device (id, protocol_id, identifier, device_name) VALUES (171, 44, "Licker", "Vibratissimo Licker");
INSERT INTO device_feature (id, device_id) VALUES (123, 171);
INSERT INTO feature_scalarcmd (id, feature_id, actuator_type_id, description, range_min, range_max) VALUES (123, 123, 1, NULL, 0, 255);
INSERT INTO device_feature (id, device_id) VALUES (124, 171);
INSERT INTO feature_scalarcmd (id, feature_id, actuator_type_id, description, range_min, range_max) VALUES (124, 124, 1, NULL, 0, 255);
INSERT INTO device (id, protocol_id, identifier, device_name) VALUES (172, 44, "Womenizer", "Vibratissimo Licker");
INSERT INTO device_feature (id, device_id) VALUES (125, 172);
INSERT INTO feature_scalarcmd (id, feature_id, actuator_type_id, description, range_min, range_max) VALUES (125, 125, 1, NULL, 0, 255);
INSERT INTO device_feature (id, device_id) VALUES (126, 172);
INSERT INTO feature_scalarcmd (id, feature_id, actuator_type_id, description, range_min, range_max) VALUES (126, 126, 1, NULL, 0, 255);
INSERT INTO device (id, protocol_id, identifier, device_name) VALUES (173, 44, NULL, "Vibratissimo Device");
INSERT INTO device_feature (id, device_id) VALUES (127, 173);
INSERT INTO feature_scalarcmd (id, feature_id, actuator_type_id, description, range_min, range_max) VALUES (127, 127, 1, NULL, 0, 255);
INSERT INTO device (id, protocol_id, identifier, device_name) VALUES (174, 44, "Rabbit", "Vibratissimo Rabbit");
INSERT INTO device_feature (id, device_id) VALUES (128, 174);
INSERT INTO feature_scalarcmd (id, feature_id, actuator_type_id, description, range_min, range_max) VALUES (128, 128, 1, NULL, 0, 255);
INSERT INTO device_feature (id, device_id) VALUES (129, 174);
INSERT INTO feature_scalarcmd (id, feature_id, actuator_type_id, description, range_min, range_max) VALUES (129, 129, 1, NULL, 0, 255);
INSERT INTO device_feature (id, device_id) VALUES (130, 174);
INSERT INTO feature_scalarcmd (id, feature_id, actuator_type_id, description, range_min, range_max) VALUES (130, 130, 1, NULL, 0, 2);
INSERT INTO protocol (id, protocol_name, display_name) VALUES (45, "fox", "fox");
INSERT INTO protocol_bluetooth_name (protocol_id, bluetooth_name) VALUES (45, "FOX M70 Pro");
INSERT INTO protocol_bluetooth_name (protocol_id, bluetooth_name) VALUES (45, "FoxM70Pro");
INSERT INTO protocol_bluetooth_name (protocol_id, bluetooth_name) VALUES (45, "FOX");
INSERT INTO protocol_bluetooth_service (id, protocol_id, service_uuid) VALUES (114, 45, "0000ae00-0000-1000-8000-00805f9b34fb");
INSERT INTO protocol_bluetooth_characteristic (id, service_id, endpoint, characteristic_uuid) VALUES (124, 114, "tx", "0000ae01-0000-1000-8000-00805f9b34fb");
INSERT INTO device (id, protocol_id, identifier, device_name) VALUES (175, 45, NULL, "Fox Device");
INSERT INTO device_feature (id, device_id) VALUES (131, 175);
INSERT INTO feature_scalarcmd (id, feature_id, actuator_type_id, description, range_min, range_max) VALUES (131, 131, 1, NULL, 0, 3);
INSERT INTO protocol (id, protocol_name, display_name) VALUES (46, "lovedistance", "lovedistance");
INSERT INTO protocol_bluetooth_name (protocol_id, bluetooth_name) VALUES (46, "RANGE");
INSERT INTO protocol_bluetooth_name (protocol_id, bluetooth_name) VALUES (46, "REACH G");
INSERT INTO protocol_bluetooth_name (protocol_id, bluetooth_name) VALUES (46, "MAG");
INSERT INTO protocol_bluetooth_name (protocol_id, bluetooth_name) VALUES (46, "REACH");
INSERT INTO protocol_bluetooth_name (protocol_id, bluetooth_name) VALUES (46, "SPAN");
INSERT INTO protocol_bluetooth_service (id, protocol_id, service_uuid) VALUES (116, 46, "0000ff00-0000-1000-8000-00805f9b34fb");
INSERT INTO protocol_bluetooth_characteristic (id, service_id, endpoint, characteristic_uuid) VALUES (125, 116, "rx", "0000ff02-0000-1000-8000-00805f9b34fb");
INSERT INTO protocol_bluetooth_characteristic (id, service_id, endpoint, characteristic_uuid) VALUES (126, 116, "tx", "0000ff01-0000-1000-8000-00805f9b34fb");
INSERT INTO device (id, protocol_id, identifier, device_name) VALUES (176, 46, "SPAN", "Love Distance Span");
INSERT INTO device (id, protocol_id, identifier, device_name) VALUES (177, 46, "RANGE", "Love Distance Range");
INSERT INTO device (id, protocol_id, identifier, device_name) VALUES (178, 46, "MAG", "Love Distance Mag");
INSERT INTO device (id, protocol_id, identifier, device_name) VALUES (179, 46, "REACH", "Love Distance Reach");
INSERT INTO device (id, protocol_id, identifier, device_name) VALUES (180, 46, NULL, "Love Distance Device");
INSERT INTO device_feature (id, device_id) VALUES (132, 180);
INSERT INTO feature_scalarcmd (id, feature_id, actuator_type_id, description, range_min, range_max) VALUES (132, 132, 1, NULL, 0, 121);
INSERT INTO device (id, protocol_id, identifier, device_name) VALUES (181, 46, "REACH G", "Love Distance Reach G");
INSERT INTO protocol (id, protocol_name, display_name) VALUES (47, "libo-karen", "libo-karen");
INSERT INTO protocol_bluetooth_name (protocol_id, bluetooth_name) VALUES (47, "SuoYinQiu");
INSERT INTO protocol_bluetooth_service (id, protocol_id, service_uuid) VALUES (118, 47, "00006050-0000-1000-8000-00805f9b34fb");
INSERT INTO protocol_bluetooth_characteristic (id, service_id, endpoint, characteristic_uuid) VALUES (127, 118, "rxpressure", "00006051-0000-1000-8000-00805f9b34fb");
INSERT INTO protocol_bluetooth_service (id, protocol_id, service_uuid) VALUES (119, 47, "00006000-0000-1000-8000-00805f9b34fb");
INSERT INTO protocol_bluetooth_characteristic (id, service_id, endpoint, characteristic_uuid) VALUES (128, 119, "txmode", "00006002-0000-1000-8000-00805f9b34fb");
INSERT INTO protocol_bluetooth_characteristic (id, service_id, endpoint, characteristic_uuid) VALUES (129, 119, "tx", "00006001-0000-1000-8000-00805f9b34fb");
INSERT INTO device (id, protocol_id, identifier, device_name) VALUES (182, 47, NULL, "Libo Karen");
INSERT INTO protocol (id, protocol_name, display_name) VALUES (48, "xibao", "xibao");
INSERT INTO protocol_bluetooth_name (protocol_id, bluetooth_name) VALUES (48, "CCYB_1904");
INSERT INTO protocol_bluetooth_service (id, protocol_id, service_uuid) VALUES (121, 48, "0000fff0-0000-1000-8000-00805f9b34fb");
INSERT INTO protocol_bluetooth_characteristic (id, service_id, endpoint, characteristic_uuid) VALUES (130, 121, "tx", "0000fff2-0000-1000-8000-00805f9b34fb");
INSERT INTO device (id, protocol_id, identifier, device_name) VALUES (183, 48, NULL, "Xibao Smart Masturbation Cup");
INSERT INTO device_feature (id, device_id) VALUES (133, 183);
INSERT INTO feature_scalarcmd (id, feature_id, actuator_type_id, description, range_min, range_max) VALUES (133, 133, 1, NULL, 0, 99);
INSERT INTO protocol (id, protocol_name, display_name) VALUES (49, "mizzzee-v2", "mizzzee-v2");
INSERT INTO protocol_bluetooth_name (protocol_id, bluetooth_name) VALUES (49, "XHT");
INSERT INTO protocol_bluetooth_service (id, protocol_id, service_uuid) VALUES (123, 49, "0000eea0-0000-1000-8000-00805f9b34fb");
INSERT INTO protocol_bluetooth_characteristic (id, service_id, endpoint, characteristic_uuid) VALUES (131, 123, "tx", "0000ee01-0000-1000-8000-00805f9b34fb");
INSERT INTO device (id, protocol_id, identifier, device_name) VALUES (184, 49, NULL, "Mizz Zee Device");
INSERT INTO device_feature (id, device_id) VALUES (134, 184);
INSERT INTO feature_scalarcmd (id, feature_id, actuator_type_id, description, range_min, range_max) VALUES (134, 134, 1, NULL, 0, 68);
INSERT INTO protocol (id, protocol_name, display_name) VALUES (50, "youou", "youou");
INSERT INTO protocol_bluetooth_prefix (protocol_id, prefix) VALUES (50, "VX001_*");
INSERT INTO protocol_bluetooth_service (id, protocol_id, service_uuid) VALUES (125, 50, "0000fff0-0000-1000-8000-00805f9b34fb");
INSERT INTO protocol_bluetooth_characteristic (id, service_id, endpoint, characteristic_uuid) VALUES (132, 125, "tx", "0000fff6-0000-1000-8000-00805f9b34fb");
INSERT INTO device (id, protocol_id, identifier, device_name) VALUES (185, 50, NULL, "Youou Wand Vibrator");
INSERT INTO device_feature (id, device_id) VALUES (135, 185);
INSERT INTO feature_scalarcmd (id, feature_id, actuator_type_id, description, range_min, range_max) VALUES (135, 135, 1, NULL, 0, 255);
INSERT INTO protocol (id, protocol_name, display_name) VALUES (51, "libo-vibes", "libo-vibes");
INSERT INTO protocol_bluetooth_name (protocol_id, bluetooth_name) VALUES (51, "XiaoLu");
INSERT INTO protocol_bluetooth_name (protocol_id, bluetooth_name) VALUES (51, "Haima");
INSERT INTO protocol_bluetooth_name (protocol_id, bluetooth_name) VALUES (51, "MonsterPub");
INSERT INTO protocol_bluetooth_name (protocol_id, bluetooth_name) VALUES (51, "LiBo");
INSERT INTO protocol_bluetooth_name (protocol_id, bluetooth_name) VALUES (51, "QingTing");
INSERT INTO protocol_bluetooth_name (protocol_id, bluetooth_name) VALUES (51, "LuXiaoHan");
INSERT INTO protocol_bluetooth_name (protocol_id, bluetooth_name) VALUES (51, "Yuyi");
INSERT INTO protocol_bluetooth_name (protocol_id, bluetooth_name) VALUES (51, "Huohu");
INSERT INTO protocol_bluetooth_name (protocol_id, bluetooth_name) VALUES (51, "Gugudai");
INSERT INTO protocol_bluetooth_name (protocol_id, bluetooth_name) VALUES (51, "LuWuShuang");
INSERT INTO protocol_bluetooth_name (protocol_id, bluetooth_name) VALUES (51, "BaiHu");
INSERT INTO protocol_bluetooth_service (id, protocol_id, service_uuid) VALUES (127, 51, "00006000-0000-1000-8000-00805f9b34fb");
INSERT INTO protocol_bluetooth_characteristic (id, service_id, endpoint, characteristic_uuid) VALUES (133, 127, "txmode", "00006002-0000-1000-8000-00805f9b34fb");
INSERT INTO protocol_bluetooth_characteristic (id, service_id, endpoint, characteristic_uuid) VALUES (134, 127, "tx", "00006001-0000-1000-8000-00805f9b34fb");
INSERT INTO device (id, protocol_id, identifier, device_name) VALUES (186, 51, "LuXiaoHan", "Libo LuLu");
INSERT INTO device (id, protocol_id, identifier, device_name) VALUES (187, 51, "LuWuShuang", "Libo Adel");
INSERT INTO device (id, protocol_id, identifier, device_name) VALUES (188, 51, "Haima", "Libo Selina");
INSERT INTO device_feature (id, device_id) VALUES (136, 188);
INSERT INTO feature_scalarcmd (id, feature_id, actuator_type_id, description, range_min, range_max) VALUES (136, 136, 1, NULL, 0, 100);
INSERT INTO device_feature (id, device_id) VALUES (137, 188);
INSERT INTO feature_scalarcmd (id, feature_id, actuator_type_id, description, range_min, range_max) VALUES (137, 137, 1, NULL, 0, 3);
INSERT INTO device (id, protocol_id, identifier, device_name) VALUES (189, 51, "Gugudai", "Libo Carlos");
INSERT INTO device_feature (id, device_id) VALUES (138, 189);
INSERT INTO feature_scalarcmd (id, feature_id, actuator_type_id, description, range_min, range_max) VALUES (138, 138, 1, NULL, 0, 100);
INSERT INTO device_feature (id, device_id) VALUES (139, 189);
INSERT INTO feature_scalarcmd (id, feature_id, actuator_type_id, description, range_min, range_max) VALUES (139, 139, 1, NULL, 0, 3);
INSERT INTO device (id, protocol_id, identifier, device_name) VALUES (190, 51, NULL, "Libo Vibes Device");
INSERT INTO device_feature (id, device_id) VALUES (140, 190);
INSERT INTO feature_scalarcmd (id, feature_id, actuator_type_id, description, range_min, range_max) VALUES (140, 140, 1, NULL, 0, 100);
INSERT INTO device (id, protocol_id, identifier, device_name) VALUES (191, 51, "MonsterPub", "Sistalk MonsterPub");
INSERT INTO device (id, protocol_id, identifier, device_name) VALUES (192, 51, "Yuyi", "Libo Feather");
INSERT INTO device (id, protocol_id, identifier, device_name) VALUES (193, 51, "BaiHu", "Libo LaLa");
INSERT INTO device_feature (id, device_id) VALUES (141, 193);
INSERT INTO feature_scalarcmd (id, feature_id, actuator_type_id, description, range_min, range_max) VALUES (141, 141, 1, NULL, 0, 100);
INSERT INTO device_feature (id, device_id) VALUES (142, 193);
INSERT INTO feature_scalarcmd (id, feature_id, actuator_type_id, description, range_min, range_max) VALUES (142, 142, 1, NULL, 0, 3);
INSERT INTO device (id, protocol_id, identifier, device_name) VALUES (194, 51, "Huohu", "Libo Lara");
INSERT INTO device (id, protocol_id, identifier, device_name) VALUES (195, 51, "LiBo", "Libo Lily");
INSERT INTO device (id, protocol_id, identifier, device_name) VALUES (196, 51, "QingTing", "Libo Lucy");
INSERT INTO device (id, protocol_id, identifier, device_name) VALUES (197, 51, "XiaoLu", "Libo Lottie");
INSERT INTO protocol (id, protocol_name, display_name) VALUES (52, "magic-motion-3", "magic-motion-3");
INSERT INTO protocol_bluetooth_name (protocol_id, bluetooth_name) VALUES (52, "Krush");
INSERT INTO protocol_bluetooth_service (id, protocol_id, service_uuid) VALUES (129, 52, "78667579-7b48-43db-b8c5-7928a6b0a335");
INSERT INTO protocol_bluetooth_characteristic (id, service_id, endpoint, characteristic_uuid) VALUES (135, 129, "tx", "78667579-a914-49a4-8333-aa3c0cd8fedc");
INSERT INTO protocol_bluetooth_service (id, protocol_id, service_uuid) VALUES (130, 52, "0000180f-0000-1000-8000-00805f9b34fb");
INSERT INTO protocol_bluetooth_characteristic (id, service_id, endpoint, characteristic_uuid) VALUES (136, 130, "rxblebattery", "00002a19-0000-1000-8000-00805f9b34fb");
INSERT INTO device (id, protocol_id, identifier, device_name) VALUES (198, 52, NULL, "LoveLife Krush");
INSERT INTO device_feature (id, device_id) VALUES (143, 198);
INSERT INTO feature_scalarcmd (id, feature_id, actuator_type_id, description, range_min, range_max) VALUES (143, 143, 1, NULL, 0, 77);
INSERT INTO protocol (id, protocol_name, display_name) VALUES (53, "lovenuts", "lovenuts");
INSERT INTO protocol_bluetooth_name (protocol_id, bluetooth_name) VALUES (53, "Love_Nuts");
INSERT INTO protocol_bluetooth_service (id, protocol_id, service_uuid) VALUES (132, 53, "0000fff0-0000-1000-8000-00805f9b34fb");
INSERT INTO protocol_bluetooth_characteristic (id, service_id, endpoint, characteristic_uuid) VALUES (137, 132, "tx", "0000fff1-0000-1000-8000-00805f9b34fb");
INSERT INTO device (id, protocol_id, identifier, device_name) VALUES (199, 53, NULL, "Love Nut");
INSERT INTO device_feature (id, device_id) VALUES (144, 199);
INSERT INTO feature_scalarcmd (id, feature_id, actuator_type_id, description, range_min, range_max) VALUES (144, 144, 1, NULL, 0, 15);
INSERT INTO protocol (id, protocol_name, display_name) VALUES (54, "vorze-cyclone-x", "vorze-cyclone-x");
INSERT INTO device (id, protocol_id, identifier, device_name) VALUES (200, 54, NULL, "Vorze Cyclone X10 Device");
INSERT INTO protocol (id, protocol_name, display_name) VALUES (55, "realov", "realov");
INSERT INTO protocol_bluetooth_name (protocol_id, bluetooth_name) VALUES (55, "REALOV_VIBE");
INSERT INTO protocol_bluetooth_service (id, protocol_id, service_uuid) VALUES (134, 55, "0000ffe0-0000-1000-8000-00805f9b34fb");
INSERT INTO protocol_bluetooth_characteristic (id, service_id, endpoint, characteristic_uuid) VALUES (138, 134, "tx", "0000ffe1-0000-1000-8000-00805f9b34fb");
INSERT INTO device (id, protocol_id, identifier, device_name) VALUES (201, 55, NULL, "Realov Device");
INSERT INTO device_feature (id, device_id) VALUES (145, 201);
INSERT INTO feature_scalarcmd (id, feature_id, actuator_type_id, description, range_min, range_max) VALUES (145, 145, 1, NULL, 0, 50);
INSERT INTO protocol (id, protocol_name, display_name) VALUES (56, "kiiroo-v21", "kiiroo-v21");
INSERT INTO protocol_bluetooth_name (protocol_id, bluetooth_name) VALUES (56, "Pulse Interactive");
INSERT INTO protocol_bluetooth_name (protocol_id, bluetooth_name) VALUES (56, "Cliona");
INSERT INTO protocol_bluetooth_name (protocol_id, bluetooth_name) VALUES (56, "Pearl2.1");
INSERT INTO protocol_bluetooth_name (protocol_id, bluetooth_name) VALUES (56, "OhMiBod 4.0");
INSERT INTO protocol_bluetooth_name (protocol_id, bluetooth_name) VALUES (56, "Titan1.1");
INSERT INTO protocol_bluetooth_name (protocol_id, bluetooth_name) VALUES (56, "OhMiBod LUMEN");
INSERT INTO protocol_bluetooth_name (protocol_id, bluetooth_name) VALUES (56, "OhMiBod NEX3");
INSERT INTO protocol_bluetooth_service (id, protocol_id, service_uuid) VALUES (136, 56, "00001900-0000-1000-8000-00805f9b34fb");
INSERT INTO protocol_bluetooth_characteristic (id, service_id, endpoint, characteristic_uuid) VALUES (139, 136, "rx", "00001903-0000-1000-8000-00805f9b34fb");
INSERT INTO protocol_bluetooth_characteristic (id, service_id, endpoint, characteristic_uuid) VALUES (140, 136, "whitelist", "00001901-0000-1000-8000-00805f9b34fb");
INSERT INTO protocol_bluetooth_characteristic (id, service_id, endpoint, characteristic_uuid) VALUES (141, 136, "tx", "00001902-0000-1000-8000-00805f9b34fb");
INSERT INTO protocol_bluetooth_service (id, protocol_id, service_uuid) VALUES (137, 56, "a0d70001-4c16-4ba7-977a-d394920e13a3");
INSERT INTO protocol_bluetooth_characteristic (id, service_id, endpoint, characteristic_uuid) VALUES (142, 137, "rx", "a0d70003-4c16-4ba7-977a-d394920e13a3");
INSERT INTO protocol_bluetooth_characteristic (id, service_id, endpoint, characteristic_uuid) VALUES (143, 137, "tx", "a0d70002-4c16-4ba7-977a-d394920e13a3");
INSERT INTO device (id, protocol_id, identifier, device_name) VALUES (202, 56, "OhMiBod 4.0", "OhMiBod Esca 2");
INSERT INTO device_feature (id, device_id) VALUES (146, 202);
INSERT INTO feature_scalarcmd (id, feature_id, actuator_type_id, description, range_min, range_max) VALUES (146, 146, 1, NULL, 0, 100);
INSERT INTO device (id, protocol_id, identifier, device_name) VALUES (203, 56, "Cliona", "Kiiroo Cliona");
INSERT INTO device_feature (id, device_id) VALUES (147, 203);
INSERT INTO feature_scalarcmd (id, feature_id, actuator_type_id, description, range_min, range_max) VALUES (147, 147, 1, NULL, 0, 100);
INSERT INTO device (id, protocol_id, identifier, device_name) VALUES (204, 56, NULL, "Kiiroo V2.1 Device");
INSERT INTO device (id, protocol_id, identifier, device_name) VALUES (205, 56, "Pulse Interactive", "Hot Octopuss Pulse Solo Interactive");
INSERT INTO device_feature (id, device_id) VALUES (148, 205);
INSERT INTO feature_scalarcmd (id, feature_id, actuator_type_id, description, range_min, range_max) VALUES (148, 148, 1, NULL, 0, 6);
INSERT INTO device (id, protocol_id, identifier, device_name) VALUES (206, 56, "OhMiBod NEX3", "hMiBod NEX|3");
INSERT INTO device_feature (id, device_id) VALUES (149, 206);
INSERT INTO feature_scalarcmd (id, feature_id, actuator_type_id, description, range_min, range_max) VALUES (149, 149, 1, NULL, 0, 100);
INSERT INTO device (id, protocol_id, identifier, device_name) VALUES (207, 56, "Pearl2.1", "Kiiroo Pearl 2.1");
INSERT INTO device_feature (id, device_id) VALUES (150, 207);
INSERT INTO feature_scalarcmd (id, feature_id, actuator_type_id, description, range_min, range_max) VALUES (150, 150, 1, NULL, 0, 100);
INSERT INTO device (id, protocol_id, identifier, device_name) VALUES (208, 56, "OhMiBod LUMEN", "OhMiBod Lumen");
INSERT INTO device_feature (id, device_id) VALUES (151, 208);
INSERT INTO feature_scalarcmd (id, feature_id, actuator_type_id, description, range_min, range_max) VALUES (151, 151, 1, NULL, 0, 100);
INSERT INTO device (id, protocol_id, identifier, device_name) VALUES (209, 56, "Titan1.1", "Kiiroo Titan 1.1");
INSERT INTO device_feature (id, device_id) VALUES (152, 209);
INSERT INTO feature_scalarcmd (id, feature_id, actuator_type_id, description, range_min, range_max) VALUES (152, 152, 1, NULL, 0, 100);
INSERT INTO protocol (id, protocol_name, display_name) VALUES (57, "lelo-harmony", "lelo-harmony");
INSERT INTO protocol_bluetooth_name (protocol_id, bluetooth_name) VALUES (57, "Tiani Harmony");
INSERT INTO protocol_bluetooth_name (protocol_id, bluetooth_name) VALUES (57, "IdaWave");
INSERT INTO protocol_bluetooth_name (protocol_id, bluetooth_name) VALUES (57, "TianiHarmony");
INSERT INTO protocol_bluetooth_name (protocol_id, bluetooth_name) VALUES (57, "Ida Wave");
INSERT INTO protocol_bluetooth_service (id, protocol_id, service_uuid) VALUES (139, 57, "0000fff0-0000-1000-8000-00805f9b34fb");
INSERT INTO protocol_bluetooth_characteristic (id, service_id, endpoint, characteristic_uuid) VALUES (144, 139, "command", "0000fff1-0000-1000-8000-00805f9b34fb");
INSERT INTO protocol_bluetooth_characteristic (id, service_id, endpoint, characteristic_uuid) VALUES (145, 139, "tx", "0000fff2-0000-1000-8000-00805f9b34fb");
INSERT INTO protocol_bluetooth_characteristic (id, service_id, endpoint, characteristic_uuid) VALUES (146, 139, "whitelist", "00000a11-0000-1000-8000-00805f9b34fb");
INSERT INTO device (id, protocol_id, identifier, device_name) VALUES (210, 57, "Ida Wave", "Lelo Ida Wave");
INSERT INTO device_feature (id, device_id) VALUES (153, 210);
INSERT INTO feature_scalarcmd (id, feature_id, actuator_type_id, description, range_min, range_max) VALUES (153, 153, 1, NULL, 0, 100);
INSERT INTO device_feature (id, device_id) VALUES (154, 210);
INSERT INTO feature_scalarcmd (id, feature_id, actuator_type_id, description, range_min, range_max) VALUES (154, 154, 1, NULL, 0, 100);
INSERT INTO device (id, protocol_id, identifier, device_name) VALUES (211, 57, "IdaWave", "Lelo Ida Wave");
INSERT INTO device_feature (id, device_id) VALUES (155, 211);
INSERT INTO feature_scalarcmd (id, feature_id, actuator_type_id, description, range_min, range_max) VALUES (155, 155, 1, NULL, 0, 100);
INSERT INTO device_feature (id, device_id) VALUES (156, 211);
INSERT INTO feature_scalarcmd (id, feature_id, actuator_type_id, description, range_min, range_max) VALUES (156, 156, 1, NULL, 0, 100);
INSERT INTO device (id, protocol_id, identifier, device_name) VALUES (212, 57, NULL, "Lelo Tiani Harmony");
INSERT INTO device_feature (id, device_id) VALUES (157, 212);
INSERT INTO feature_scalarcmd (id, feature_id, actuator_type_id, description, range_min, range_max) VALUES (157, 157, 1, NULL, 0, 100);
INSERT INTO device_feature (id, device_id) VALUES (158, 212);
INSERT INTO feature_scalarcmd (id, feature_id, actuator_type_id, description, range_min, range_max) VALUES (158, 158, 1, NULL, 0, 100);
INSERT INTO protocol (id, protocol_name, display_name) VALUES (58, "vorze-sa", "vorze-sa");
INSERT INTO protocol_bluetooth_name (protocol_id, bluetooth_name) VALUES (58, "Bach smart");
INSERT INTO protocol_bluetooth_name (protocol_id, bluetooth_name) VALUES (58, "VorzePiston");
INSERT INTO protocol_bluetooth_name (protocol_id, bluetooth_name) VALUES (58, "ROCKET");
INSERT INTO protocol_bluetooth_name (protocol_id, bluetooth_name) VALUES (58, "UFO-TW");
INSERT INTO protocol_bluetooth_name (protocol_id, bluetooth_name) VALUES (58, "UFOSA");
INSERT INTO protocol_bluetooth_name (protocol_id, bluetooth_name) VALUES (58, "CycSA");
INSERT INTO protocol_bluetooth_service (id, protocol_id, service_uuid) VALUES (141, 58, "40ee1111-63ec-4b7f-8ce7-712efd55b90e");
INSERT INTO protocol_bluetooth_characteristic (id, service_id, endpoint, characteristic_uuid) VALUES (147, 141, "tx", "40ee2222-63ec-4b7f-8ce7-712efd55b90e");
INSERT INTO device (id, protocol_id, identifier, device_name) VALUES (213, 58, "Bach smart", "Vorze Bach");
INSERT INTO device_feature (id, device_id) VALUES (159, 213);
INSERT INTO feature_scalarcmd (id, feature_id, actuator_type_id, description, range_min, range_max) VALUES (159, 159, 1, NULL, 0, 100);
INSERT INTO device (id, protocol_id, identifier, device_name) VALUES (214, 58, "VorzePiston", "Vorze Piston");
INSERT INTO device (id, protocol_id, identifier, device_name) VALUES (215, 58, NULL, "Vorze Device");
INSERT INTO device (id, protocol_id, identifier, device_name) VALUES (216, 58, "CycSA", "Vorze A10 Cyclone SA");
INSERT INTO device (id, protocol_id, identifier, device_name) VALUES (217, 58, "UFOSA", "Vorze UFO SA");
INSERT INTO device (id, protocol_id, identifier, device_name) VALUES (218, 58, "UFO-TW", "Vorze UFO TW");
INSERT INTO device (id, protocol_id, identifier, device_name) VALUES (219, 58, "ROCKET", "Adult Festa Rocket");
INSERT INTO device_feature (id, device_id) VALUES (160, 219);
INSERT INTO feature_scalarcmd (id, feature_id, actuator_type_id, description, range_min, range_max) VALUES (160, 160, 1, NULL, 0, 100);
INSERT INTO protocol (id, protocol_name, display_name) VALUES (59, "wevibe-8bit", "wevibe-8bit");
INSERT INTO protocol_bluetooth_name (protocol_id, bluetooth_name) VALUES (59, "Vector");
INSERT INTO protocol_bluetooth_name (protocol_id, bluetooth_name) VALUES (59, "Wand");
INSERT INTO protocol_bluetooth_name (protocol_id, bluetooth_name) VALUES (59, "Nelson");
INSERT INTO protocol_bluetooth_name (protocol_id, bluetooth_name) VALUES (59, "Nova2");
INSERT INTO protocol_bluetooth_name (protocol_id, bluetooth_name) VALUES (59, "Bond");
INSERT INTO protocol_bluetooth_name (protocol_id, bluetooth_name) VALUES (59, "Melt");
INSERT INTO protocol_bluetooth_name (protocol_id, bluetooth_name) VALUES (59, "Nova 2");
INSERT INTO protocol_bluetooth_name (protocol_id, bluetooth_name) VALUES (59, "Moxie");
INSERT INTO protocol_bluetooth_name (protocol_id, bluetooth_name) VALUES (59, "Nova_2");
INSERT INTO protocol_bluetooth_service (id, protocol_id, service_uuid) VALUES (143, 59, "f000bb03-0451-4000-b000-000000000000");
INSERT INTO protocol_bluetooth_characteristic (id, service_id, endpoint, characteristic_uuid) VALUES (148, 143, "rx", "f000b000-0451-4000-b000-000000000000");
INSERT INTO protocol_bluetooth_characteristic (id, service_id, endpoint, characteristic_uuid) VALUES (149, 143, "tx", "f000c000-0451-4000-b000-000000000000");
INSERT INTO device (id, protocol_id, identifier, device_name) VALUES (220, 59, NULL, "WeVibe 8-bit Device");
INSERT INTO device_feature (id, device_id) VALUES (161, 220);
INSERT INTO feature_scalarcmd (id, feature_id, actuator_type_id, description, range_min, range_max) VALUES (161, 161, 1, NULL, 0, 12);
INSERT INTO device (id, protocol_id, identifier, device_name) VALUES (221, 59, "Moxie", "WeVibe Moxie");
INSERT INTO device (id, protocol_id, identifier, device_name) VALUES (222, 59, "Nova 2", "WeVibe Nova 2");
INSERT INTO device_feature (id, device_id) VALUES (162, 222);
INSERT INTO feature_scalarcmd (id, feature_id, actuator_type_id, description, range_min, range_max) VALUES (162, 162, 1, NULL, 0, 27);
INSERT INTO device_feature (id, device_id) VALUES (163, 222);
INSERT INTO feature_scalarcmd (id, feature_id, actuator_type_id, description, range_min, range_max) VALUES (163, 163, 1, NULL, 0, 27);
INSERT INTO device (id, protocol_id, identifier, device_name) VALUES (223, 59, "Nova2", "WeVibe Nova 2");
INSERT INTO device_feature (id, device_id) VALUES (164, 223);
INSERT INTO feature_scalarcmd (id, feature_id, actuator_type_id, description, range_min, range_max) VALUES (164, 164, 1, NULL, 0, 27);
INSERT INTO device_feature (id, device_id) VALUES (165, 223);
INSERT INTO feature_scalarcmd (id, feature_id, actuator_type_id, description, range_min, range_max) VALUES (165, 165, 1, NULL, 0, 27);
INSERT INTO device (id, protocol_id, identifier, device_name) VALUES (224, 59, "Melt", "WeVibe Melt");
INSERT INTO device_feature (id, device_id) VALUES (166, 224);
INSERT INTO feature_scalarcmd (id, feature_id, actuator_type_id, description, range_min, range_max) VALUES (166, 166, 1, NULL, 0, 22);
INSERT INTO device (id, protocol_id, identifier, device_name) VALUES (225, 59, "Wand", "WeVibe Wand");
INSERT INTO device_feature (id, device_id) VALUES (167, 225);
INSERT INTO feature_scalarcmd (id, feature_id, actuator_type_id, description, range_min, range_max) VALUES (167, 167, 1, NULL, 0, 22);
INSERT INTO device (id, protocol_id, identifier, device_name) VALUES (226, 59, "Vector", "WeVibe Vector");
INSERT INTO device_feature (id, device_id) VALUES (168, 226);
INSERT INTO feature_scalarcmd (id, feature_id, actuator_type_id, description, range_min, range_max) VALUES (168, 168, 1, NULL, 0, 12);
INSERT INTO device_feature (id, device_id) VALUES (169, 226);
INSERT INTO feature_scalarcmd (id, feature_id, actuator_type_id, description, range_min, range_max) VALUES (169, 169, 1, NULL, 0, 12);
INSERT INTO device (id, protocol_id, identifier, device_name) VALUES (227, 59, "Nova_2", "WeVibe Nova 2");
INSERT INTO device_feature (id, device_id) VALUES (170, 227);
INSERT INTO feature_scalarcmd (id, feature_id, actuator_type_id, description, range_min, range_max) VALUES (170, 170, 1, NULL, 0, 27);
INSERT INTO device_feature (id, device_id) VALUES (171, 227);
INSERT INTO feature_scalarcmd (id, feature_id, actuator_type_id, description, range_min, range_max) VALUES (171, 171, 1, NULL, 0, 27);
INSERT INTO device (id, protocol_id, identifier, device_name) VALUES (228, 59, "Bond", "WeVibe Bond");
INSERT INTO device_feature (id, device_id) VALUES (172, 228);
INSERT INTO feature_scalarcmd (id, feature_id, actuator_type_id, description, range_min, range_max) VALUES (172, 172, 1, NULL, 0, 27);
INSERT INTO device (id, protocol_id, identifier, device_name) VALUES (229, 59, "Nelson", "WeVibe Bond");
INSERT INTO device_feature (id, device_id) VALUES (173, 229);
INSERT INTO feature_scalarcmd (id, feature_id, actuator_type_id, description, range_min, range_max) VALUES (173, 173, 1, NULL, 0, 27);
INSERT INTO protocol (id, protocol_name, display_name) VALUES (60, "tcode-v03", "tcode-v03");
INSERT INTO device (id, protocol_id, identifier, device_name) VALUES (230, 60, NULL, "TCode v0.3 (Single Linear Axis)");
INSERT INTO protocol (id, protocol_name, display_name) VALUES (61, "magic-motion-2", "magic-motion-2");
INSERT INTO protocol_bluetooth_name (protocol_id, bluetooth_name) VALUES (61, "Curve");
INSERT INTO protocol_bluetooth_name (protocol_id, bluetooth_name) VALUES (61, "Eidolon");
INSERT INTO protocol_bluetooth_name (protocol_id, bluetooth_name) VALUES (61, "Sword");
INSERT INTO protocol_bluetooth_name (protocol_id, bluetooth_name) VALUES (61, "Lipstick");
INSERT INTO protocol_bluetooth_service (id, protocol_id, service_uuid) VALUES (145, 61, "78667579-7b48-43db-b8c5-7928a6b0a335");
INSERT INTO protocol_bluetooth_characteristic (id, service_id, endpoint, characteristic_uuid) VALUES (150, 145, "tx", "78667579-a914-49a4-8333-aa3c0cd8fedc");
INSERT INTO protocol_bluetooth_service (id, protocol_id, service_uuid) VALUES (146, 61, "0000180f-0000-1000-8000-00805f9b34fb");
INSERT INTO protocol_bluetooth_characteristic (id, service_id, endpoint, characteristic_uuid) VALUES (151, 146, "rxblebattery", "00002a19-0000-1000-8000-00805f9b34fb");
INSERT INTO device (id, protocol_id, identifier, device_name) VALUES (231, 61, NULL, "Magic Motion V2 Device");
INSERT INTO device_feature (id, device_id) VALUES (174, 231);
INSERT INTO feature_scalarcmd (id, feature_id, actuator_type_id, description, range_min, range_max) VALUES (174, 174, 1, NULL, 0, 100);
INSERT INTO device (id, protocol_id, identifier, device_name) VALUES (232, 61, "Sword", "MagicMotion Equinox");
INSERT INTO device (id, protocol_id, identifier, device_name) VALUES (233, 61, "Curve", "MagicMotion Solstice");
INSERT INTO device (id, protocol_id, identifier, device_name) VALUES (234, 61, "Lipstick", "MagicMotion Awaken");
INSERT INTO device (id, protocol_id, identifier, device_name) VALUES (235, 61, "Eidolon", "MagicMotion Eidolon");
INSERT INTO device_feature (id, device_id) VALUES (175, 235);
INSERT INTO feature_scalarcmd (id, feature_id, actuator_type_id, description, range_min, range_max) VALUES (175, 175, 1, NULL, 0, 100);
INSERT INTO device_feature (id, device_id) VALUES (176, 235);
INSERT INTO feature_scalarcmd (id, feature_id, actuator_type_id, description, range_min, range_max) VALUES (176, 176, 1, NULL, 0, 100);
INSERT INTO protocol (id, protocol_name, display_name) VALUES (62, "fredorch", "fredorch");
INSERT INTO protocol_bluetooth_name (protocol_id, bluetooth_name) VALUES (62, "YXlinksSPP");
INSERT INTO protocol_bluetooth_service (id, protocol_id, service_uuid) VALUES (148, 62, "0000ffb0-0000-1000-8000-00805f9b34fb");
INSERT INTO protocol_bluetooth_characteristic (id, service_id, endpoint, characteristic_uuid) VALUES (152, 148, "tx", "0000ffb1-0000-1000-8000-00805f9b34fb");
INSERT INTO protocol_bluetooth_characteristic (id, service_id, endpoint, characteristic_uuid) VALUES (153, 148, "rx", "0000ffb2-0000-1000-8000-00805f9b34fb");
INSERT INTO device (id, protocol_id, identifier, device_name) VALUES (236, 62, NULL, "Fredorch Device");
INSERT INTO protocol (id, protocol_name, display_name) VALUES (63, "lovehoney-desire", "lovehoney-desire");
INSERT INTO protocol_bluetooth_name (protocol_id, bluetooth_name) VALUES (63, "KNICKER VIBE");
INSERT INTO protocol_bluetooth_name (protocol_id, bluetooth_name) VALUES (63, "PROSTATE VIBE");
INSERT INTO protocol_bluetooth_name (protocol_id, bluetooth_name) VALUES (63, "LOVE EGG");
INSERT INTO protocol_bluetooth_service (id, protocol_id, service_uuid) VALUES (150, 63, "0000ff00-0000-1000-8000-00805f9b34fb");
INSERT INTO protocol_bluetooth_characteristic (id, service_id, endpoint, characteristic_uuid) VALUES (154, 150, "tx", "0000ff01-0000-1000-8000-00805f9b34fb");
INSERT INTO device (id, protocol_id, identifier, device_name) VALUES (237, 63, "KNICKER VIBE", "Lovehoney Desire Knicker Vibrator");
INSERT INTO device_feature (id, device_id) VALUES (177, 237);
INSERT INTO feature_scalarcmd (id, feature_id, actuator_type_id, description, range_min, range_max) VALUES (177, 177, 1, NULL, 0, 127);
INSERT INTO device (id, protocol_id, identifier, device_name) VALUES (238, 63, "LOVE EGG", "Lovehoney Desire Love Egg");
INSERT INTO device_feature (id, device_id) VALUES (178, 238);
INSERT INTO feature_scalarcmd (id, feature_id, actuator_type_id, description, range_min, range_max) VALUES (178, 178, 1, NULL, 0, 127);
INSERT INTO device (id, protocol_id, identifier, device_name) VALUES (239, 63, NULL, "Lovehoney Device");
INSERT INTO device_feature (id, device_id) VALUES (179, 239);
INSERT INTO feature_scalarcmd (id, feature_id, actuator_type_id, description, range_min, range_max) VALUES (179, 179, 1, NULL, 0, 127);
INSERT INTO device_feature (id, device_id) VALUES (180, 239);
INSERT INTO feature_scalarcmd (id, feature_id, actuator_type_id, description, range_min, range_max) VALUES (180, 180, 1, NULL, 0, 127);
INSERT INTO device (id, protocol_id, identifier, device_name) VALUES (240, 63, "PROSTATE VIBE", "Lovehoney Desire Prostate Vibrator");
INSERT INTO protocol (id, protocol_name, display_name) VALUES (64, "metaxsire", "metaxsire");
INSERT INTO protocol_bluetooth_name (protocol_id, bluetooth_name) VALUES (64, "Cali");
INSERT INTO protocol_bluetooth_name (protocol_id, bluetooth_name) VALUES (64, "Olis");
INSERT INTO protocol_bluetooth_name (protocol_id, bluetooth_name) VALUES (64, "Rex");
INSERT INTO protocol_bluetooth_service (id, protocol_id, service_uuid) VALUES (152, 64, "0000ffe0-0000-1000-8000-00805f9b34fb");
INSERT INTO protocol_bluetooth_characteristic (id, service_id, endpoint, characteristic_uuid) VALUES (155, 152, "rx", "0000ffe2-0000-1000-8000-00805f9b34fb");
INSERT INTO protocol_bluetooth_characteristic (id, service_id, endpoint, characteristic_uuid) VALUES (156, 152, "tx", "0000ffe1-0000-1000-8000-00805f9b34fb");
INSERT INTO device (id, protocol_id, identifier, device_name) VALUES (241, 64, "Rex", "metaXsire Rex");
INSERT INTO device (id, protocol_id, identifier, device_name) VALUES (242, 64, "Olis", "metaXsire Olis");
INSERT INTO device_feature (id, device_id) VALUES (181, 242);
INSERT INTO feature_scalarcmd (id, feature_id, actuator_type_id, description, range_min, range_max) VALUES (181, 181, 1, NULL, 0, 255);
INSERT INTO device_feature (id, device_id) VALUES (182, 242);
INSERT INTO feature_scalarcmd (id, feature_id, actuator_type_id, description, range_min, range_max) VALUES (182, 182, 1, NULL, 0, 255);
INSERT INTO device_feature (id, device_id) VALUES (183, 242);
INSERT INTO feature_scalarcmd (id, feature_id, actuator_type_id, description, range_min, range_max) VALUES (183, 183, 1, NULL, 0, 255);
INSERT INTO device (id, protocol_id, identifier, device_name) VALUES (243, 64, "Cali", "metaXsire Cali");
INSERT INTO device_feature (id, device_id) VALUES (184, 243);
INSERT INTO feature_scalarcmd (id, feature_id, actuator_type_id, description, range_min, range_max) VALUES (184, 184, 1, NULL, 0, 255);
INSERT INTO device_feature (id, device_id) VALUES (185, 243);
INSERT INTO feature_scalarcmd (id, feature_id, actuator_type_id, description, range_min, range_max) VALUES (185, 185, 1, NULL, 0, 255);
INSERT INTO device (id, protocol_id, identifier, device_name) VALUES (244, 64, NULL, "metaXsire Device");
INSERT INTO device_feature (id, device_id) VALUES (186, 244);
INSERT INTO feature_scalarcmd (id, feature_id, actuator_type_id, description, range_min, range_max) VALUES (186, 186, 1, NULL, 0, 255);
INSERT INTO protocol (id, protocol_name, display_name) VALUES (65, "svakom-v2", "svakom-v2");
INSERT INTO protocol_bluetooth_name (protocol_id, bluetooth_name) VALUES (65, "116");
INSERT INTO protocol_bluetooth_name (protocol_id, bluetooth_name) VALUES (65, "Viviana");
INSERT INTO protocol_bluetooth_service (id, protocol_id, service_uuid) VALUES (154, 65, "0000ffe0-0000-1000-8000-00805f9b34fb");
INSERT INTO protocol_bluetooth_characteristic (id, service_id, endpoint, characteristic_uuid) VALUES (157, 154, "rx", "0000ffe2-0000-1000-8000-00805f9b34fb");
INSERT INTO protocol_bluetooth_characteristic (id, service_id, endpoint, characteristic_uuid) VALUES (158, 154, "tx", "0000ffe1-0000-1000-8000-00805f9b34fb");
INSERT INTO device (id, protocol_id, identifier, device_name) VALUES (245, 65, NULL, "Svakom Device v2");
INSERT INTO device_feature (id, device_id) VALUES (187, 245);
INSERT INTO feature_scalarcmd (id, feature_id, actuator_type_id, description, range_min, range_max) VALUES (187, 187, 1, NULL, 0, 10);
INSERT INTO device (id, protocol_id, identifier, device_name) VALUES (246, 65, "Viviana", "Svakom Viviana");
INSERT INTO device (id, protocol_id, identifier, device_name) VALUES (247, 65, "116", "Svakom Phoenix Neo");
INSERT INTO protocol (id, protocol_name, display_name) VALUES (66, "svakom-pulse", "svakom-pulse");
INSERT INTO protocol_bluetooth_name (protocol_id, bluetooth_name) VALUES (66, "Pulse Union");
INSERT INTO protocol_bluetooth_name (protocol_id, bluetooth_name) VALUES (66, "SWK-SX013A");
INSERT INTO protocol_bluetooth_service (id, protocol_id, service_uuid) VALUES (156, 66, "0000ffe0-0000-1000-8000-00805f9b34fb");
INSERT INTO protocol_bluetooth_characteristic (id, service_id, endpoint, characteristic_uuid) VALUES (159, 156, "rx", "0000ffe2-0000-1000-8000-00805f9b34fb");
INSERT INTO protocol_bluetooth_characteristic (id, service_id, endpoint, characteristic_uuid) VALUES (160, 156, "tx", "0000ffe1-0000-1000-8000-00805f9b34fb");
INSERT INTO device (id, protocol_id, identifier, device_name) VALUES (248, 66, NULL, "Svakom Pulse Device");
INSERT INTO device_feature (id, device_id) VALUES (188, 248);
INSERT INTO feature_scalarcmd (id, feature_id, actuator_type_id, description, range_min, range_max) VALUES (188, 188, 1, NULL, 0, 9);
INSERT INTO device (id, protocol_id, identifier, device_name) VALUES (249, 66, "Pulse Union", "Svakom Pulse Union");
INSERT INTO device (id, protocol_id, identifier, device_name) VALUES (250, 66, "SWK-SX013A", "Svakom Pulse Lite Neo");
INSERT INTO protocol (id, protocol_name, display_name) VALUES (67, "wevibe-chorus", "wevibe-chorus");
INSERT INTO protocol_bluetooth_name (protocol_id, bluetooth_name) VALUES (67, "Chorus");
INSERT INTO protocol_bluetooth_name (protocol_id, bluetooth_name) VALUES (67, "skeena");
INSERT INTO protocol_bluetooth_service (id, protocol_id, service_uuid) VALUES (158, 67, "f000bb03-0451-4000-b000-000000000000");
INSERT INTO protocol_bluetooth_characteristic (id, service_id, endpoint, characteristic_uuid) VALUES (161, 158, "tx", "f000c000-0451-4000-b000-000000000000");
INSERT INTO protocol_bluetooth_characteristic (id, service_id, endpoint, characteristic_uuid) VALUES (162, 158, "rx", "f000b000-0451-4000-b000-000000000000");
INSERT INTO device (id, protocol_id, identifier, device_name) VALUES (251, 67, NULL, "WeVibe Chorus");
INSERT INTO device_feature (id, device_id) VALUES (189, 251);
INSERT INTO feature_scalarcmd (id, feature_id, actuator_type_id, description, range_min, range_max) VALUES (189, 189, 1, NULL, 0, 30);
INSERT INTO device_feature (id, device_id) VALUES (190, 251);
INSERT INTO feature_scalarcmd (id, feature_id, actuator_type_id, description, range_min, range_max) VALUES (190, 190, 1, NULL, 0, 30);
INSERT INTO protocol (id, protocol_name, display_name) VALUES (68, "hismith", "hismith");
INSERT INTO protocol_bluetooth_name (protocol_id, bluetooth_name) VALUES (68, "Wildolo");
INSERT INTO protocol_bluetooth_name (protocol_id, bluetooth_name) VALUES (68, "HISMITH");
INSERT INTO protocol_bluetooth_service (id, protocol_id, service_uuid) VALUES (160, 68, "0000ffe5-0000-1000-8000-00805f9b34fb");
INSERT INTO protocol_bluetooth_characteristic (id, service_id, endpoint, characteristic_uuid) VALUES (163, 160, "tx", "0000ffe9-0000-1000-8000-00805f9b34fb");
INSERT INTO protocol_bluetooth_service (id, protocol_id, service_uuid) VALUES (161, 68, "0000ff90-0000-1000-8000-00805f9b34fb");
INSERT INTO protocol_bluetooth_characteristic (id, service_id, endpoint, characteristic_uuid) VALUES (164, 161, "rxblemodel", "0000ff96-0000-1000-8000-00805f9b34fb");
INSERT INTO device (id, protocol_id, identifier, device_name) VALUES (252, 68, "1002", "Hismith Pro Traveler");
INSERT INTO device (id, protocol_id, identifier, device_name) VALUES (253, 68, "1101", "Hismith Sex Machine");
INSERT INTO device (id, protocol_id, identifier, device_name) VALUES (254, 68, "1001", "Hismith Sex Machine");
INSERT INTO device (id, protocol_id, identifier, device_name) VALUES (255, 68, "1005", "Hismith Mini Sex Machine");
INSERT INTO device (id, protocol_id, identifier, device_name) VALUES (256, 68, NULL, "Hismith device");
INSERT INTO device_feature (id, device_id) VALUES (191, 256);
INSERT INTO feature_scalarcmd (id, feature_id, actuator_type_id, description, range_min, range_max) VALUES (191, 191, 1, "Fucking Machine Oscillation Speed", 0, 100);
INSERT INTO device (id, protocol_id, identifier, device_name) VALUES (257, 68, "2001", "Hismith Thrusting Cup");
INSERT INTO device_feature (id, device_id) VALUES (192, 257);
INSERT INTO feature_scalarcmd (id, feature_id, actuator_type_id, description, range_min, range_max) VALUES (192, 192, 1, "Stroker Oscillation Speed", 0, 100);
INSERT INTO device_feature (id, device_id) VALUES (193, 257);
INSERT INTO feature_scalarcmd (id, feature_id, actuator_type_id, description, range_min, range_max) VALUES (193, 193, 1, NULL, 0, 1);
INSERT INTO device (id, protocol_id, identifier, device_name) VALUES (258, 68, "4001", "Auxfun Sex Machine");
INSERT INTO device (id, protocol_id, identifier, device_name) VALUES (259, 68, "1003", "Hismith Capsule");
INSERT INTO device (id, protocol_id, identifier, device_name) VALUES (260, 68, "3001", "Wildolo Device");
INSERT INTO device_feature (id, device_id) VALUES (194, 260);
INSERT INTO feature_scalarcmd (id, feature_id, actuator_type_id, description, range_min, range_max) VALUES (194, 194, 1, NULL, 0, 100);
INSERT INTO protocol (id, protocol_name, display_name) VALUES (69, "youcups", "youcups");
INSERT INTO protocol_bluetooth_name (protocol_id, bluetooth_name) VALUES (69, "Youcups");
INSERT INTO protocol_bluetooth_service (id, protocol_id, service_uuid) VALUES (163, 69, "0000fee9-0000-1000-8000-00805f9b34fb");
INSERT INTO protocol_bluetooth_characteristic (id, service_id, endpoint, characteristic_uuid) VALUES (165, 163, "tx", "d44bc439-abfd-45a2-b575-925416129600");
INSERT INTO device (id, protocol_id, identifier, device_name) VALUES (261, 69, NULL, "Youcups Warrior II");
INSERT INTO device_feature (id, device_id) VALUES (195, 261);
INSERT INTO feature_scalarcmd (id, feature_id, actuator_type_id, description, range_min, range_max) VALUES (195, 195, 1, NULL, 0, 8);
INSERT INTO protocol (id, protocol_name, display_name) VALUES (70, "zalo", "zalo");
INSERT INTO protocol_bluetooth_name (protocol_id, bluetooth_name) VALUES (70, "ZALO-Jeanne");
INSERT INTO protocol_bluetooth_name (protocol_id, bluetooth_name) VALUES (70, "ZALO-King");
INSERT INTO protocol_bluetooth_name (protocol_id, bluetooth_name) VALUES (70, "ZALO-Queen");
INSERT INTO protocol_bluetooth_service (id, protocol_id, service_uuid) VALUES (165, 70, "0000fff0-0000-1000-8000-00805f9b34fb");
INSERT INTO protocol_bluetooth_characteristic (id, service_id, endpoint, characteristic_uuid) VALUES (166, 165, "tx", "0000fff1-0000-1000-8000-00805f9b34fb");
INSERT INTO device (id, protocol_id, identifier, device_name) VALUES (262, 70, NULL, "Zalo Device");
INSERT INTO device_feature (id, device_id) VALUES (196, 262);
INSERT INTO feature_scalarcmd (id, feature_id, actuator_type_id, description, range_min, range_max) VALUES (196, 196, 1, NULL, 0, 8);
INSERT INTO device (id, protocol_id, identifier, device_name) VALUES (263, 70, "ZALO-King", "Zalo King");
INSERT INTO device_feature (id, device_id) VALUES (197, 263);
INSERT INTO feature_scalarcmd (id, feature_id, actuator_type_id, description, range_min, range_max) VALUES (197, 197, 1, NULL, 0, 8);
INSERT INTO device_feature (id, device_id) VALUES (198, 263);
INSERT INTO feature_scalarcmd (id, feature_id, actuator_type_id, description, range_min, range_max) VALUES (198, 198, 1, NULL, 0, 8);
INSERT INTO device (id, protocol_id, identifier, device_name) VALUES (264, 70, "ZALO-Queen", "Zalo Queen");
INSERT INTO device_feature (id, device_id) VALUES (199, 264);
INSERT INTO feature_scalarcmd (id, feature_id, actuator_type_id, description, range_min, range_max) VALUES (199, 199, 1, NULL, 0, 8);
INSERT INTO device_feature (id, device_id) VALUES (200, 264);
INSERT INTO feature_scalarcmd (id, feature_id, actuator_type_id, description, range_min, range_max) VALUES (200, 200, 1, NULL, 0, 8);
INSERT INTO device (id, protocol_id, identifier, device_name) VALUES (265, 70, "ZALO-Jeanne", "Zalo Jeanne");
INSERT INTO protocol (id, protocol_name, display_name) VALUES (71, "thehandy", "thehandy");
INSERT INTO protocol_bluetooth_name (protocol_id, bluetooth_name) VALUES (71, "The Handy");
INSERT INTO protocol_bluetooth_service (id, protocol_id, service_uuid) VALUES (167, 71, "1775244d-6b43-439b-877c-060f2d9bed07");
INSERT INTO protocol_bluetooth_characteristic (id, service_id, endpoint, characteristic_uuid) VALUES (167, 167, "tx", "1775ff55-6b43-439b-877c-060f2d9bed07");
INSERT INTO protocol_bluetooth_characteristic (id, service_id, endpoint, characteristic_uuid) VALUES (168, 167, "firmware", "1775ff51-6b43-439b-877c-060f2d9bed07");
INSERT INTO device (id, protocol_id, identifier, device_name) VALUES (266, 71, NULL, "The Handy");
INSERT INTO protocol (id, protocol_name, display_name) VALUES (72, "nobra", "nobra");
INSERT INTO protocol_bluetooth_prefix (protocol_id, prefix) VALUES (72, "NobraControl*");
INSERT INTO protocol_bluetooth_service (id, protocol_id, service_uuid) VALUES (169, 72, "0000abf0-0000-1000-8000-00805f9b34fb");
INSERT INTO protocol_bluetooth_characteristic (id, service_id, endpoint, characteristic_uuid) VALUES (169, 169, "tx", "0000abf1-0000-1000-8000-00805f9b34fb");
INSERT INTO device (id, protocol_id, identifier, device_name) VALUES (267, 72, NULL, "Nobra's Silicone Dreams Toy");
INSERT INTO device_feature (id, device_id) VALUES (201, 267);
INSERT INTO feature_scalarcmd (id, feature_id, actuator_type_id, description, range_min, range_max) VALUES (201, 201, 1, NULL, 0, 15);
INSERT INTO protocol (id, protocol_name, display_name) VALUES (73, "kiiroo-v2-vibrator", "kiiroo-v2-vibrator");
INSERT INTO protocol_bluetooth_name (protocol_id, bluetooth_name) VALUES (73, "Pearl2");
INSERT INTO protocol_bluetooth_name (protocol_id, bluetooth_name) VALUES (73, "Fuse");
INSERT INTO protocol_bluetooth_name (protocol_id, bluetooth_name) VALUES (73, "Virtual Blowbot");
INSERT INTO protocol_bluetooth_name (protocol_id, bluetooth_name) VALUES (73, "Titan");
INSERT INTO protocol_bluetooth_name (protocol_id, bluetooth_name) VALUES (73, "Virtual Rabbit");
INSERT INTO protocol_bluetooth_service (id, protocol_id, service_uuid) VALUES (171, 73, "88f82580-0000-01e6-aace-0002a5d5c51b");
INSERT INTO protocol_bluetooth_characteristic (id, service_id, endpoint, characteristic_uuid) VALUES (170, 171, "tx", "88f82581-0000-01e6-aace-0002a5d5c51b");
INSERT INTO protocol_bluetooth_characteristic (id, service_id, endpoint, characteristic_uuid) VALUES (171, 171, "rxaccel", "88f82584-0000-01e6-aace-0002a5d5c51b");
INSERT INTO protocol_bluetooth_characteristic (id, service_id, endpoint, characteristic_uuid) VALUES (172, 171, "rxtouch", "88f82582-0000-01e6-aace-0002a5d5c51b");
INSERT INTO device (id, protocol_id, identifier, device_name) VALUES (268, 73, "Virtual Blowbot", "PornHub Virtual Blowbot");
INSERT INTO device_feature (id, device_id) VALUES (202, 268);
INSERT INTO feature_scalarcmd (id, feature_id, actuator_type_id, description, range_min, range_max) VALUES (202, 202, 1, NULL, 0, 100);
INSERT INTO device_feature (id, device_id) VALUES (203, 268);
INSERT INTO feature_scalarcmd (id, feature_id, actuator_type_id, description, range_min, range_max) VALUES (203, 203, 1, NULL, 0, 100);
INSERT INTO device (id, protocol_id, identifier, device_name) VALUES (269, 73, "Titan", "Kiiroo Titan");
INSERT INTO device_feature (id, device_id) VALUES (204, 269);
INSERT INTO feature_scalarcmd (id, feature_id, actuator_type_id, description, range_min, range_max) VALUES (204, 204, 1, NULL, 0, 100);
INSERT INTO device_feature (id, device_id) VALUES (205, 269);
INSERT INTO feature_scalarcmd (id, feature_id, actuator_type_id, description, range_min, range_max) VALUES (205, 205, 1, NULL, 0, 100);
INSERT INTO device_feature (id, device_id) VALUES (206, 269);
INSERT INTO feature_scalarcmd (id, feature_id, actuator_type_id, description, range_min, range_max) VALUES (206, 206, 1, NULL, 0, 100);
INSERT INTO device (id, protocol_id, identifier, device_name) VALUES (270, 73, NULL, "Kiiroo V2 Vibrator Device");
INSERT INTO device_feature (id, device_id) VALUES (207, 270);
INSERT INTO feature_scalarcmd (id, feature_id, actuator_type_id, description, range_min, range_max) VALUES (207, 207, 1, NULL, 0, 100);
INSERT INTO device_feature (id, device_id) VALUES (208, 270);
INSERT INTO feature_scalarcmd (id, feature_id, actuator_type_id, description, range_min, range_max) VALUES (208, 208, 1, NULL, 0, 100);
INSERT INTO device_feature (id, device_id) VALUES (209, 270);
INSERT INTO feature_scalarcmd (id, feature_id, actuator_type_id, description, range_min, range_max) VALUES (209, 209, 1, NULL, 0, 100);
INSERT INTO device (id, protocol_id, identifier, device_name) VALUES (271, 73, "Virtual Rabbit", "PornHub Virtual Rabit");
INSERT INTO device_feature (id, device_id) VALUES (210, 271);
INSERT INTO feature_scalarcmd (id, feature_id, actuator_type_id, description, range_min, range_max) VALUES (210, 210, 1, NULL, 0, 100);
INSERT INTO device_feature (id, device_id) VALUES (211, 271);
INSERT INTO feature_scalarcmd (id, feature_id, actuator_type_id, description, range_min, range_max) VALUES (211, 211, 1, NULL, 0, 100);
INSERT INTO device (id, protocol_id, identifier, device_name) VALUES (272, 73, "Fuse", "OhMiBod Fuse");
INSERT INTO device_feature (id, device_id) VALUES (212, 272);
INSERT INTO feature_scalarcmd (id, feature_id, actuator_type_id, description, range_min, range_max) VALUES (212, 212, 1, NULL, 0, 100);
INSERT INTO device_feature (id, device_id) VALUES (213, 272);
INSERT INTO feature_scalarcmd (id, feature_id, actuator_type_id, description, range_min, range_max) VALUES (213, 213, 1, NULL, 0, 100);
INSERT INTO device (id, protocol_id, identifier, device_name) VALUES (273, 73, "Pearl2", "Kiiroo Pearl 2");
INSERT INTO device_feature (id, device_id) VALUES (214, 273);
INSERT INTO feature_scalarcmd (id, feature_id, actuator_type_id, description, range_min, range_max) VALUES (214, 214, 1, NULL, 0, 100);
INSERT INTO protocol (id, protocol_name, display_name) VALUES (74, "cowgirl", "cowgirl");
INSERT INTO protocol_bluetooth_name (protocol_id, bluetooth_name) VALUES (74, "THE COWGIRL");
INSERT INTO protocol_bluetooth_name (protocol_id, bluetooth_name) VALUES (74, "THE UNICORN");
INSERT INTO protocol_bluetooth_service (id, protocol_id, service_uuid) VALUES (173, 74, "0000fe00-0000-1000-8000-00805f9b34fb");
INSERT INTO protocol_bluetooth_characteristic (id, service_id, endpoint, characteristic_uuid) VALUES (173, 173, "tx", "0000fe01-0000-1000-8000-00805f9b34fb");
INSERT INTO device (id, protocol_id, identifier, device_name) VALUES (274, 74, "THE COWGIRL", "The Cowgirl");
INSERT INTO device (id, protocol_id, identifier, device_name) VALUES (275, 74, NULL, "The Cowgirl Device");
INSERT INTO device_feature (id, device_id) VALUES (215, 275);
INSERT INTO feature_scalarcmd (id, feature_id, actuator_type_id, description, range_min, range_max) VALUES (215, 215, 1, NULL, 0, 255);
INSERT INTO device_feature (id, device_id) VALUES (216, 275);
INSERT INTO feature_scalarcmd (id, feature_id, actuator_type_id, description, range_min, range_max) VALUES (216, 216, 1, NULL, 0, 255);
INSERT INTO device (id, protocol_id, identifier, device_name) VALUES (276, 74, "THE UNICORN", "The Unicorn");
INSERT INTO protocol (id, protocol_name, display_name) VALUES (75, "mizzzee", "mizzzee");
INSERT INTO protocol_bluetooth_name (protocol_id, bluetooth_name) VALUES (75, "NFY008");
INSERT INTO protocol_bluetooth_service (id, protocol_id, service_uuid) VALUES (175, 75, "0000eea0-0000-1000-8000-00805f9b34fb");
INSERT INTO protocol_bluetooth_characteristic (id, service_id, endpoint, characteristic_uuid) VALUES (174, 175, "tx", "0000eea1-0000-1000-8000-00805f9b34fb");
INSERT INTO device (id, protocol_id, identifier, device_name) VALUES (277, 75, NULL, "Mizz Zee Device");
INSERT INTO device_feature (id, device_id) VALUES (217, 277);
INSERT INTO feature_scalarcmd (id, feature_id, actuator_type_id, description, range_min, range_max) VALUES (217, 217, 1, NULL, 0, 68);
INSERT INTO protocol (id, protocol_name, display_name) VALUES (76, "meese", "meese");
INSERT INTO protocol_bluetooth_name (protocol_id, bluetooth_name) VALUES (76, "Meese-V389");
INSERT INTO protocol_bluetooth_service (id, protocol_id, service_uuid) VALUES (177, 76, "0000ffe0-0000-1000-8000-00805f9b34fb");
INSERT INTO protocol_bluetooth_characteristic (id, service_id, endpoint, characteristic_uuid) VALUES (175, 177, "tx", "0000ffe1-0000-1000-8000-00805f9b34fb");
INSERT INTO device (id, protocol_id, identifier, device_name) VALUES (278, 76, NULL, "Meese Tera");
INSERT INTO device_feature (id, device_id) VALUES (218, 278);
INSERT INTO feature_scalarcmd (id, feature_id, actuator_type_id, description, range_min, range_max) VALUES (218, 218, 1, NULL, 0, 10);
INSERT INTO device_feature (id, device_id) VALUES (219, 278);
INSERT INTO feature_scalarcmd (id, feature_id, actuator_type_id, description, range_min, range_max) VALUES (219, 219, 1, NULL, 0, 3);
INSERT INTO protocol (id, protocol_name, display_name) VALUES (77, "satisfyer", "satisfyer");
INSERT INTO protocol_bluetooth_prefix (protocol_id, prefix) VALUES (77, "SF *");
INSERT INTO protocol_bluetooth_service (id, protocol_id, service_uuid) VALUES (179, 77, "0000180a-0000-1000-8000-00805f9b34fb");
INSERT INTO protocol_bluetooth_characteristic (id, service_id, endpoint, characteristic_uuid) VALUES (176, 179, "rxblemodel", "00002a24-0000-1000-8000-00805f9b34fb");
INSERT INTO protocol_bluetooth_service (id, protocol_id, service_uuid) VALUES (180, 77, "51361500-c5e7-47c7-8a6e-47ebc99d80e8");
INSERT INTO protocol_bluetooth_characteristic (id, service_id, endpoint, characteristic_uuid) VALUES (177, 180, "tx", "51361502-c5e7-47c7-8a6e-47ebc99d80e8");
INSERT INTO protocol_bluetooth_characteristic (id, service_id, endpoint, characteristic_uuid) VALUES (178, 180, "command", "51361501-c5e7-47c7-8a6e-47ebc99d80e8");
INSERT INTO device (id, protocol_id, identifier, device_name) VALUES (279, 77, "10112", "Satisfyer E-Love Story");
INSERT INTO device_feature (id, device_id) VALUES (220, 279);
INSERT INTO feature_scalarcmd (id, feature_id, actuator_type_id, description, range_min, range_max) VALUES (220, 220, 1, NULL, 0, 100);
INSERT INTO device (id, protocol_id, identifier, device_name) VALUES (280, 77, "10194", "Satisfyer G-Spot Flex 5+");
INSERT INTO device (id, protocol_id, identifier, device_name) VALUES (281, 77, "10204", "Satisfyer Twirling Pro+");
INSERT INTO device_feature (id, device_id) VALUES (221, 281);
INSERT INTO feature_scalarcmd (id, feature_id, actuator_type_id, description, range_min, range_max) VALUES (221, 221, 1, NULL, 0, 100);
INSERT INTO device_feature (id, device_id) VALUES (222, 281);
INSERT INTO feature_scalarcmd (id, feature_id, actuator_type_id, description, range_min, range_max) VALUES (222, 222, 1, NULL, 0, 100);
INSERT INTO device (id, protocol_id, identifier, device_name) VALUES (282, 77, "10191", "Satisfyer Threesome 4");
INSERT INTO device_feature (id, device_id) VALUES (223, 282);
INSERT INTO feature_scalarcmd (id, feature_id, actuator_type_id, description, range_min, range_max) VALUES (223, 223, 1, NULL, 0, 100);
INSERT INTO device_feature (id, device_id) VALUES (224, 282);
INSERT INTO feature_scalarcmd (id, feature_id, actuator_type_id, description, range_min, range_max) VALUES (224, 224, 1, NULL, 0, 100);
INSERT INTO device (id, protocol_id, identifier, device_name) VALUES (283, 77, "10198", "Satisfyer Mini Wand-er+");
INSERT INTO device_feature (id, device_id) VALUES (225, 283);
INSERT INTO feature_scalarcmd (id, feature_id, actuator_type_id, description, range_min, range_max) VALUES (225, 225, 1, NULL, 0, 100);
INSERT INTO device_feature (id, device_id) VALUES (226, 283);
INSERT INTO feature_scalarcmd (id, feature_id, actuator_type_id, description, range_min, range_max) VALUES (226, 226, 1, NULL, 0, 100);
INSERT INTO device (id, protocol_id, identifier, device_name) VALUES (284, 77, "10127", "Satisfyer Ribbed Petal");
INSERT INTO device (id, protocol_id, identifier, device_name) VALUES (285, 77, "10181", "Satisfyer Curvy Trinity 5+");
INSERT INTO device_feature (id, device_id) VALUES (227, 285);
INSERT INTO feature_scalarcmd (id, feature_id, actuator_type_id, description, range_min, range_max) VALUES (227, 227, 1, NULL, 0, 100);
INSERT INTO device_feature (id, device_id) VALUES (228, 285);
INSERT INTO feature_scalarcmd (id, feature_id, actuator_type_id, description, range_min, range_max) VALUES (228, 228, 1, NULL, 0, 100);
INSERT INTO device (id, protocol_id, identifier, device_name) VALUES (286, 77, "10025", "Satisfyer Love Triangle");
INSERT INTO device_feature (id, device_id) VALUES (229, 286);
INSERT INTO feature_scalarcmd (id, feature_id, actuator_type_id, description, range_min, range_max) VALUES (229, 229, 1, NULL, 0, 100);
INSERT INTO device_feature (id, device_id) VALUES (230, 286);
INSERT INTO feature_scalarcmd (id, feature_id, actuator_type_id, description, range_min, range_max) VALUES (230, 230, 1, NULL, 0, 100);
INSERT INTO device (id, protocol_id, identifier, device_name) VALUES (287, 77, "10069", "Satisfyer Heat Wave");
INSERT INTO device_feature (id, device_id) VALUES (231, 287);
INSERT INTO feature_scalarcmd (id, feature_id, actuator_type_id, description, range_min, range_max) VALUES (231, 231, 1, NULL, 0, 100);
INSERT INTO device_feature (id, device_id) VALUES (232, 287);
INSERT INTO feature_scalarcmd (id, feature_id, actuator_type_id, description, range_min, range_max) VALUES (232, 232, 1, NULL, 0, 100);
INSERT INTO device (id, protocol_id, identifier, device_name) VALUES (288, 77, "10144", "Satisfyer Rotator Plug 2+");
INSERT INTO device_feature (id, device_id) VALUES (233, 288);
INSERT INTO feature_scalarcmd (id, feature_id, actuator_type_id, description, range_min, range_max) VALUES (233, 233, 1, NULL, 0, 100);
INSERT INTO device_feature (id, device_id) VALUES (234, 288);
INSERT INTO feature_scalarcmd (id, feature_id, actuator_type_id, description, range_min, range_max) VALUES (234, 234, 1, NULL, 0, 100);
INSERT INTO device (id, protocol_id, identifier, device_name) VALUES (289, 77, "10064", "Satisfyer Mono Flex");
INSERT INTO device_feature (id, device_id) VALUES (235, 289);
INSERT INTO feature_scalarcmd (id, feature_id, actuator_type_id, description, range_min, range_max) VALUES (235, 235, 1, NULL, 0, 100);
INSERT INTO device_feature (id, device_id) VALUES (236, 289);
INSERT INTO feature_scalarcmd (id, feature_id, actuator_type_id, description, range_min, range_max) VALUES (236, 236, 1, NULL, 0, 100);
INSERT INTO device (id, protocol_id, identifier, device_name) VALUES (290, 77, "10077", "Satisfyer Royal One");
INSERT INTO device (id, protocol_id, identifier, device_name) VALUES (291, 77, "10162", "Satisfyer Double Desire");
INSERT INTO device_feature (id, device_id) VALUES (237, 291);
INSERT INTO feature_scalarcmd (id, feature_id, actuator_type_id, description, range_min, range_max) VALUES (237, 237, 1, NULL, 0, 100);
INSERT INTO device_feature (id, device_id) VALUES (238, 291);
INSERT INTO feature_scalarcmd (id, feature_id, actuator_type_id, description, range_min, range_max) VALUES (238, 238, 1, NULL, 0, 100);
INSERT INTO device (id, protocol_id, identifier, device_name) VALUES (292, 77, NULL, "Satisfyer Device");
INSERT INTO device_feature (id, device_id) VALUES (239, 292);
INSERT INTO feature_scalarcmd (id, feature_id, actuator_type_id, description, range_min, range_max) VALUES (239, 239, 1, NULL, 0, 100);
INSERT INTO device (id, protocol_id, identifier, device_name) VALUES (293, 77, "10014", "Satisfyer High Fashion+");
INSERT INTO device_feature (id, device_id) VALUES (240, 293);
INSERT INTO feature_scalarcmd (id, feature_id, actuator_type_id, description, range_min, range_max) VALUES (240, 240, 1, NULL, 0, 100);
INSERT INTO device_feature (id, device_id) VALUES (241, 293);
INSERT INTO feature_scalarcmd (id, feature_id, actuator_type_id, description, range_min, range_max) VALUES (241, 241, 1, NULL, 0, 100);
INSERT INTO device (id, protocol_id, identifier, device_name) VALUES (294, 77, "10031", "Satisfyer Curvy 2+");
INSERT INTO device_feature (id, device_id) VALUES (242, 294);
INSERT INTO feature_scalarcmd (id, feature_id, actuator_type_id, description, range_min, range_max) VALUES (242, 242, 1, NULL, 0, 100);
INSERT INTO device_feature (id, device_id) VALUES (243, 294);
INSERT INTO feature_scalarcmd (id, feature_id, actuator_type_id, description, range_min, range_max) VALUES (243, 243, 1, NULL, 0, 100);
INSERT INTO device (id, protocol_id, identifier, device_name) VALUES (295, 77, "10140", "Satisfyer Men Vibration+");
INSERT INTO device_feature (id, device_id) VALUES (244, 295);
INSERT INTO feature_scalarcmd (id, feature_id, actuator_type_id, description, range_min, range_max) VALUES (244, 244, 1, NULL, 0, 100);
INSERT INTO device_feature (id, device_id) VALUES (245, 295);
INSERT INTO feature_scalarcmd (id, feature_id, actuator_type_id, description, range_min, range_max) VALUES (245, 245, 1, NULL, 0, 100);
INSERT INTO device (id, protocol_id, identifier, device_name) VALUES (296, 77, "10161", "Satisfyer Double Desire");
INSERT INTO device_feature (id, device_id) VALUES (246, 296);
INSERT INTO feature_scalarcmd (id, feature_id, actuator_type_id, description, range_min, range_max) VALUES (246, 246, 1, NULL, 0, 100);
INSERT INTO device_feature (id, device_id) VALUES (247, 296);
INSERT INTO feature_scalarcmd (id, feature_id, actuator_type_id, description, range_min, range_max) VALUES (247, 247, 1, NULL, 0, 100);
INSERT INTO device (id, protocol_id, identifier, device_name) VALUES (297, 77, "10175", "Satisfyer Bullseye");
INSERT INTO device (id, protocol_id, identifier, device_name) VALUES (298, 77, "10105", "Satisfyer E-Love Foreplay");
INSERT INTO device_feature (id, device_id) VALUES (248, 298);
INSERT INTO feature_scalarcmd (id, feature_id, actuator_type_id, description, range_min, range_max) VALUES (248, 248, 1, NULL, 0, 100);
INSERT INTO device (id, protocol_id, identifier, device_name) VALUES (299, 77, "10166", "Satisfyer Double Lust");
INSERT INTO device_feature (id, device_id) VALUES (249, 299);
INSERT INTO feature_scalarcmd (id, feature_id, actuator_type_id, description, range_min, range_max) VALUES (249, 249, 1, NULL, 0, 100);
INSERT INTO device_feature (id, device_id) VALUES (250, 299);
INSERT INTO feature_scalarcmd (id, feature_id, actuator_type_id, description, range_min, range_max) VALUES (250, 250, 1, NULL, 0, 100);
INSERT INTO device (id, protocol_id, identifier, device_name) VALUES (300, 77, "10009", "Satisfyer Hot Bunny");
INSERT INTO device_feature (id, device_id) VALUES (251, 300);
INSERT INTO feature_scalarcmd (id, feature_id, actuator_type_id, description, range_min, range_max) VALUES (251, 251, 1, NULL, 0, 100);
INSERT INTO device_feature (id, device_id) VALUES (252, 300);
INSERT INTO feature_scalarcmd (id, feature_id, actuator_type_id, description, range_min, range_max) VALUES (252, 252, 1, NULL, 0, 100);
INSERT INTO device (id, protocol_id, identifier, device_name) VALUES (301, 77, "10170", "Satisfyer Top Secret");
INSERT INTO device_feature (id, device_id) VALUES (253, 301);
INSERT INTO feature_scalarcmd (id, feature_id, actuator_type_id, description, range_min, range_max) VALUES (253, 253, 1, NULL, 0, 100);
INSERT INTO device_feature (id, device_id) VALUES (254, 301);
INSERT INTO feature_scalarcmd (id, feature_id, actuator_type_id, description, range_min, range_max) VALUES (254, 254, 1, NULL, 0, 100);
INSERT INTO device (id, protocol_id, identifier, device_name) VALUES (302, 77, "10032", "Satisfyer Double Wand-er");
INSERT INTO device (id, protocol_id, identifier, device_name) VALUES (303, 77, "10131", "Satisfyer Shiny Petal");
INSERT INTO device (id, protocol_id, identifier, device_name) VALUES (304, 77, "10011", "Satisfyer Heat Climax+");
INSERT INTO device_feature (id, device_id) VALUES (255, 304);
INSERT INTO feature_scalarcmd (id, feature_id, actuator_type_id, description, range_min, range_max) VALUES (255, 255, 1, NULL, 0, 100);
INSERT INTO device_feature (id, device_id) VALUES (256, 304);
INSERT INTO feature_scalarcmd (id, feature_id, actuator_type_id, description, range_min, range_max) VALUES (256, 256, 1, NULL, 0, 100);
INSERT INTO device (id, protocol_id, identifier, device_name) VALUES (305, 77, "10047", "Satisfyer Double Joy");
INSERT INTO device_feature (id, device_id) VALUES (257, 305);
INSERT INTO feature_scalarcmd (id, feature_id, actuator_type_id, description, range_min, range_max) VALUES (257, 257, 1, NULL, 0, 100);
INSERT INTO device_feature (id, device_id) VALUES (258, 305);
INSERT INTO feature_scalarcmd (id, feature_id, actuator_type_id, description, range_min, range_max) VALUES (258, 258, 1, NULL, 0, 100);
INSERT INTO device (id, protocol_id, identifier, device_name) VALUES (306, 77, "10111", "Satisfyer E-Love G-Spotter+");
INSERT INTO device_feature (id, device_id) VALUES (259, 306);
INSERT INTO feature_scalarcmd (id, feature_id, actuator_type_id, description, range_min, range_max) VALUES (259, 259, 1, NULL, 0, 100);
INSERT INTO device_feature (id, device_id) VALUES (260, 306);
INSERT INTO feature_scalarcmd (id, feature_id, actuator_type_id, description, range_min, range_max) VALUES (260, 260, 1, NULL, 0, 100);
INSERT INTO device (id, protocol_id, identifier, device_name) VALUES (307, 77, "10182", "Satisfyer Love Birds 1");
INSERT INTO device (id, protocol_id, identifier, device_name) VALUES (308, 77, "10102", "Satisfyer Plug-ilicious 2");
INSERT INTO device_feature (id, device_id) VALUES (261, 308);
INSERT INTO feature_scalarcmd (id, feature_id, actuator_type_id, description, range_min, range_max) VALUES (261, 261, 1, NULL, 0, 100);
INSERT INTO device_feature (id, device_id) VALUES (262, 308);
INSERT INTO feature_scalarcmd (id, feature_id, actuator_type_id, description, range_min, range_max) VALUES (262, 262, 1, NULL, 0, 100);
INSERT INTO device (id, protocol_id, identifier, device_name) VALUES (309, 77, "10158", "Satisfyer Ultra Power Bullet 8");
INSERT INTO device (id, protocol_id, identifier, device_name) VALUES (310, 77, "10203", "Satisfyer Twirling Pro+");
INSERT INTO device_feature (id, device_id) VALUES (263, 310);
INSERT INTO feature_scalarcmd (id, feature_id, actuator_type_id, description, range_min, range_max) VALUES (263, 263, 1, NULL, 0, 100);
INSERT INTO device_feature (id, device_id) VALUES (264, 310);
INSERT INTO feature_scalarcmd (id, feature_id, actuator_type_id, description, range_min, range_max) VALUES (264, 264, 1, NULL, 0, 100);
INSERT INTO device (id, protocol_id, identifier, device_name) VALUES (311, 77, "10193", "Satisfyer G-Spot Flex 5+");
INSERT INTO device (id, protocol_id, identifier, device_name) VALUES (312, 77, "10028", "Satisfyer Curvy 1+");
INSERT INTO device_feature (id, device_id) VALUES (265, 312);
INSERT INTO feature_scalarcmd (id, feature_id, actuator_type_id, description, range_min, range_max) VALUES (265, 265, 1, NULL, 0, 100);
INSERT INTO device_feature (id, device_id) VALUES (266, 312);
INSERT INTO feature_scalarcmd (id, feature_id, actuator_type_id, description, range_min, range_max) VALUES (266, 266, 1, NULL, 0, 100);
INSERT INTO device (id, protocol_id, identifier, device_name) VALUES (313, 77, "10148", "Satisfyer Sweet Seal");
INSERT INTO device (id, protocol_id, identifier, device_name) VALUES (314, 77, "10103", "Satisfyer Plug-ilicious 2");
INSERT INTO device_feature (id, device_id) VALUES (267, 314);
INSERT INTO feature_scalarcmd (id, feature_id, actuator_type_id, description, range_min, range_max) VALUES (267, 267, 1, NULL, 0, 100);
INSERT INTO device_feature (id, device_id) VALUES (268, 314);
INSERT INTO feature_scalarcmd (id, feature_id, actuator_type_id, description, range_min, range_max) VALUES (268, 268, 1, NULL, 0, 100);
INSERT INTO device (id, protocol_id, identifier, device_name) VALUES (315, 77, "10101", "Satisfyer Plug-ilicious 1");
INSERT INTO device_feature (id, device_id) VALUES (269, 315);
INSERT INTO feature_scalarcmd (id, feature_id, actuator_type_id, description, range_min, range_max) VALUES (269, 269, 1, NULL, 0, 100);
INSERT INTO device_feature (id, device_id) VALUES (270, 315);
INSERT INTO feature_scalarcmd (id, feature_id, actuator_type_id, description, range_min, range_max) VALUES (270, 270, 1, NULL, 0, 100);
INSERT INTO device (id, protocol_id, identifier, device_name) VALUES (316, 77, "10134", "Satisfyer Smooth Petal");
INSERT INTO device (id, protocol_id, identifier, device_name) VALUES (317, 77, "10241", "Satisfyer Rrrolling Sensation");
INSERT INTO device_feature (id, device_id) VALUES (271, 317);
INSERT INTO feature_scalarcmd (id, feature_id, actuator_type_id, description, range_min, range_max) VALUES (271, 271, 1, NULL, 0, 100);
INSERT INTO device_feature (id, device_id) VALUES (272, 317);
INSERT INTO feature_scalarcmd (id, feature_id, actuator_type_id, description, range_min, range_max) VALUES (272, 272, 1, NULL, 0, 100);
INSERT INTO device (id, protocol_id, identifier, device_name) VALUES (318, 77, "10207", "Satisfyer Booty Absolute Beginners 5");
INSERT INTO device (id, protocol_id, identifier, device_name) VALUES (319, 77, "10068", "Satisfyer Double Flex");
INSERT INTO device_feature (id, device_id) VALUES (273, 319);
INSERT INTO feature_scalarcmd (id, feature_id, actuator_type_id, description, range_min, range_max) VALUES (273, 273, 1, NULL, 0, 100);
INSERT INTO device_feature (id, device_id) VALUES (274, 319);
INSERT INTO feature_scalarcmd (id, feature_id, actuator_type_id, description, range_min, range_max) VALUES (274, 274, 1, NULL, 0, 100);
INSERT INTO device_feature (id, device_id) VALUES (275, 319);
INSERT INTO feature_scalarcmd (id, feature_id, actuator_type_id, description, range_min, range_max) VALUES (275, 275, 1, NULL, 0, 100);
INSERT INTO device (id, protocol_id, identifier, device_name) VALUES (320, 77, "10126", "Satisfyer Love Birds Vary");
INSERT INTO device (id, protocol_id, identifier, device_name) VALUES (321, 77, "10187", "Satisfyer Hug me");
INSERT INTO device_feature (id, device_id) VALUES (276, 321);
INSERT INTO feature_scalarcmd (id, feature_id, actuator_type_id, description, range_min, range_max) VALUES (276, 276, 1, NULL, 0, 100);
INSERT INTO device_feature (id, device_id) VALUES (277, 321);
INSERT INTO feature_scalarcmd (id, feature_id, actuator_type_id, description, range_min, range_max) VALUES (277, 277, 1, NULL, 0, 100);
INSERT INTO device (id, protocol_id, identifier, device_name) VALUES (322, 77, "10200", "Satisfyer Tropical Tip");
INSERT INTO device (id, protocol_id, identifier, device_name) VALUES (323, 77, "10206", "Satisfyer Booty Absolute Beginners 5");
INSERT INTO device (id, protocol_id, identifier, device_name) VALUES (324, 77, "10120", "Satisfyer Love Birds 1");
INSERT INTO device (id, protocol_id, identifier, device_name) VALUES (325, 77, "10080", "Satisfyer Dual Love");
INSERT INTO device_feature (id, device_id) VALUES (278, 325);
INSERT INTO feature_scalarcmd (id, feature_id, actuator_type_id, description, range_min, range_max) VALUES (278, 278, 1, NULL, 0, 100);
INSERT INTO device_feature (id, device_id) VALUES (279, 325);
INSERT INTO feature_scalarcmd (id, feature_id, actuator_type_id, description, range_min, range_max) VALUES (279, 279, 1, NULL, 0, 100);
INSERT INTO device (id, protocol_id, identifier, device_name) VALUES (326, 77, "10053", "Satisfyer Double Love");
INSERT INTO device_feature (id, device_id) VALUES (280, 326);
INSERT INTO feature_scalarcmd (id, feature_id, actuator_type_id, description, range_min, range_max) VALUES (280, 280, 1, NULL, 0, 100);
INSERT INTO device_feature (id, device_id) VALUES (281, 326);
INSERT INTO feature_scalarcmd (id, feature_id, actuator_type_id, description, range_min, range_max) VALUES (281, 281, 1, NULL, 0, 100);
INSERT INTO device (id, protocol_id, identifier, device_name) VALUES (327, 77, "10165", "Satisfyer Double Lust");
INSERT INTO device_feature (id, device_id) VALUES (282, 327);
INSERT INTO feature_scalarcmd (id, feature_id, actuator_type_id, description, range_min, range_max) VALUES (282, 282, 1, NULL, 0, 100);
INSERT INTO device_feature (id, device_id) VALUES (283, 327);
INSERT INTO feature_scalarcmd (id, feature_id, actuator_type_id, description, range_min, range_max) VALUES (283, 283, 1, NULL, 0, 100);
INSERT INTO device (id, protocol_id, identifier, device_name) VALUES (328, 77, "10242", "Satisfyer Rrrolling Sensation");
INSERT INTO device_feature (id, device_id) VALUES (284, 328);
INSERT INTO feature_scalarcmd (id, feature_id, actuator_type_id, description, range_min, range_max) VALUES (284, 284, 1, NULL, 0, 100);
INSERT INTO device_feature (id, device_id) VALUES (285, 328);
INSERT INTO feature_scalarcmd (id, feature_id, actuator_type_id, description, range_min, range_max) VALUES (285, 285, 1, NULL, 0, 100);
INSERT INTO device (id, protocol_id, identifier, device_name) VALUES (329, 77, "10066", "Satisfyer Double Flex");
INSERT INTO device_feature (id, device_id) VALUES (286, 329);
INSERT INTO feature_scalarcmd (id, feature_id, actuator_type_id, description, range_min, range_max) VALUES (286, 286, 1, NULL, 0, 100);
INSERT INTO device_feature (id, device_id) VALUES (287, 329);
INSERT INTO feature_scalarcmd (id, feature_id, actuator_type_id, description, range_min, range_max) VALUES (287, 287, 1, NULL, 0, 100);
INSERT INTO device_feature (id, device_id) VALUES (288, 329);
INSERT INTO feature_scalarcmd (id, feature_id, actuator_type_id, description, range_min, range_max) VALUES (288, 288, 1, NULL, 0, 100);
INSERT INTO device (id, protocol_id, identifier, device_name) VALUES (330, 77, "10048", "Satisfyer Double Joy");
INSERT INTO device_feature (id, device_id) VALUES (289, 330);
INSERT INTO feature_scalarcmd (id, feature_id, actuator_type_id, description, range_min, range_max) VALUES (289, 289, 1, NULL, 0, 100);
INSERT INTO device_feature (id, device_id) VALUES (290, 330);
INSERT INTO feature_scalarcmd (id, feature_id, actuator_type_id, description, range_min, range_max) VALUES (290, 290, 1, NULL, 0, 100);
INSERT INTO device (id, protocol_id, identifier, device_name) VALUES (331, 77, "10149", "Satisfyer Sweet Seal");
INSERT INTO device (id, protocol_id, identifier, device_name) VALUES (332, 77, "10173", "Satisfyer Top Secret+");
INSERT INTO device_feature (id, device_id) VALUES (291, 332);
INSERT INTO feature_scalarcmd (id, feature_id, actuator_type_id, description, range_min, range_max) VALUES (291, 291, 1, NULL, 0, 100);
INSERT INTO device_feature (id, device_id) VALUES (292, 332);
INSERT INTO feature_scalarcmd (id, feature_id, actuator_type_id, description, range_min, range_max) VALUES (292, 292, 1, NULL, 0, 100);
INSERT INTO device (id, protocol_id, identifier, device_name) VALUES (333, 77, "10146", "Satisfyer Deep Diver");
INSERT INTO device (id, protocol_id, identifier, device_name) VALUES (334, 77, "10110", "Satisfyer E-Love G-Spotter");
INSERT INTO device_feature (id, device_id) VALUES (293, 334);
INSERT INTO feature_scalarcmd (id, feature_id, actuator_type_id, description, range_min, range_max) VALUES (293, 293, 1, NULL, 0, 100);
INSERT INTO device (id, protocol_id, identifier, device_name) VALUES (335, 77, "10079", "Satisfyer Dual Love");
INSERT INTO device_feature (id, device_id) VALUES (294, 335);
INSERT INTO feature_scalarcmd (id, feature_id, actuator_type_id, description, range_min, range_max) VALUES (294, 294, 1, NULL, 0, 100);
INSERT INTO device_feature (id, device_id) VALUES (295, 335);
INSERT INTO feature_scalarcmd (id, feature_id, actuator_type_id, description, range_min, range_max) VALUES (295, 295, 1, NULL, 0, 100);
INSERT INTO device (id, protocol_id, identifier, device_name) VALUES (336, 77, "10121", "Satisfyer Love Birds 2");
INSERT INTO device (id, protocol_id, identifier, device_name) VALUES (337, 77, "10128", "Satisfyer Ribbed Petal");
INSERT INTO device (id, protocol_id, identifier, device_name) VALUES (338, 77, "10061", "Satisfyer Hot Lover");
INSERT INTO device_feature (id, device_id) VALUES (296, 338);
INSERT INTO feature_scalarcmd (id, feature_id, actuator_type_id, description, range_min, range_max) VALUES (296, 296, 1, NULL, 0, 100);
INSERT INTO device_feature (id, device_id) VALUES (297, 338);
INSERT INTO feature_scalarcmd (id, feature_id, actuator_type_id, description, range_min, range_max) VALUES (297, 297, 1, NULL, 0, 100);
INSERT INTO device (id, protocol_id, identifier, device_name) VALUES (339, 77, "10054", "Satisfyer Double Love");
INSERT INTO device_feature (id, device_id) VALUES (298, 339);
INSERT INTO feature_scalarcmd (id, feature_id, actuator_type_id, description, range_min, range_max) VALUES (298, 298, 1, NULL, 0, 100);
INSERT INTO device_feature (id, device_id) VALUES (299, 339);
INSERT INTO feature_scalarcmd (id, feature_id, actuator_type_id, description, range_min, range_max) VALUES (299, 299, 1, NULL, 0, 100);
INSERT INTO device (id, protocol_id, identifier, device_name) VALUES (340, 77, "10143", "Satisfyer Rotator Plug 1+");
INSERT INTO device_feature (id, device_id) VALUES (300, 340);
INSERT INTO feature_scalarcmd (id, feature_id, actuator_type_id, description, range_min, range_max) VALUES (300, 300, 1, NULL, 0, 100);
INSERT INTO device_feature (id, device_id) VALUES (301, 340);
INSERT INTO feature_scalarcmd (id, feature_id, actuator_type_id, description, range_min, range_max) VALUES (301, 301, 1, NULL, 0, 100);
INSERT INTO device (id, protocol_id, identifier, device_name) VALUES (341, 77, "10141", "Satisfyer Power Plug");
INSERT INTO device (id, protocol_id, identifier, device_name) VALUES (342, 77, "10168", "Satisfyer Pleasure Wand+");
INSERT INTO device (id, protocol_id, identifier, device_name) VALUES (343, 77, "10076", "Satisfyer Powerful One");
INSERT INTO device (id, protocol_id, identifier, device_name) VALUES (344, 77, "10070", "Satisfyer Heat Wave");
INSERT INTO device_feature (id, device_id) VALUES (302, 344);
INSERT INTO feature_scalarcmd (id, feature_id, actuator_type_id, description, range_min, range_max) VALUES (302, 302, 1, NULL, 0, 100);
INSERT INTO device_feature (id, device_id) VALUES (303, 344);
INSERT INTO feature_scalarcmd (id, feature_id, actuator_type_id, description, range_min, range_max) VALUES (303, 303, 1, NULL, 0, 100);
INSERT INTO device (id, protocol_id, identifier, device_name) VALUES (345, 77, "10051", "Satisfyer Double Fun");
INSERT INTO device_feature (id, device_id) VALUES (304, 345);
INSERT INTO feature_scalarcmd (id, feature_id, actuator_type_id, description, range_min, range_max) VALUES (304, 304, 1, NULL, 0, 100);
INSERT INTO device_feature (id, device_id) VALUES (305, 345);
INSERT INTO feature_scalarcmd (id, feature_id, actuator_type_id, description, range_min, range_max) VALUES (305, 305, 1, NULL, 0, 100);
INSERT INTO device (id, protocol_id, identifier, device_name) VALUES (346, 77, "10133", "Satisfyer Shiny Petal");
INSERT INTO device (id, protocol_id, identifier, device_name) VALUES (347, 77, "10185", "Satisfyer Power Masturbator");
INSERT INTO device (id, protocol_id, identifier, device_name) VALUES (348, 77, "10027", "Satisfyer Curvy 1+");
INSERT INTO device_feature (id, device_id) VALUES (306, 348);
INSERT INTO feature_scalarcmd (id, feature_id, actuator_type_id, description, range_min, range_max) VALUES (306, 306, 1, NULL, 0, 100);
INSERT INTO device_feature (id, device_id) VALUES (307, 348);
INSERT INTO feature_scalarcmd (id, feature_id, actuator_type_id, description, range_min, range_max) VALUES (307, 307, 1, NULL, 0, 100);
INSERT INTO device (id, protocol_id, identifier, device_name) VALUES (349, 77, "10201", "Satisfyer Ribbed Petal");
INSERT INTO device (id, protocol_id, identifier, device_name) VALUES (350, 77, "10012", "Satisfyer Hot Passion");
INSERT INTO device_feature (id, device_id) VALUES (308, 350);
INSERT INTO feature_scalarcmd (id, feature_id, actuator_type_id, description, range_min, range_max) VALUES (308, 308, 1, NULL, 0, 100);
INSERT INTO device (id, protocol_id, identifier, device_name) VALUES (351, 77, "10119", "Satisfyer Love Birds 1");
INSERT INTO device (id, protocol_id, identifier, device_name) VALUES (352, 77, "10163", "Satisfyer Double Lust");
INSERT INTO device_feature (id, device_id) VALUES (309, 352);
INSERT INTO feature_scalarcmd (id, feature_id, actuator_type_id, description, range_min, range_max) VALUES (309, 309, 1, NULL, 0, 100);
INSERT INTO device_feature (id, device_id) VALUES (310, 352);
INSERT INTO feature_scalarcmd (id, feature_id, actuator_type_id, description, range_min, range_max) VALUES (310, 310, 1, NULL, 0, 100);
INSERT INTO device (id, protocol_id, identifier, device_name) VALUES (353, 77, "10130", "Satisfyer Shiny Petal");
INSERT INTO device (id, protocol_id, identifier, device_name) VALUES (354, 77, "10090", "Satisfyer Hero+");
INSERT INTO device_feature (id, device_id) VALUES (311, 354);
INSERT INTO feature_scalarcmd (id, feature_id, actuator_type_id, description, range_min, range_max) VALUES (311, 311, 1, NULL, 0, 100);
INSERT INTO device (id, protocol_id, identifier, device_name) VALUES (355, 77, "10093", "Satisfyer Newcomer+");
INSERT INTO device_feature (id, device_id) VALUES (312, 355);
INSERT INTO feature_scalarcmd (id, feature_id, actuator_type_id, description, range_min, range_max) VALUES (312, 312, 1, NULL, 0, 100);
INSERT INTO device (id, protocol_id, identifier, device_name) VALUES (356, 77, "10190", "Satisfyer Threesome 4");
INSERT INTO device_feature (id, device_id) VALUES (313, 356);
INSERT INTO feature_scalarcmd (id, feature_id, actuator_type_id, description, range_min, range_max) VALUES (313, 313, 1, NULL, 0, 100);
INSERT INTO device_feature (id, device_id) VALUES (314, 356);
INSERT INTO feature_scalarcmd (id, feature_id, actuator_type_id, description, range_min, range_max) VALUES (314, 314, 1, NULL, 0, 100);
INSERT INTO device (id, protocol_id, identifier, device_name) VALUES (357, 77, "10151", "Satisfyer Trendsetter");
INSERT INTO device (id, protocol_id, identifier, device_name) VALUES (358, 77, "10007", "Satisfyer Big Heat");
INSERT INTO device (id, protocol_id, identifier, device_name) VALUES (359, 77, "10010", "Satisfyer Heat Climax");
INSERT INTO device_feature (id, device_id) VALUES (315, 359);
INSERT INTO feature_scalarcmd (id, feature_id, actuator_type_id, description, range_min, range_max) VALUES (315, 315, 1, NULL, 0, 100);
INSERT INTO device (id, protocol_id, identifier, device_name) VALUES (360, 77, "10125", "Satisfyer Love Birds Vary");
INSERT INTO device (id, protocol_id, identifier, device_name) VALUES (361, 77, "10074", "Satisfyer Strong One");
INSERT INTO device (id, protocol_id, identifier, device_name) VALUES (362, 77, "10124", "Satisfyer Love Birds Vary");
INSERT INTO device (id, protocol_id, identifier, device_name) VALUES (363, 77, "10129", "Satisfyer Ribbed Petal");
INSERT INTO device (id, protocol_id, identifier, device_name) VALUES (364, 77, "10091", "Satisfyer Knight+");
INSERT INTO device_feature (id, device_id) VALUES (316, 364);
INSERT INTO feature_scalarcmd (id, feature_id, actuator_type_id, description, range_min, range_max) VALUES (316, 316, 1, NULL, 0, 100);
INSERT INTO device (id, protocol_id, identifier, device_name) VALUES (365, 77, "10104", "Satisfyer Plug-ilicious 2");
INSERT INTO device_feature (id, device_id) VALUES (317, 365);
INSERT INTO feature_scalarcmd (id, feature_id, actuator_type_id, description, range_min, range_max) VALUES (317, 317, 1, NULL, 0, 100);
INSERT INTO device_feature (id, device_id) VALUES (318, 365);
INSERT INTO feature_scalarcmd (id, feature_id, actuator_type_id, description, range_min, range_max) VALUES (318, 318, 1, NULL, 0, 100);
INSERT INTO device (id, protocol_id, identifier, device_name) VALUES (366, 77, "10071", "Satisfyer Heat Wave");
INSERT INTO device_feature (id, device_id) VALUES (319, 366);
INSERT INTO feature_scalarcmd (id, feature_id, actuator_type_id, description, range_min, range_max) VALUES (319, 319, 1, NULL, 0, 100);
INSERT INTO device_feature (id, device_id) VALUES (320, 366);
INSERT INTO feature_scalarcmd (id, feature_id, actuator_type_id, description, range_min, range_max) VALUES (320, 320, 1, NULL, 0, 100);
INSERT INTO device (id, protocol_id, identifier, device_name) VALUES (367, 77, "10078", "Satisfyer Signet Ring");
INSERT INTO device (id, protocol_id, identifier, device_name) VALUES (368, 77, "10052", "Satisfyer Double Love");
INSERT INTO device_feature (id, device_id) VALUES (321, 368);
INSERT INTO feature_scalarcmd (id, feature_id, actuator_type_id, description, range_min, range_max) VALUES (321, 321, 1, NULL, 0, 100);
INSERT INTO device_feature (id, device_id) VALUES (322, 368);
INSERT INTO feature_scalarcmd (id, feature_id, actuator_type_id, description, range_min, range_max) VALUES (322, 322, 1, NULL, 0, 100);
INSERT INTO device (id, protocol_id, identifier, device_name) VALUES (369, 77, "10147", "Satisfyer Deep Diver");
INSERT INTO device (id, protocol_id, identifier, device_name) VALUES (370, 77, "10050", "Satisfyer Double Fun");
INSERT INTO device_feature (id, device_id) VALUES (323, 370);
INSERT INTO feature_scalarcmd (id, feature_id, actuator_type_id, description, range_min, range_max) VALUES (323, 323, 1, NULL, 0, 100);
INSERT INTO device_feature (id, device_id) VALUES (324, 370);
INSERT INTO feature_scalarcmd (id, feature_id, actuator_type_id, description, range_min, range_max) VALUES (324, 324, 1, NULL, 0, 100);
INSERT INTO device (id, protocol_id, identifier, device_name) VALUES (371, 77, "10060", "Satisfyer Hot Lover");
INSERT INTO device_feature (id, device_id) VALUES (325, 371);
INSERT INTO feature_scalarcmd (id, feature_id, actuator_type_id, description, range_min, range_max) VALUES (325, 325, 1, NULL, 0, 100);
INSERT INTO device_feature (id, device_id) VALUES (326, 371);
INSERT INTO feature_scalarcmd (id, feature_id, actuator_type_id, description, range_min, range_max) VALUES (326, 326, 1, NULL, 0, 100);
INSERT INTO device (id, protocol_id, identifier, device_name) VALUES (372, 77, "10072", "Satisfyer Little Secret");
INSERT INTO device (id, protocol_id, identifier, device_name) VALUES (373, 77, "10100", "Satisfyer Plug-ilicious 1");
INSERT INTO device_feature (id, device_id) VALUES (327, 373);
INSERT INTO feature_scalarcmd (id, feature_id, actuator_type_id, description, range_min, range_max) VALUES (327, 327, 1, NULL, 0, 100);
INSERT INTO device_feature (id, device_id) VALUES (328, 373);
INSERT INTO feature_scalarcmd (id, feature_id, actuator_type_id, description, range_min, range_max) VALUES (328, 328, 1, NULL, 0, 100);
INSERT INTO device (id, protocol_id, identifier, device_name) VALUES (374, 77, "10062", "Satisfyer Mono Flex");
INSERT INTO device_feature (id, device_id) VALUES (329, 374);
INSERT INTO feature_scalarcmd (id, feature_id, actuator_type_id, description, range_min, range_max) VALUES (329, 329, 1, NULL, 0, 100);
INSERT INTO device_feature (id, device_id) VALUES (330, 374);
INSERT INTO feature_scalarcmd (id, feature_id, actuator_type_id, description, range_min, range_max) VALUES (330, 330, 1, NULL, 0, 100);
INSERT INTO device (id, protocol_id, identifier, device_name) VALUES (375, 77, "10136", "Satisfyer Smooth Petal");
INSERT INTO device (id, protocol_id, identifier, device_name) VALUES (376, 77, "10108", "Satisfyer E-Love G-Hunter");
INSERT INTO device_feature (id, device_id) VALUES (331, 376);
INSERT INTO feature_scalarcmd (id, feature_id, actuator_type_id, description, range_min, range_max) VALUES (331, 331, 1, NULL, 0, 100);
INSERT INTO device (id, protocol_id, identifier, device_name) VALUES (377, 77, "10013", "Satisfyer Haute Couture+");
INSERT INTO device_feature (id, device_id) VALUES (332, 377);
INSERT INTO feature_scalarcmd (id, feature_id, actuator_type_id, description, range_min, range_max) VALUES (332, 332, 1, NULL, 0, 100);
INSERT INTO device_feature (id, device_id) VALUES (333, 377);
INSERT INTO feature_scalarcmd (id, feature_id, actuator_type_id, description, range_min, range_max) VALUES (333, 333, 1, NULL, 0, 100);
INSERT INTO device (id, protocol_id, identifier, device_name) VALUES (378, 77, "10024", "Satisfyer Love Triangle");
INSERT INTO device_feature (id, device_id) VALUES (334, 378);
INSERT INTO feature_scalarcmd (id, feature_id, actuator_type_id, description, range_min, range_max) VALUES (334, 334, 1, NULL, 0, 100);
INSERT INTO device_feature (id, device_id) VALUES (335, 378);
INSERT INTO feature_scalarcmd (id, feature_id, actuator_type_id, description, range_min, range_max) VALUES (335, 335, 1, NULL, 0, 100);
INSERT INTO device (id, protocol_id, identifier, device_name) VALUES (379, 77, "10067", "Satisfyer Double Flex");
INSERT INTO device_feature (id, device_id) VALUES (336, 379);
INSERT INTO feature_scalarcmd (id, feature_id, actuator_type_id, description, range_min, range_max) VALUES (336, 336, 1, NULL, 0, 100);
INSERT INTO device_feature (id, device_id) VALUES (337, 379);
INSERT INTO feature_scalarcmd (id, feature_id, actuator_type_id, description, range_min, range_max) VALUES (337, 337, 1, NULL, 0, 100);
INSERT INTO device_feature (id, device_id) VALUES (338, 379);
INSERT INTO feature_scalarcmd (id, feature_id, actuator_type_id, description, range_min, range_max) VALUES (338, 338, 1, NULL, 0, 100);
INSERT INTO device (id, protocol_id, identifier, device_name) VALUES (380, 77, "10155", "Satisfyer Twirling Joy");
INSERT INTO device (id, protocol_id, identifier, device_name) VALUES (381, 77, "10150", "Satisfyer Trendsetter");
INSERT INTO device (id, protocol_id, identifier, device_name) VALUES (382, 77, "10184", "Satisfyer Intensity Plug");
INSERT INTO device (id, protocol_id, identifier, device_name) VALUES (383, 77, "10142", "Satisfyer Rotator Plug 1+");
INSERT INTO device_feature (id, device_id) VALUES (339, 383);
INSERT INTO feature_scalarcmd (id, feature_id, actuator_type_id, description, range_min, range_max) VALUES (339, 339, 1, NULL, 0, 100);
INSERT INTO device_feature (id, device_id) VALUES (340, 383);
INSERT INTO feature_scalarcmd (id, feature_id, actuator_type_id, description, range_min, range_max) VALUES (340, 340, 1, NULL, 0, 100);
INSERT INTO device (id, protocol_id, identifier, device_name) VALUES (384, 77, "10176", "Satisfyer Bullseye");
INSERT INTO device (id, protocol_id, identifier, device_name) VALUES (385, 77, "10030", "Satisfyer Curvy 2+");
INSERT INTO device_feature (id, device_id) VALUES (341, 385);
INSERT INTO feature_scalarcmd (id, feature_id, actuator_type_id, description, range_min, range_max) VALUES (341, 341, 1, NULL, 0, 100);
INSERT INTO device_feature (id, device_id) VALUES (342, 385);
INSERT INTO feature_scalarcmd (id, feature_id, actuator_type_id, description, range_min, range_max) VALUES (342, 342, 1, NULL, 0, 100);
INSERT INTO device (id, protocol_id, identifier, device_name) VALUES (386, 77, "10006", "Satisfyer Heated Affair");
INSERT INTO device_feature (id, device_id) VALUES (343, 386);
INSERT INTO feature_scalarcmd (id, feature_id, actuator_type_id, description, range_min, range_max) VALUES (343, 343, 1, NULL, 0, 100);
INSERT INTO device_feature (id, device_id) VALUES (344, 386);
INSERT INTO feature_scalarcmd (id, feature_id, actuator_type_id, description, range_min, range_max) VALUES (344, 344, 1, NULL, 0, 100);
INSERT INTO device (id, protocol_id, identifier, device_name) VALUES (387, 77, "10092", "Satisfyer Newcomer+");
INSERT INTO device_feature (id, device_id) VALUES (345, 387);
INSERT INTO feature_scalarcmd (id, feature_id, actuator_type_id, description, range_min, range_max) VALUES (345, 345, 1, NULL, 0, 100);
INSERT INTO device (id, protocol_id, identifier, device_name) VALUES (388, 77, "10177", "Satisfyer Sunray");
INSERT INTO device_feature (id, device_id) VALUES (346, 388);
INSERT INTO feature_scalarcmd (id, feature_id, actuator_type_id, description, range_min, range_max) VALUES (346, 346, 1, NULL, 0, 100);
INSERT INTO device_feature (id, device_id) VALUES (347, 388);
INSERT INTO feature_scalarcmd (id, feature_id, actuator_type_id, description, range_min, range_max) VALUES (347, 347, 1, NULL, 0, 100);
INSERT INTO device (id, protocol_id, identifier, device_name) VALUES (389, 77, "10183", "Satisfyer Intensity Plug");
INSERT INTO device (id, protocol_id, identifier, device_name) VALUES (390, 77, "10189", "Satisfyer Air Pump Vibrator 5+");
INSERT INTO device_feature (id, device_id) VALUES (348, 390);
INSERT INTO feature_scalarcmd (id, feature_id, actuator_type_id, description, range_min, range_max) VALUES (348, 348, 1, NULL, 0, 100);
INSERT INTO device (id, protocol_id, identifier, device_name) VALUES (391, 77, "10208", "Satisfyer Booty Absolute Beginners 5");
INSERT INTO device (id, protocol_id, identifier, device_name) VALUES (392, 77, "10059", "Satisfyer Hot Lover");
INSERT INTO device_feature (id, device_id) VALUES (349, 392);
INSERT INTO feature_scalarcmd (id, feature_id, actuator_type_id, description, range_min, range_max) VALUES (349, 349, 1, NULL, 0, 100);
INSERT INTO device_feature (id, device_id) VALUES (350, 392);
INSERT INTO feature_scalarcmd (id, feature_id, actuator_type_id, description, range_min, range_max) VALUES (350, 350, 1, NULL, 0, 100);
INSERT INTO device (id, protocol_id, identifier, device_name) VALUES (393, 77, "10196", "Satisfyer Pro+ Wave 4");
INSERT INTO device_feature (id, device_id) VALUES (351, 393);
INSERT INTO feature_scalarcmd (id, feature_id, actuator_type_id, description, range_min, range_max) VALUES (351, 351, 1, NULL, 0, 100);
INSERT INTO device_feature (id, device_id) VALUES (352, 393);
INSERT INTO feature_scalarcmd (id, feature_id, actuator_type_id, description, range_min, range_max) VALUES (352, 352, 1, NULL, 0, 100);
INSERT INTO device (id, protocol_id, identifier, device_name) VALUES (394, 77, "10156", "Satisfyer Twirling Joy");
INSERT INTO device (id, protocol_id, identifier, device_name) VALUES (395, 77, "10180", "Satisfyer Curvy Trinity 5+");
INSERT INTO device_feature (id, device_id) VALUES (353, 395);
INSERT INTO feature_scalarcmd (id, feature_id, actuator_type_id, description, range_min, range_max) VALUES (353, 353, 1, NULL, 0, 100);
INSERT INTO device_feature (id, device_id) VALUES (354, 395);
INSERT INTO feature_scalarcmd (id, feature_id, actuator_type_id, description, range_min, range_max) VALUES (354, 354, 1, NULL, 0, 100);
INSERT INTO device (id, protocol_id, identifier, device_name) VALUES (396, 77, "10145", "Satisfyer Rotator Plug 2+");
INSERT INTO device_feature (id, device_id) VALUES (355, 396);
INSERT INTO feature_scalarcmd (id, feature_id, actuator_type_id, description, range_min, range_max) VALUES (355, 355, 1, NULL, 0, 100);
INSERT INTO device_feature (id, device_id) VALUES (356, 396);
INSERT INTO feature_scalarcmd (id, feature_id, actuator_type_id, description, range_min, range_max) VALUES (356, 356, 1, NULL, 0, 100);
INSERT INTO device (id, protocol_id, identifier, device_name) VALUES (397, 77, "10195", "Satisfyer Air Pump Booty 5+");
INSERT INTO device_feature (id, device_id) VALUES (357, 397);
INSERT INTO feature_scalarcmd (id, feature_id, actuator_type_id, description, range_min, range_max) VALUES (357, 357, 1, NULL, 0, 100);
INSERT INTO device (id, protocol_id, identifier, device_name) VALUES (398, 77, "10171", "Satisfyer Top Secret");
INSERT INTO device_feature (id, device_id) VALUES (358, 398);
INSERT INTO feature_scalarcmd (id, feature_id, actuator_type_id, description, range_min, range_max) VALUES (358, 358, 1, NULL, 0, 100);
INSERT INTO device_feature (id, device_id) VALUES (359, 398);
INSERT INTO feature_scalarcmd (id, feature_id, actuator_type_id, description, range_min, range_max) VALUES (359, 359, 1, NULL, 0, 100);
INSERT INTO device (id, protocol_id, identifier, device_name) VALUES (399, 77, "10202", "Satisfyer Smooth Petal");
INSERT INTO device (id, protocol_id, identifier, device_name) VALUES (400, 77, "10123", "Satisfyer Love Birds 2");
INSERT INTO device (id, protocol_id, identifier, device_name) VALUES (401, 77, "10160", "Satisfyer Double Desire");
INSERT INTO device_feature (id, device_id) VALUES (360, 401);
INSERT INTO feature_scalarcmd (id, feature_id, actuator_type_id, description, range_min, range_max) VALUES (360, 360, 1, NULL, 0, 100);
INSERT INTO device_feature (id, device_id) VALUES (361, 401);
INSERT INTO feature_scalarcmd (id, feature_id, actuator_type_id, description, range_min, range_max) VALUES (361, 361, 1, NULL, 0, 100);
INSERT INTO device (id, protocol_id, identifier, device_name) VALUES (402, 77, "10005", "Satisfyer Hot Spot");
INSERT INTO device_feature (id, device_id) VALUES (362, 402);
INSERT INTO feature_scalarcmd (id, feature_id, actuator_type_id, description, range_min, range_max) VALUES (362, 362, 1, NULL, 0, 100);
INSERT INTO device (id, protocol_id, identifier, device_name) VALUES (403, 77, "10186", "Satisfyer Hug me");
INSERT INTO device_feature (id, device_id) VALUES (363, 403);
INSERT INTO feature_scalarcmd (id, feature_id, actuator_type_id, description, range_min, range_max) VALUES (363, 363, 1, NULL, 0, 100);
INSERT INTO device_feature (id, device_id) VALUES (364, 403);
INSERT INTO feature_scalarcmd (id, feature_id, actuator_type_id, description, range_min, range_max) VALUES (364, 364, 1, NULL, 0, 100);
INSERT INTO device (id, protocol_id, identifier, device_name) VALUES (404, 77, "10075", "Satisfyer Mighty One");
INSERT INTO device (id, protocol_id, identifier, device_name) VALUES (405, 77, "10167", "Satisfyer Epic Duo");
INSERT INTO device (id, protocol_id, identifier, device_name) VALUES (406, 77, "10192", "Satisfyer G-Spot Flex 4+");
INSERT INTO device (id, protocol_id, identifier, device_name) VALUES (407, 77, "10174", "Satisfyer Top Secret+");
INSERT INTO device_feature (id, device_id) VALUES (365, 407);
INSERT INTO feature_scalarcmd (id, feature_id, actuator_type_id, description, range_min, range_max) VALUES (365, 365, 1, NULL, 0, 100);
INSERT INTO device_feature (id, device_id) VALUES (366, 407);
INSERT INTO feature_scalarcmd (id, feature_id, actuator_type_id, description, range_min, range_max) VALUES (366, 366, 1, NULL, 0, 100);
INSERT INTO device (id, protocol_id, identifier, device_name) VALUES (408, 77, "10065", "Satisfyer Double Flex");
INSERT INTO device_feature (id, device_id) VALUES (367, 408);
INSERT INTO feature_scalarcmd (id, feature_id, actuator_type_id, description, range_min, range_max) VALUES (367, 367, 1, NULL, 0, 100);
INSERT INTO device_feature (id, device_id) VALUES (368, 408);
INSERT INTO feature_scalarcmd (id, feature_id, actuator_type_id, description, range_min, range_max) VALUES (368, 368, 1, NULL, 0, 100);
INSERT INTO device_feature (id, device_id) VALUES (369, 408);
INSERT INTO feature_scalarcmd (id, feature_id, actuator_type_id, description, range_min, range_max) VALUES (369, 369, 1, NULL, 0, 100);
INSERT INTO device (id, protocol_id, identifier, device_name) VALUES (409, 77, "10135", "Satisfyer Smooth Petal");
INSERT INTO device (id, protocol_id, identifier, device_name) VALUES (410, 77, "10132", "Satisfyer Shiny Petal");
INSERT INTO device (id, protocol_id, identifier, device_name) VALUES (411, 77, "10049", "Satisfyer Double Fun");
INSERT INTO device_feature (id, device_id) VALUES (370, 411);
INSERT INTO feature_scalarcmd (id, feature_id, actuator_type_id, description, range_min, range_max) VALUES (370, 370, 1, NULL, 0, 100);
INSERT INTO device_feature (id, device_id) VALUES (371, 411);
INSERT INTO feature_scalarcmd (id, feature_id, actuator_type_id, description, range_min, range_max) VALUES (371, 371, 1, NULL, 0, 100);
INSERT INTO device (id, protocol_id, identifier, device_name) VALUES (412, 77, "10073", "Satisfyer Sexy Secret");
INSERT INTO device (id, protocol_id, identifier, device_name) VALUES (413, 77, "10178", "Satisfyer Sunray");
INSERT INTO device_feature (id, device_id) VALUES (372, 413);
INSERT INTO feature_scalarcmd (id, feature_id, actuator_type_id, description, range_min, range_max) VALUES (372, 372, 1, NULL, 0, 100);
INSERT INTO device_feature (id, device_id) VALUES (373, 413);
INSERT INTO feature_scalarcmd (id, feature_id, actuator_type_id, description, range_min, range_max) VALUES (373, 373, 1, NULL, 0, 100);
INSERT INTO device (id, protocol_id, identifier, device_name) VALUES (414, 77, "10122", "Satisfyer Love Birds 2");
INSERT INTO device (id, protocol_id, identifier, device_name) VALUES (415, 77, "10157", "Satisfyer Ultra Power Bullet 8");
INSERT INTO device (id, protocol_id, identifier, device_name) VALUES (416, 77, "10046", "Satisfyer Double Joy");
INSERT INTO device_feature (id, device_id) VALUES (374, 416);
INSERT INTO feature_scalarcmd (id, feature_id, actuator_type_id, description, range_min, range_max) VALUES (374, 374, 1, NULL, 0, 100);
INSERT INTO device_feature (id, device_id) VALUES (375, 416);
INSERT INTO feature_scalarcmd (id, feature_id, actuator_type_id, description, range_min, range_max) VALUES (375, 375, 1, NULL, 0, 100);
INSERT INTO device (id, protocol_id, identifier, device_name) VALUES (417, 77, "10055", "Satisfyer Curvy 3+");
INSERT INTO device_feature (id, device_id) VALUES (376, 417);
INSERT INTO feature_scalarcmd (id, feature_id, actuator_type_id, description, range_min, range_max) VALUES (376, 376, 1, NULL, 0, 100);
INSERT INTO device_feature (id, device_id) VALUES (377, 417);
INSERT INTO feature_scalarcmd (id, feature_id, actuator_type_id, description, range_min, range_max) VALUES (377, 377, 1, NULL, 0, 100);
INSERT INTO device (id, protocol_id, identifier, device_name) VALUES (418, 77, "10109", "Satisfyer E-Love G-Hunter+");
INSERT INTO device_feature (id, device_id) VALUES (378, 418);
INSERT INTO feature_scalarcmd (id, feature_id, actuator_type_id, description, range_min, range_max) VALUES (378, 378, 1, NULL, 0, 100);
INSERT INTO device_feature (id, device_id) VALUES (379, 418);
INSERT INTO feature_scalarcmd (id, feature_id, actuator_type_id, description, range_min, range_max) VALUES (379, 379, 1, NULL, 0, 100);
INSERT INTO device (id, protocol_id, identifier, device_name) VALUES (419, 77, "10205", "Satisfyer Perfect Pair 4");
INSERT INTO device (id, protocol_id, identifier, device_name) VALUES (420, 77, "10015", "Satisfyer Prt--porter+");
INSERT INTO device_feature (id, device_id) VALUES (380, 420);
INSERT INTO feature_scalarcmd (id, feature_id, actuator_type_id, description, range_min, range_max) VALUES (380, 380, 1, NULL, 0, 100);
INSERT INTO device_feature (id, device_id) VALUES (381, 420);
INSERT INTO feature_scalarcmd (id, feature_id, actuator_type_id, description, range_min, range_max) VALUES (381, 381, 1, NULL, 0, 100);
INSERT INTO device (id, protocol_id, identifier, device_name) VALUES (421, 77, "10179", "Satisfyer Sunray");
INSERT INTO device_feature (id, device_id) VALUES (382, 421);
INSERT INTO feature_scalarcmd (id, feature_id, actuator_type_id, description, range_min, range_max) VALUES (382, 382, 1, NULL, 0, 100);
INSERT INTO device_feature (id, device_id) VALUES (383, 421);
INSERT INTO feature_scalarcmd (id, feature_id, actuator_type_id, description, range_min, range_max) VALUES (383, 383, 1, NULL, 0, 100);
INSERT INTO device (id, protocol_id, identifier, device_name) VALUES (422, 77, "10169", "Satisfyer Top Secret");
INSERT INTO device_feature (id, device_id) VALUES (384, 422);
INSERT INTO feature_scalarcmd (id, feature_id, actuator_type_id, description, range_min, range_max) VALUES (384, 384, 1, NULL, 0, 100);
INSERT INTO device_feature (id, device_id) VALUES (385, 422);
INSERT INTO feature_scalarcmd (id, feature_id, actuator_type_id, description, range_min, range_max) VALUES (385, 385, 1, NULL, 0, 100);
INSERT INTO device (id, protocol_id, identifier, device_name) VALUES (423, 77, "10199", "Satisfyer Tropical Tip");
INSERT INTO device (id, protocol_id, identifier, device_name) VALUES (424, 77, "10081", "Satisfyer Dual Pleasure");
INSERT INTO device_feature (id, device_id) VALUES (386, 424);
INSERT INTO feature_scalarcmd (id, feature_id, actuator_type_id, description, range_min, range_max) VALUES (386, 386, 1, NULL, 0, 100);
INSERT INTO device_feature (id, device_id) VALUES (387, 424);
INSERT INTO feature_scalarcmd (id, feature_id, actuator_type_id, description, range_min, range_max) VALUES (387, 387, 1, NULL, 0, 100);
INSERT INTO device (id, protocol_id, identifier, device_name) VALUES (425, 77, "10172", "Satisfyer Top Secret+");
INSERT INTO device_feature (id, device_id) VALUES (388, 425);
INSERT INTO feature_scalarcmd (id, feature_id, actuator_type_id, description, range_min, range_max) VALUES (388, 388, 1, NULL, 0, 100);
INSERT INTO device_feature (id, device_id) VALUES (389, 425);
INSERT INTO feature_scalarcmd (id, feature_id, actuator_type_id, description, range_min, range_max) VALUES (389, 389, 1, NULL, 0, 100);
INSERT INTO device (id, protocol_id, identifier, device_name) VALUES (426, 77, "10188", "Satisfyer Air Pump Bunny 5+");
INSERT INTO device_feature (id, device_id) VALUES (390, 426);
INSERT INTO feature_scalarcmd (id, feature_id, actuator_type_id, description, range_min, range_max) VALUES (390, 390, 1, NULL, 0, 100);
INSERT INTO device_feature (id, device_id) VALUES (391, 426);
INSERT INTO feature_scalarcmd (id, feature_id, actuator_type_id, description, range_min, range_max) VALUES (391, 391, 1, NULL, 0, 100);
INSERT INTO device (id, protocol_id, identifier, device_name) VALUES (427, 77, "10164", "Satisfyer Double Lust");
INSERT INTO device_feature (id, device_id) VALUES (392, 427);
INSERT INTO feature_scalarcmd (id, feature_id, actuator_type_id, description, range_min, range_max) VALUES (392, 392, 1, NULL, 0, 100);
INSERT INTO device_feature (id, device_id) VALUES (393, 427);
INSERT INTO feature_scalarcmd (id, feature_id, actuator_type_id, description, range_min, range_max) VALUES (393, 393, 1, NULL, 0, 100);
INSERT INTO device (id, protocol_id, identifier, device_name) VALUES (428, 77, "10063", "Satisfyer Mono Flex");
INSERT INTO device_feature (id, device_id) VALUES (394, 428);
INSERT INTO feature_scalarcmd (id, feature_id, actuator_type_id, description, range_min, range_max) VALUES (394, 394, 1, NULL, 0, 100);
INSERT INTO device_feature (id, device_id) VALUES (395, 428);
INSERT INTO feature_scalarcmd (id, feature_id, actuator_type_id, description, range_min, range_max) VALUES (395, 395, 1, NULL, 0, 100);
INSERT INTO device (id, protocol_id, identifier, device_name) VALUES (429, 77, "10008", "Satisfyer Heated Thrill");
INSERT INTO device_feature (id, device_id) VALUES (396, 429);
INSERT INTO feature_scalarcmd (id, feature_id, actuator_type_id, description, range_min, range_max) VALUES (396, 396, 1, NULL, 0, 100);
INSERT INTO device (id, protocol_id, identifier, device_name) VALUES (430, 77, "10082", "Satisfyer Dual Pleasure");
INSERT INTO device_feature (id, device_id) VALUES (397, 430);
INSERT INTO feature_scalarcmd (id, feature_id, actuator_type_id, description, range_min, range_max) VALUES (397, 397, 1, NULL, 0, 100);
INSERT INTO device_feature (id, device_id) VALUES (398, 430);
INSERT INTO feature_scalarcmd (id, feature_id, actuator_type_id, description, range_min, range_max) VALUES (398, 398, 1, NULL, 0, 100);
INSERT INTO device (id, protocol_id, identifier, device_name) VALUES (431, 77, "10154", "Satisfyer Twirling Joy");
INSERT INTO device (id, protocol_id, identifier, device_name) VALUES (432, 77, "10197", "Satisfyer Mini Wand-er+");
INSERT INTO device_feature (id, device_id) VALUES (399, 432);
INSERT INTO feature_scalarcmd (id, feature_id, actuator_type_id, description, range_min, range_max) VALUES (399, 399, 1, NULL, 0, 100);
INSERT INTO device_feature (id, device_id) VALUES (400, 432);
INSERT INTO feature_scalarcmd (id, feature_id, actuator_type_id, description, range_min, range_max) VALUES (400, 400, 1, NULL, 0, 100);
INSERT INTO protocol (id, protocol_name, display_name) VALUES (78, "libo-shark", "libo-shark");
INSERT INTO protocol_bluetooth_name (protocol_id, bluetooth_name) VALUES (78, "ShaYu");
INSERT INTO protocol_bluetooth_service (id, protocol_id, service_uuid) VALUES (182, 78, "00006000-0000-1000-8000-00805f9b34fb");
INSERT INTO protocol_bluetooth_characteristic (id, service_id, endpoint, characteristic_uuid) VALUES (179, 182, "tx", "00006001-0000-1000-8000-00805f9b34fb");
INSERT INTO protocol_bluetooth_characteristic (id, service_id, endpoint, characteristic_uuid) VALUES (180, 182, "txmode", "00006002-0000-1000-8000-00805f9b34fb");
INSERT INTO device (id, protocol_id, identifier, device_name) VALUES (433, 78, NULL, "Libo Shark");
INSERT INTO device_feature (id, device_id) VALUES (401, 433);
INSERT INTO feature_scalarcmd (id, feature_id, actuator_type_id, description, range_min, range_max) VALUES (401, 401, 1, NULL, 0, 3);
INSERT INTO device_feature (id, device_id) VALUES (402, 433);
INSERT INTO feature_scalarcmd (id, feature_id, actuator_type_id, description, range_min, range_max) VALUES (402, 402, 1, NULL, 0, 3);
INSERT INTO protocol (id, protocol_name, display_name) VALUES (79, "rez-trancevibrator", "rez-trancevibrator");
INSERT INTO device (id, protocol_id, identifier, device_name) VALUES (434, 79, NULL, "Rez TranceVibrator");
INSERT INTO device_feature (id, device_id) VALUES (403, 434);
INSERT INTO feature_scalarcmd (id, feature_id, actuator_type_id, description, range_min, range_max) VALUES (403, 403, 1, NULL, 0, 255);
INSERT INTO protocol (id, protocol_name, display_name) VALUES (80, "galaku-pump", "galaku-pump");
INSERT INTO protocol_bluetooth_name (protocol_id, bluetooth_name) VALUES (80, "V415");
INSERT INTO protocol_bluetooth_service (id, protocol_id, service_uuid) VALUES (184, 80, "00001000-0000-1000-8000-00805f9b34fb");
INSERT INTO protocol_bluetooth_characteristic (id, service_id, endpoint, characteristic_uuid) VALUES (181, 184, "tx", "00001001-0000-1000-8000-00805f9b34fb");
INSERT INTO device (id, protocol_id, identifier, device_name) VALUES (435, 80, "V415", "Galaku Nebula");
INSERT INTO device (id, protocol_id, identifier, device_name) VALUES (436, 80, NULL, "Galaku Device");
INSERT INTO device_feature (id, device_id) VALUES (404, 436);
INSERT INTO feature_scalarcmd (id, feature_id, actuator_type_id, description, range_min, range_max) VALUES (404, 404, 1, NULL, 0, 100);
INSERT INTO device_feature (id, device_id) VALUES (405, 436);
INSERT INTO feature_scalarcmd (id, feature_id, actuator_type_id, description, range_min, range_max) VALUES (405, 405, 1, NULL, 0, 100);
