-- Your SQL goes here

PRAGMA foreign_keys = ON;

CREATE TABLE protocol (
  id INTEGER PRIMARY KEY,
  protocol_name TEXT NOT NULL UNIQUE,
  display_name TEXT NOT NULL
);

CREATE TABLE protocol_bluetooth_name (
  id INTEGER PRIMARY KEY,
  protocol_id INTEGER,
  bluetooth_name TEXT,
  FOREIGN KEY(protocol_id)
    REFERENCES protocol (id)
      ON DELETE CASCADE
      ON UPDATE NO ACTION
);

CREATE UNIQUE INDEX protocol_bluetooth_name_unique ON protocol_bluetooth_name(protocol_id, bluetooth_name);

CREATE TABLE protocol_bluetooth_manufacturer_data (
  id INTEGER PRIMARY KEY,
  protocol_id INTEGER,
  manufacturer_company INTEGER,
  manufacturer_data BLOB,
  FOREIGN KEY(protocol_id)
    REFERENCES protocol (id)
      ON DELETE CASCADE
      ON UPDATE NO ACTION
);

CREATE TABLE protocol_bluetooth_prefix (
  id INTEGER PRIMARY KEY,
  protocol_id INTEGER,
  prefix VARCHAR(255),
  FOREIGN KEY(protocol_id)
    REFERENCES protocol (id)
      ON DELETE CASCADE
      ON UPDATE NO ACTION 
);

CREATE UNIQUE INDEX protocol_bluetooth_prefix_unique ON protocol_bluetooth_prefix(protocol_id, prefix);

CREATE TABLE protocol_bluetooth_service (
  id INTEGER PRIMARY KEY,
  protocol_id INTEGER,
  service_uuid TEXT,
  FOREIGN KEY(protocol_id)
    REFERENCES protocol (id)
      ON DELETE CASCADE
      ON UPDATE NO ACTION   
);

CREATE TABLE protocol_bluetooth_characteristic (
  id INTEGER PRIMARY KEY,
  service_id INTEGER,
  endpoint TEXT,
  characteristic_uuid TEXT,
  FOREIGN KEY(service_id)
    REFERENCES protocol_bluetooth_service (id)
      ON DELETE CASCADE
      ON UPDATE NO ACTION
);

CREATE TABLE protocol_xinput (
  protocol_id INTEGER PRIMARY KEY,
  FOREIGN KEY(protocol_id)
    REFERENCES protocol (id)
      ON DELETE CASCADE
      ON UPDATE NO ACTION
);

-- If protocol are in this table, it just means they are *capable* of serial use.
CREATE TABLE protocol_serial (
  protocol_id INTEGER PRIMARY KEY,
  FOREIGN KEY(protocol_id)
    REFERENCES protocol (id)
      ON DELETE CASCADE
      ON UPDATE NO ACTION
);

CREATE TABLE protocol_hid (
  protocol_id INTEGER,
  hid_vendor_id INTEGER,
  hid_product_id INTEGER,
  PRIMARY KEY(protocol_id, hid_vendor_id, hid_product_id),
  FOREIGN KEY(protocol_id)
    REFERENCES protocol (id)
      ON DELETE CASCADE
      ON UPDATE NO ACTION
);

CREATE TABLE protocol_usb (
  protocol_id INTEGER,
  usb_vendor_id INTEGER,
  usb_product_id INTEGER,
  PRIMARY KEY(protocol_id, usb_vendor_id, usb_product_id),
  FOREIGN KEY(protocol_id)
    REFERENCES protocol (id)
      ON DELETE CASCADE
      ON UPDATE NO ACTION
);

CREATE TABLE user_protocol_serial (
  protocol_id INTEGER,
  port TEXT UNIQUE,
  baud INTEGER,
  data_bits INTEGER,
  stop_bits INTEGER,
  parity TEXT,
  PRIMARY KEY(protocol_id, port),
  FOREIGN KEY(protocol_id)
    REFERENCES protocol (id)
      ON DELETE CASCADE
      ON UPDATE NO ACTION
);

CREATE TABLE user_protocol_websocket_name (
  id INTEGER PRIMARY KEY,
  protocol_id INTEGER,
  device_name TEXT,
  FOREIGN KEY(protocol_id)
    REFERENCES protocol (id)
      ON DELETE CASCADE
      ON UPDATE NO ACTION
);

CREATE TABLE user_protocol_websocket_prefix (
  id INTEGER PRIMARY KEY,
  protocol_id INTEGER,
  device_name TEXT,
  FOREIGN KEY(protocol_id)
    REFERENCES protocol (id)
      ON DELETE CASCADE
      ON UPDATE NO ACTION
);

CREATE TABLE device (
  id INTEGER PRIMARY KEY,
  protocol_id INTEGER,
  identifier TEXT,
  device_name TEXT NOT NULL,
  FOREIGN KEY(protocol_id)
    REFERENCES protocol (id)
      ON DELETE CASCADE
      ON UPDATE NO ACTION
);

CREATE UNIQUE INDEX device_protocol_identifier_index ON device (protocol_id, identifier);

CREATE TABLE device_feature (
  id INTEGER PRIMARY KEY,
  device_id INTEGER,
  descriptor TEXT,
  FOREIGN KEY(device_id)
    REFERENCES device (id)
      ON DELETE CASCADE
      ON UPDATE NO ACTION
);

CREATE TABLE actuator_type (
  id INTEGER PRIMARY KEY,
  actuator_type TEXT
);

INSERT INTO actuator_type (id, actuator_type) VALUES (1, "Unknown");
INSERT INTO actuator_type (id, actuator_type) VALUES (2, "Vibrate");
INSERT INTO actuator_type (id, actuator_type) VALUES (3, "Rotate");
INSERT INTO actuator_type (id, actuator_type) VALUES (4, "Oscillate");
INSERT INTO actuator_type (id, actuator_type) VALUES (5, "Constrict");
INSERT INTO actuator_type (id, actuator_type) VALUES (6, "Inflate");
INSERT INTO actuator_type (id, actuator_type) VALUES (7, "Position");

CREATE TABLE sensor_type (
  id INTEGER PRIMARY KEY,
  sensor_type TEXT
);

INSERT INTO sensor_type (id, sensor_type) VALUES (1, "Unknown");
INSERT INTO sensor_type (id, sensor_type) VALUES (2, "Battery");
INSERT INTO sensor_type (id, sensor_type) VALUES (3, "RSSI");
INSERT INTO sensor_type (id, sensor_type) VALUES (4, "Button");
INSERT INTO sensor_type (id, sensor_type) VALUES (5, "Pressure");

CREATE TABLE feature_scalarcmd (
  id INTEGER PRIMARY KEY,
  feature_id INTEGER,
  actuator_type_id INTEGER,
  description TEXT,
  range_min INTEGER,
  range_max INTEGER,
  FOREIGN KEY(feature_id)
    REFERENCES device_feature (id)
      ON DELETE CASCADE
      ON UPDATE NO ACTION
);

CREATE TABLE feature_rotatecmd (
  id INTEGER PRIMARY KEY,
  feature_id INTEGER,
  description TEXT,
  range_min INTEGER,
  range_max INTEGER,
  FOREIGN KEY(feature_id)
    REFERENCES device_feature (id)
      ON DELETE CASCADE
      ON UPDATE NO ACTION
);

CREATE TABLE feature_linearcmd (
  id INTEGER PRIMARY KEY,
  feature_id INTEGER,
  description TEXT,
  range_min INTEGER,
  range_max INTEGER,
  FOREIGN KEY(feature_id)
    REFERENCES device_feature (id)
      ON DELETE CASCADE
      ON UPDATE NO ACTION
);

CREATE TABLE feature_sensorcmd (
  id INTEGER PRIMARY KEY,
  feature_id INTEGER,
  sensor_type_id INTEGER,
  escription TEXT,
  range_min INTEGER,
  range_max INTEGER,
  readable INTEGER CHECK (readable IN (0, 1)),
  writable INTEGER CHECK (writable IN (0, 1)),
  FOREIGN KEY(sensor_type_id)
    REFERENCES sensor_type (id)
      ON DELETE CASCADE
      ON UPDATE NO ACTION,
  FOREIGN KEY(feature_id)
    REFERENCES device_feature (id)
      ON DELETE CASCADE
      ON UPDATE NO ACTION
);

INSERT INTO protocol (id, protocol_name, display_name) VALUES (1, "satisfyer", "satisfyer");
INSERT INTO protocol_bluetooth_prefix (protocol_id, prefix) VALUES (1, "SF *");
INSERT INTO protocol_bluetooth_service (id, protocol_id, service_uuid) VALUES (1, 1, "0000180a-0000-1000-8000-00805f9b34fb");
INSERT INTO protocol_bluetooth_characteristic (id, service_id, endpoint, characteristic_uuid) VALUES (1, 1, "rxblemodel", "00002a24-0000-1000-8000-00805f9b34fb");
INSERT INTO protocol_bluetooth_service (id, protocol_id, service_uuid) VALUES (2, 1, "51361500-c5e7-47c7-8a6e-47ebc99d80e8");
INSERT INTO protocol_bluetooth_characteristic (id, service_id, endpoint, characteristic_uuid) VALUES (2, 2, "command", "51361501-c5e7-47c7-8a6e-47ebc99d80e8");
INSERT INTO protocol_bluetooth_characteristic (id, service_id, endpoint, characteristic_uuid) VALUES (3, 2, "tx", "51361502-c5e7-47c7-8a6e-47ebc99d80e8");
INSERT INTO device (id, protocol_id, identifier, device_name) VALUES (1, 1, "10151", "Satisfyer Trendsetter");
INSERT INTO device (id, protocol_id, identifier, device_name) VALUES (2, 1, "10067", "Satisfyer Double Flex");
INSERT INTO device_feature (id, device_id) VALUES (1, 2);
INSERT INTO feature_scalarcmd (id, feature_id, actuator_type_id, description, range_min, range_max) VALUES (1, 1, 2, NULL, 0, 100);
INSERT INTO device_feature (id, device_id) VALUES (2, 2);
INSERT INTO feature_scalarcmd (id, feature_id, actuator_type_id, description, range_min, range_max) VALUES (2, 2, 2, NULL, 0, 100);
INSERT INTO device_feature (id, device_id) VALUES (3, 2);
INSERT INTO feature_scalarcmd (id, feature_id, actuator_type_id, description, range_min, range_max) VALUES (3, 3, 2, NULL, 0, 100);
INSERT INTO device (id, protocol_id, identifier, device_name) VALUES (3, 1, "10166", "Satisfyer Double Lust");
INSERT INTO device_feature (id, device_id) VALUES (4, 3);
INSERT INTO feature_scalarcmd (id, feature_id, actuator_type_id, description, range_min, range_max) VALUES (4, 4, 2, NULL, 0, 100);
INSERT INTO device_feature (id, device_id) VALUES (5, 3);
INSERT INTO feature_scalarcmd (id, feature_id, actuator_type_id, description, range_min, range_max) VALUES (5, 5, 2, NULL, 0, 100);
INSERT INTO device (id, protocol_id, identifier, device_name) VALUES (4, 1, "10205", "Satisfyer Perfect Pair 4");
INSERT INTO device (id, protocol_id, identifier, device_name) VALUES (5, 1, "10175", "Satisfyer Bullseye");
INSERT INTO device (id, protocol_id, identifier, device_name) VALUES (6, 1, "10154", "Satisfyer Twirling Joy");
INSERT INTO device (id, protocol_id, identifier, device_name) VALUES (7, 1, "10068", "Satisfyer Double Flex");
INSERT INTO device_feature (id, device_id) VALUES (6, 7);
INSERT INTO feature_scalarcmd (id, feature_id, actuator_type_id, description, range_min, range_max) VALUES (6, 6, 2, NULL, 0, 100);
INSERT INTO device_feature (id, device_id) VALUES (7, 7);
INSERT INTO feature_scalarcmd (id, feature_id, actuator_type_id, description, range_min, range_max) VALUES (7, 7, 2, NULL, 0, 100);
INSERT INTO device_feature (id, device_id) VALUES (8, 7);
INSERT INTO feature_scalarcmd (id, feature_id, actuator_type_id, description, range_min, range_max) VALUES (8, 8, 2, NULL, 0, 100);
INSERT INTO device (id, protocol_id, identifier, device_name) VALUES (8, 1, "10192", "Satisfyer G-Spot Flex 4+");
INSERT INTO device (id, protocol_id, identifier, device_name) VALUES (9, 1, "10090", "Satisfyer Hero+");
INSERT INTO device_feature (id, device_id) VALUES (9, 9);
INSERT INTO feature_scalarcmd (id, feature_id, actuator_type_id, description, range_min, range_max) VALUES (9, 9, 2, NULL, 0, 100);
INSERT INTO device (id, protocol_id, identifier, device_name) VALUES (10, 1, "10191", "Satisfyer Threesome 4");
INSERT INTO device_feature (id, device_id) VALUES (10, 10);
INSERT INTO feature_scalarcmd (id, feature_id, actuator_type_id, description, range_min, range_max) VALUES (10, 10, 2, NULL, 0, 100);
INSERT INTO device_feature (id, device_id) VALUES (11, 10);
INSERT INTO feature_scalarcmd (id, feature_id, actuator_type_id, description, range_min, range_max) VALUES (11, 11, 2, NULL, 0, 100);
INSERT INTO device (id, protocol_id, identifier, device_name) VALUES (11, 1, "10103", "Satisfyer Plug-ilicious 2");
INSERT INTO device_feature (id, device_id) VALUES (12, 11);
INSERT INTO feature_scalarcmd (id, feature_id, actuator_type_id, description, range_min, range_max) VALUES (12, 12, 2, NULL, 0, 100);
INSERT INTO device_feature (id, device_id) VALUES (13, 11);
INSERT INTO feature_scalarcmd (id, feature_id, actuator_type_id, description, range_min, range_max) VALUES (13, 13, 2, NULL, 0, 100);
INSERT INTO device (id, protocol_id, identifier, device_name) VALUES (12, 1, "10185", "Satisfyer Power Masturbator");
INSERT INTO device (id, protocol_id, identifier, device_name) VALUES (13, 1, "10199", "Satisfyer Tropical Tip");
INSERT INTO device (id, protocol_id, identifier, device_name) VALUES (14, 1, "10011", "Satisfyer Heat Climax+");
INSERT INTO device_feature (id, device_id) VALUES (14, 14);
INSERT INTO feature_scalarcmd (id, feature_id, actuator_type_id, description, range_min, range_max) VALUES (14, 14, 2, NULL, 0, 100);
INSERT INTO device_feature (id, device_id) VALUES (15, 14);
INSERT INTO feature_scalarcmd (id, feature_id, actuator_type_id, description, range_min, range_max) VALUES (15, 15, 2, NULL, 0, 100);
INSERT INTO device (id, protocol_id, identifier, device_name) VALUES (15, 1, "10013", "Satisfyer Haute Couture+");
INSERT INTO device_feature (id, device_id) VALUES (16, 15);
INSERT INTO feature_scalarcmd (id, feature_id, actuator_type_id, description, range_min, range_max) VALUES (16, 16, 2, NULL, 0, 100);
INSERT INTO device_feature (id, device_id) VALUES (17, 15);
INSERT INTO feature_scalarcmd (id, feature_id, actuator_type_id, description, range_min, range_max) VALUES (17, 17, 2, NULL, 0, 100);
INSERT INTO device (id, protocol_id, identifier, device_name) VALUES (16, 1, "10207", "Satisfyer Booty Absolute Beginners 5");
INSERT INTO device (id, protocol_id, identifier, device_name) VALUES (17, 1, "10136", "Satisfyer Smooth Petal");
INSERT INTO device (id, protocol_id, identifier, device_name) VALUES (18, 1, "10027", "Satisfyer Curvy 1+");
INSERT INTO device_feature (id, device_id) VALUES (18, 18);
INSERT INTO feature_scalarcmd (id, feature_id, actuator_type_id, description, range_min, range_max) VALUES (18, 18, 2, NULL, 0, 100);
INSERT INTO device_feature (id, device_id) VALUES (19, 18);
INSERT INTO feature_scalarcmd (id, feature_id, actuator_type_id, description, range_min, range_max) VALUES (19, 19, 2, NULL, 0, 100);
INSERT INTO device (id, protocol_id, identifier, device_name) VALUES (19, 1, "10053", "Satisfyer Double Love");
INSERT INTO device_feature (id, device_id) VALUES (20, 19);
INSERT INTO feature_scalarcmd (id, feature_id, actuator_type_id, description, range_min, range_max) VALUES (20, 20, 2, NULL, 0, 100);
INSERT INTO device_feature (id, device_id) VALUES (21, 19);
INSERT INTO feature_scalarcmd (id, feature_id, actuator_type_id, description, range_min, range_max) VALUES (21, 21, 2, NULL, 0, 100);
INSERT INTO device (id, protocol_id, identifier, device_name) VALUES (20, 1, "10186", "Satisfyer Hug me");
INSERT INTO device_feature (id, device_id) VALUES (22, 20);
INSERT INTO feature_scalarcmd (id, feature_id, actuator_type_id, description, range_min, range_max) VALUES (22, 22, 2, NULL, 0, 100);
INSERT INTO device_feature (id, device_id) VALUES (23, 20);
INSERT INTO feature_scalarcmd (id, feature_id, actuator_type_id, description, range_min, range_max) VALUES (23, 23, 2, NULL, 0, 100);
INSERT INTO device (id, protocol_id, identifier, device_name) VALUES (21, 1, "10172", "Satisfyer Top Secret+");
INSERT INTO device_feature (id, device_id) VALUES (24, 21);
INSERT INTO feature_scalarcmd (id, feature_id, actuator_type_id, description, range_min, range_max) VALUES (24, 24, 2, NULL, 0, 100);
INSERT INTO device_feature (id, device_id) VALUES (25, 21);
INSERT INTO feature_scalarcmd (id, feature_id, actuator_type_id, description, range_min, range_max) VALUES (25, 25, 2, NULL, 0, 100);
INSERT INTO device (id, protocol_id, identifier, device_name) VALUES (22, 1, "10193", "Satisfyer G-Spot Flex 5+");
INSERT INTO device (id, protocol_id, identifier, device_name) VALUES (23, 1, "10200", "Satisfyer Tropical Tip");
INSERT INTO device (id, protocol_id, identifier, device_name) VALUES (24, 1, "10156", "Satisfyer Twirling Joy");
INSERT INTO device (id, protocol_id, identifier, device_name) VALUES (25, 1, "10147", "Satisfyer Deep Diver");
INSERT INTO device (id, protocol_id, identifier, device_name) VALUES (26, 1, "10112", "Satisfyer E-Love Story");
INSERT INTO device_feature (id, device_id) VALUES (26, 26);
INSERT INTO feature_scalarcmd (id, feature_id, actuator_type_id, description, range_min, range_max) VALUES (26, 26, 2, NULL, 0, 100);
INSERT INTO device (id, protocol_id, identifier, device_name) VALUES (27, 1, "10104", "Satisfyer Plug-ilicious 2");
INSERT INTO device_feature (id, device_id) VALUES (27, 27);
INSERT INTO feature_scalarcmd (id, feature_id, actuator_type_id, description, range_min, range_max) VALUES (27, 27, 2, NULL, 0, 100);
INSERT INTO device_feature (id, device_id) VALUES (28, 27);
INSERT INTO feature_scalarcmd (id, feature_id, actuator_type_id, description, range_min, range_max) VALUES (28, 28, 2, NULL, 0, 100);
INSERT INTO device (id, protocol_id, identifier, device_name) VALUES (28, 1, "10031", "Satisfyer Curvy 2+");
INSERT INTO device_feature (id, device_id) VALUES (29, 28);
INSERT INTO feature_scalarcmd (id, feature_id, actuator_type_id, description, range_min, range_max) VALUES (29, 29, 2, NULL, 0, 100);
INSERT INTO device_feature (id, device_id) VALUES (30, 28);
INSERT INTO feature_scalarcmd (id, feature_id, actuator_type_id, description, range_min, range_max) VALUES (30, 30, 2, NULL, 0, 100);
INSERT INTO device (id, protocol_id, identifier, device_name) VALUES (29, 1, "10093", "Satisfyer Newcomer+");
INSERT INTO device_feature (id, device_id) VALUES (31, 29);
INSERT INTO feature_scalarcmd (id, feature_id, actuator_type_id, description, range_min, range_max) VALUES (31, 31, 2, NULL, 0, 100);
INSERT INTO device (id, protocol_id, identifier, device_name) VALUES (30, 1, "10198", "Satisfyer Mini Wand-er+");
INSERT INTO device_feature (id, device_id) VALUES (32, 30);
INSERT INTO feature_scalarcmd (id, feature_id, actuator_type_id, description, range_min, range_max) VALUES (32, 32, 2, NULL, 0, 100);
INSERT INTO device_feature (id, device_id) VALUES (33, 30);
INSERT INTO feature_scalarcmd (id, feature_id, actuator_type_id, description, range_min, range_max) VALUES (33, 33, 2, NULL, 0, 100);
INSERT INTO device (id, protocol_id, identifier, device_name) VALUES (31, 1, "10208", "Satisfyer Booty Absolute Beginners 5");
INSERT INTO device (id, protocol_id, identifier, device_name) VALUES (32, 1, "10030", "Satisfyer Curvy 2+");
INSERT INTO device_feature (id, device_id) VALUES (34, 32);
INSERT INTO feature_scalarcmd (id, feature_id, actuator_type_id, description, range_min, range_max) VALUES (34, 34, 2, NULL, 0, 100);
INSERT INTO device_feature (id, device_id) VALUES (35, 32);
INSERT INTO feature_scalarcmd (id, feature_id, actuator_type_id, description, range_min, range_max) VALUES (35, 35, 2, NULL, 0, 100);
INSERT INTO device (id, protocol_id, identifier, device_name) VALUES (33, 1, "10054", "Satisfyer Double Love");
INSERT INTO device_feature (id, device_id) VALUES (36, 33);
INSERT INTO feature_scalarcmd (id, feature_id, actuator_type_id, description, range_min, range_max) VALUES (36, 36, 2, NULL, 0, 100);
INSERT INTO device_feature (id, device_id) VALUES (37, 33);
INSERT INTO feature_scalarcmd (id, feature_id, actuator_type_id, description, range_min, range_max) VALUES (37, 37, 2, NULL, 0, 100);
INSERT INTO device (id, protocol_id, identifier, device_name) VALUES (34, 1, "10130", "Satisfyer Shiny Petal");
INSERT INTO device (id, protocol_id, identifier, device_name) VALUES (35, 1, "10162", "Satisfyer Double Desire");
INSERT INTO device_feature (id, device_id) VALUES (38, 35);
INSERT INTO feature_scalarcmd (id, feature_id, actuator_type_id, description, range_min, range_max) VALUES (38, 38, 2, NULL, 0, 100);
INSERT INTO device_feature (id, device_id) VALUES (39, 35);
INSERT INTO feature_scalarcmd (id, feature_id, actuator_type_id, description, range_min, range_max) VALUES (39, 39, 2, NULL, 0, 100);
INSERT INTO device (id, protocol_id, identifier, device_name) VALUES (36, 1, "10177", "Satisfyer Sunray");
INSERT INTO device_feature (id, device_id) VALUES (40, 36);
INSERT INTO feature_scalarcmd (id, feature_id, actuator_type_id, description, range_min, range_max) VALUES (40, 40, 2, NULL, 0, 100);
INSERT INTO device_feature (id, device_id) VALUES (41, 36);
INSERT INTO feature_scalarcmd (id, feature_id, actuator_type_id, description, range_min, range_max) VALUES (41, 41, 2, NULL, 0, 100);
INSERT INTO device (id, protocol_id, identifier, device_name) VALUES (37, 1, "10206", "Satisfyer Booty Absolute Beginners 5");
INSERT INTO device (id, protocol_id, identifier, device_name) VALUES (38, 1, "10169", "Satisfyer Top Secret");
INSERT INTO device_feature (id, device_id) VALUES (42, 38);
INSERT INTO feature_scalarcmd (id, feature_id, actuator_type_id, description, range_min, range_max) VALUES (42, 42, 2, NULL, 0, 100);
INSERT INTO device_feature (id, device_id) VALUES (43, 38);
INSERT INTO feature_scalarcmd (id, feature_id, actuator_type_id, description, range_min, range_max) VALUES (43, 43, 2, NULL, 0, 100);
INSERT INTO device (id, protocol_id, identifier, device_name) VALUES (39, 1, "10048", "Satisfyer Double Joy");
INSERT INTO device_feature (id, device_id) VALUES (44, 39);
INSERT INTO feature_scalarcmd (id, feature_id, actuator_type_id, description, range_min, range_max) VALUES (44, 44, 2, NULL, 0, 100);
INSERT INTO device_feature (id, device_id) VALUES (45, 39);
INSERT INTO feature_scalarcmd (id, feature_id, actuator_type_id, description, range_min, range_max) VALUES (45, 45, 2, NULL, 0, 100);
INSERT INTO device (id, protocol_id, identifier, device_name) VALUES (40, 1, "10180", "Satisfyer Curvy Trinity 5+");
INSERT INTO device_feature (id, device_id) VALUES (46, 40);
INSERT INTO feature_scalarcmd (id, feature_id, actuator_type_id, description, range_min, range_max) VALUES (46, 46, 2, NULL, 0, 100);
INSERT INTO device_feature (id, device_id) VALUES (47, 40);
INSERT INTO feature_scalarcmd (id, feature_id, actuator_type_id, description, range_min, range_max) VALUES (47, 47, 2, NULL, 0, 100);
INSERT INTO device (id, protocol_id, identifier, device_name) VALUES (41, 1, "10134", "Satisfyer Smooth Petal");
INSERT INTO device (id, protocol_id, identifier, device_name) VALUES (42, 1, "10128", "Satisfyer Ribbed Petal");
INSERT INTO device (id, protocol_id, identifier, device_name) VALUES (43, 1, "10073", "Satisfyer Sexy Secret");
INSERT INTO device (id, protocol_id, identifier, device_name) VALUES (44, 1, "10069", "Satisfyer Heat Wave");
INSERT INTO device_feature (id, device_id) VALUES (48, 44);
INSERT INTO feature_scalarcmd (id, feature_id, actuator_type_id, description, range_min, range_max) VALUES (48, 48, 2, NULL, 0, 100);
INSERT INTO device_feature (id, device_id) VALUES (49, 44);
INSERT INTO feature_scalarcmd (id, feature_id, actuator_type_id, description, range_min, range_max) VALUES (49, 49, 2, NULL, 0, 100);
INSERT INTO device (id, protocol_id, identifier, device_name) VALUES (45, 1, "10101", "Satisfyer Plug-ilicious 1");
INSERT INTO device_feature (id, device_id) VALUES (50, 45);
INSERT INTO feature_scalarcmd (id, feature_id, actuator_type_id, description, range_min, range_max) VALUES (50, 50, 2, NULL, 0, 100);
INSERT INTO device_feature (id, device_id) VALUES (51, 45);
INSERT INTO feature_scalarcmd (id, feature_id, actuator_type_id, description, range_min, range_max) VALUES (51, 51, 2, NULL, 0, 100);
INSERT INTO device (id, protocol_id, identifier, device_name) VALUES (46, 1, "10052", "Satisfyer Double Love");
INSERT INTO device_feature (id, device_id) VALUES (52, 46);
INSERT INTO feature_scalarcmd (id, feature_id, actuator_type_id, description, range_min, range_max) VALUES (52, 52, 2, NULL, 0, 100);
INSERT INTO device_feature (id, device_id) VALUES (53, 46);
INSERT INTO feature_scalarcmd (id, feature_id, actuator_type_id, description, range_min, range_max) VALUES (53, 53, 2, NULL, 0, 100);
INSERT INTO device (id, protocol_id, identifier, device_name) VALUES (47, 1, "10066", "Satisfyer Double Flex");
INSERT INTO device_feature (id, device_id) VALUES (54, 47);
INSERT INTO feature_scalarcmd (id, feature_id, actuator_type_id, description, range_min, range_max) VALUES (54, 54, 2, NULL, 0, 100);
INSERT INTO device_feature (id, device_id) VALUES (55, 47);
INSERT INTO feature_scalarcmd (id, feature_id, actuator_type_id, description, range_min, range_max) VALUES (55, 55, 2, NULL, 0, 100);
INSERT INTO device_feature (id, device_id) VALUES (56, 47);
INSERT INTO feature_scalarcmd (id, feature_id, actuator_type_id, description, range_min, range_max) VALUES (56, 56, 2, NULL, 0, 100);
INSERT INTO device (id, protocol_id, identifier, device_name) VALUES (48, 1, "10014", "Satisfyer High Fashion+");
INSERT INTO device_feature (id, device_id) VALUES (57, 48);
INSERT INTO feature_scalarcmd (id, feature_id, actuator_type_id, description, range_min, range_max) VALUES (57, 57, 2, NULL, 0, 100);
INSERT INTO device_feature (id, device_id) VALUES (58, 48);
INSERT INTO feature_scalarcmd (id, feature_id, actuator_type_id, description, range_min, range_max) VALUES (58, 58, 2, NULL, 0, 100);
INSERT INTO device (id, protocol_id, identifier, device_name) VALUES (49, 1, "10179", "Satisfyer Sunray");
INSERT INTO device_feature (id, device_id) VALUES (59, 49);
INSERT INTO feature_scalarcmd (id, feature_id, actuator_type_id, description, range_min, range_max) VALUES (59, 59, 2, NULL, 0, 100);
INSERT INTO device_feature (id, device_id) VALUES (60, 49);
INSERT INTO feature_scalarcmd (id, feature_id, actuator_type_id, description, range_min, range_max) VALUES (60, 60, 2, NULL, 0, 100);
INSERT INTO device (id, protocol_id, identifier, device_name) VALUES (50, 1, "10126", "Satisfyer Love Birds Vary");
INSERT INTO device (id, protocol_id, identifier, device_name) VALUES (51, 1, "10051", "Satisfyer Double Fun");
INSERT INTO device_feature (id, device_id) VALUES (61, 51);
INSERT INTO feature_scalarcmd (id, feature_id, actuator_type_id, description, range_min, range_max) VALUES (61, 61, 2, NULL, 0, 100);
INSERT INTO device_feature (id, device_id) VALUES (62, 51);
INSERT INTO feature_scalarcmd (id, feature_id, actuator_type_id, description, range_min, range_max) VALUES (62, 62, 2, NULL, 0, 100);
INSERT INTO device (id, protocol_id, identifier, device_name) VALUES (52, 1, "10146", "Satisfyer Deep Diver");
INSERT INTO device (id, protocol_id, identifier, device_name) VALUES (53, 1, "10155", "Satisfyer Twirling Joy");
INSERT INTO device (id, protocol_id, identifier, device_name) VALUES (54, 1, "10072", "Satisfyer Little Secret");
INSERT INTO device (id, protocol_id, identifier, device_name) VALUES (55, 1, "10032", "Satisfyer Double Wand-er");
INSERT INTO device (id, protocol_id, identifier, device_name) VALUES (56, 1, "10108", "Satisfyer E-Love G-Hunter");
INSERT INTO device_feature (id, device_id) VALUES (63, 56);
INSERT INTO feature_scalarcmd (id, feature_id, actuator_type_id, description, range_min, range_max) VALUES (63, 63, 2, NULL, 0, 100);
INSERT INTO device (id, protocol_id, identifier, device_name) VALUES (57, 1, "10010", "Satisfyer Heat Climax");
INSERT INTO device_feature (id, device_id) VALUES (64, 57);
INSERT INTO feature_scalarcmd (id, feature_id, actuator_type_id, description, range_min, range_max) VALUES (64, 64, 2, NULL, 0, 100);
INSERT INTO device (id, protocol_id, identifier, device_name) VALUES (58, 1, "10109", "Satisfyer E-Love G-Hunter+");
INSERT INTO device_feature (id, device_id) VALUES (65, 58);
INSERT INTO feature_scalarcmd (id, feature_id, actuator_type_id, description, range_min, range_max) VALUES (65, 65, 2, NULL, 0, 100);
INSERT INTO device_feature (id, device_id) VALUES (66, 58);
INSERT INTO feature_scalarcmd (id, feature_id, actuator_type_id, description, range_min, range_max) VALUES (66, 66, 2, NULL, 0, 100);
INSERT INTO device (id, protocol_id, identifier, device_name) VALUES (59, 1, "10105", "Satisfyer E-Love Foreplay");
INSERT INTO device_feature (id, device_id) VALUES (67, 59);
INSERT INTO feature_scalarcmd (id, feature_id, actuator_type_id, description, range_min, range_max) VALUES (67, 67, 2, NULL, 0, 100);
INSERT INTO device (id, protocol_id, identifier, device_name) VALUES (60, 1, "10061", "Satisfyer Hot Lover");
INSERT INTO device_feature (id, device_id) VALUES (68, 60);
INSERT INTO feature_scalarcmd (id, feature_id, actuator_type_id, description, range_min, range_max) VALUES (68, 68, 2, NULL, 0, 100);
INSERT INTO device_feature (id, device_id) VALUES (69, 60);
INSERT INTO feature_scalarcmd (id, feature_id, actuator_type_id, description, range_min, range_max) VALUES (69, 69, 2, NULL, 0, 100);
INSERT INTO device (id, protocol_id, identifier, device_name) VALUES (61, 1, "10123", "Satisfyer Love Birds 2");
INSERT INTO device (id, protocol_id, identifier, device_name) VALUES (62, 1, "10015", "Satisfyer Pr├¬t-├á-porter+");
INSERT INTO device_feature (id, device_id) VALUES (70, 62);
INSERT INTO feature_scalarcmd (id, feature_id, actuator_type_id, description, range_min, range_max) VALUES (70, 70, 2, NULL, 0, 100);
INSERT INTO device_feature (id, device_id) VALUES (71, 62);
INSERT INTO feature_scalarcmd (id, feature_id, actuator_type_id, description, range_min, range_max) VALUES (71, 71, 2, NULL, 0, 100);
INSERT INTO device (id, protocol_id, identifier, device_name) VALUES (63, 1, "10242", "Satisfyer Rrrolling Sensation");
INSERT INTO device_feature (id, device_id) VALUES (72, 63);
INSERT INTO feature_scalarcmd (id, feature_id, actuator_type_id, description, range_min, range_max) VALUES (72, 72, 2, NULL, 0, 100);
INSERT INTO device_feature (id, device_id) VALUES (73, 63);
INSERT INTO feature_scalarcmd (id, feature_id, actuator_type_id, description, range_min, range_max) VALUES (73, 73, 2, NULL, 0, 100);
INSERT INTO device (id, protocol_id, identifier, device_name) VALUES (64, 1, "10183", "Satisfyer Intensity Plug");
INSERT INTO device (id, protocol_id, identifier, device_name) VALUES (65, 1, "10050", "Satisfyer Double Fun");
INSERT INTO device_feature (id, device_id) VALUES (74, 65);
INSERT INTO feature_scalarcmd (id, feature_id, actuator_type_id, description, range_min, range_max) VALUES (74, 74, 2, NULL, 0, 100);
INSERT INTO device_feature (id, device_id) VALUES (75, 65);
INSERT INTO feature_scalarcmd (id, feature_id, actuator_type_id, description, range_min, range_max) VALUES (75, 75, 2, NULL, 0, 100);
INSERT INTO device (id, protocol_id, identifier, device_name) VALUES (66, 1, "10075", "Satisfyer Mighty One");
INSERT INTO device (id, protocol_id, identifier, device_name) VALUES (67, 1, "10100", "Satisfyer Plug-ilicious 1");
INSERT INTO device_feature (id, device_id) VALUES (76, 67);
INSERT INTO feature_scalarcmd (id, feature_id, actuator_type_id, description, range_min, range_max) VALUES (76, 76, 2, NULL, 0, 100);
INSERT INTO device_feature (id, device_id) VALUES (77, 67);
INSERT INTO feature_scalarcmd (id, feature_id, actuator_type_id, description, range_min, range_max) VALUES (77, 77, 2, NULL, 0, 100);
INSERT INTO device (id, protocol_id, identifier, device_name) VALUES (68, 1, "10142", "Satisfyer Rotator Plug 1+");
INSERT INTO device_feature (id, device_id) VALUES (78, 68);
INSERT INTO feature_scalarcmd (id, feature_id, actuator_type_id, description, range_min, range_max) VALUES (78, 78, 2, NULL, 0, 100);
INSERT INTO device_feature (id, device_id) VALUES (79, 68);
INSERT INTO feature_scalarcmd (id, feature_id, actuator_type_id, description, range_min, range_max) VALUES (79, 79, 2, NULL, 0, 100);
INSERT INTO device (id, protocol_id, identifier, device_name) VALUES (69, 1, "10171", "Satisfyer Top Secret");
INSERT INTO device_feature (id, device_id) VALUES (80, 69);
INSERT INTO feature_scalarcmd (id, feature_id, actuator_type_id, description, range_min, range_max) VALUES (80, 80, 2, NULL, 0, 100);
INSERT INTO device_feature (id, device_id) VALUES (81, 69);
INSERT INTO feature_scalarcmd (id, feature_id, actuator_type_id, description, range_min, range_max) VALUES (81, 81, 2, NULL, 0, 100);
INSERT INTO device (id, protocol_id, identifier, device_name) VALUES (70, 1, "10189", "Satisfyer Air Pump Vibrator 5+");
INSERT INTO device_feature (id, device_id) VALUES (82, 70);
INSERT INTO feature_scalarcmd (id, feature_id, actuator_type_id, description, range_min, range_max) VALUES (82, 82, 2, NULL, 0, 100);
INSERT INTO device (id, protocol_id, identifier, device_name) VALUES (71, 1, "10077", "Satisfyer Royal One");
INSERT INTO device (id, protocol_id, identifier, device_name) VALUES (72, 1, "10131", "Satisfyer Shiny Petal");
INSERT INTO device (id, protocol_id, identifier, device_name) VALUES (73, 1, "10167", "Satisfyer Epic Duo");
INSERT INTO device (id, protocol_id, identifier, device_name) VALUES (74, 1, "10149", "Satisfyer Sweet Seal");
INSERT INTO device (id, protocol_id, identifier, device_name) VALUES (75, 1, "10005", "Satisfyer Hot Spot");
INSERT INTO device_feature (id, device_id) VALUES (83, 75);
INSERT INTO feature_scalarcmd (id, feature_id, actuator_type_id, description, range_min, range_max) VALUES (83, 83, 2, NULL, 0, 100);
INSERT INTO device (id, protocol_id, identifier, device_name) VALUES (76, 1, "10047", "Satisfyer Double Joy");
INSERT INTO device_feature (id, device_id) VALUES (84, 76);
INSERT INTO feature_scalarcmd (id, feature_id, actuator_type_id, description, range_min, range_max) VALUES (84, 84, 2, NULL, 0, 100);
INSERT INTO device_feature (id, device_id) VALUES (85, 76);
INSERT INTO feature_scalarcmd (id, feature_id, actuator_type_id, description, range_min, range_max) VALUES (85, 85, 2, NULL, 0, 100);
INSERT INTO device (id, protocol_id, identifier, device_name) VALUES (77, 1, "10141", "Satisfyer Power Plug");
INSERT INTO device (id, protocol_id, identifier, device_name) VALUES (78, 1, "10203", "Satisfyer Twirling Pro+");
INSERT INTO device_feature (id, device_id) VALUES (86, 78);
INSERT INTO feature_scalarcmd (id, feature_id, actuator_type_id, description, range_min, range_max) VALUES (86, 86, 2, NULL, 0, 100);
INSERT INTO device_feature (id, device_id) VALUES (87, 78);
INSERT INTO feature_scalarcmd (id, feature_id, actuator_type_id, description, range_min, range_max) VALUES (87, 87, 2, NULL, 0, 100);
INSERT INTO device (id, protocol_id, identifier, device_name) VALUES (79, 1, "10092", "Satisfyer Newcomer+");
INSERT INTO device_feature (id, device_id) VALUES (88, 79);
INSERT INTO feature_scalarcmd (id, feature_id, actuator_type_id, description, range_min, range_max) VALUES (88, 88, 2, NULL, 0, 100);
INSERT INTO device (id, protocol_id, identifier, device_name) VALUES (80, 1, "10070", "Satisfyer Heat Wave");
INSERT INTO device_feature (id, device_id) VALUES (89, 80);
INSERT INTO feature_scalarcmd (id, feature_id, actuator_type_id, description, range_min, range_max) VALUES (89, 89, 2, NULL, 0, 100);
INSERT INTO device_feature (id, device_id) VALUES (90, 80);
INSERT INTO feature_scalarcmd (id, feature_id, actuator_type_id, description, range_min, range_max) VALUES (90, 90, 2, NULL, 0, 100);
INSERT INTO device (id, protocol_id, identifier, device_name) VALUES (81, 1, "10025", "Satisfyer Love Triangle");
INSERT INTO device_feature (id, device_id) VALUES (91, 81);
INSERT INTO feature_scalarcmd (id, feature_id, actuator_type_id, description, range_min, range_max) VALUES (91, 91, 2, NULL, 0, 100);
INSERT INTO device_feature (id, device_id) VALUES (92, 81);
INSERT INTO feature_scalarcmd (id, feature_id, actuator_type_id, description, range_min, range_max) VALUES (92, 92, 2, NULL, 0, 100);
INSERT INTO device (id, protocol_id, identifier, device_name) VALUES (82, 1, "10140", "Satisfyer Men Vibration+");
INSERT INTO device_feature (id, device_id) VALUES (93, 82);
INSERT INTO feature_scalarcmd (id, feature_id, actuator_type_id, description, range_min, range_max) VALUES (93, 93, 2, NULL, 0, 100);
INSERT INTO device_feature (id, device_id) VALUES (94, 82);
INSERT INTO feature_scalarcmd (id, feature_id, actuator_type_id, description, range_min, range_max) VALUES (94, 94, 2, NULL, 0, 100);
INSERT INTO device (id, protocol_id, identifier, device_name) VALUES (83, 1, "10064", "Satisfyer Mono Flex");
INSERT INTO device_feature (id, device_id) VALUES (95, 83);
INSERT INTO feature_scalarcmd (id, feature_id, actuator_type_id, description, range_min, range_max) VALUES (95, 95, 2, NULL, 0, 100);
INSERT INTO device_feature (id, device_id) VALUES (96, 83);
INSERT INTO feature_scalarcmd (id, feature_id, actuator_type_id, description, range_min, range_max) VALUES (96, 96, 2, NULL, 0, 100);
INSERT INTO device (id, protocol_id, identifier, device_name) VALUES (84, 1, "10143", "Satisfyer Rotator Plug 1+");
INSERT INTO device_feature (id, device_id) VALUES (97, 84);
INSERT INTO feature_scalarcmd (id, feature_id, actuator_type_id, description, range_min, range_max) VALUES (97, 97, 2, NULL, 0, 100);
INSERT INTO device_feature (id, device_id) VALUES (98, 84);
INSERT INTO feature_scalarcmd (id, feature_id, actuator_type_id, description, range_min, range_max) VALUES (98, 98, 2, NULL, 0, 100);
INSERT INTO device (id, protocol_id, identifier, device_name) VALUES (85, 1, "10190", "Satisfyer Threesome 4");
INSERT INTO device_feature (id, device_id) VALUES (99, 85);
INSERT INTO feature_scalarcmd (id, feature_id, actuator_type_id, description, range_min, range_max) VALUES (99, 99, 2, NULL, 0, 100);
INSERT INTO device_feature (id, device_id) VALUES (100, 85);
INSERT INTO feature_scalarcmd (id, feature_id, actuator_type_id, description, range_min, range_max) VALUES (100, 100, 2, NULL, 0, 100);
INSERT INTO device (id, protocol_id, identifier, device_name) VALUES (86, 1, "10178", "Satisfyer Sunray");
INSERT INTO device_feature (id, device_id) VALUES (101, 86);
INSERT INTO feature_scalarcmd (id, feature_id, actuator_type_id, description, range_min, range_max) VALUES (101, 101, 2, NULL, 0, 100);
INSERT INTO device_feature (id, device_id) VALUES (102, 86);
INSERT INTO feature_scalarcmd (id, feature_id, actuator_type_id, description, range_min, range_max) VALUES (102, 102, 2, NULL, 0, 100);
INSERT INTO device (id, protocol_id, identifier, device_name) VALUES (87, 1, "10197", "Satisfyer Mini Wand-er+");
INSERT INTO device_feature (id, device_id) VALUES (103, 87);
INSERT INTO feature_scalarcmd (id, feature_id, actuator_type_id, description, range_min, range_max) VALUES (103, 103, 2, NULL, 0, 100);
INSERT INTO device_feature (id, device_id) VALUES (104, 87);
INSERT INTO feature_scalarcmd (id, feature_id, actuator_type_id, description, range_min, range_max) VALUES (104, 104, 2, NULL, 0, 100);
INSERT INTO device (id, protocol_id, identifier, device_name) VALUES (88, 1, "10078", "Satisfyer Signet Ring");
INSERT INTO device (id, protocol_id, identifier, device_name) VALUES (89, 1, "10170", "Satisfyer Top Secret");
INSERT INTO device_feature (id, device_id) VALUES (105, 89);
INSERT INTO feature_scalarcmd (id, feature_id, actuator_type_id, description, range_min, range_max) VALUES (105, 105, 2, NULL, 0, 100);
INSERT INTO device_feature (id, device_id) VALUES (106, 89);
INSERT INTO feature_scalarcmd (id, feature_id, actuator_type_id, description, range_min, range_max) VALUES (106, 106, 2, NULL, 0, 100);
INSERT INTO device (id, protocol_id, identifier, device_name) VALUES (90, 1, "10164", "Satisfyer Double Lust");
INSERT INTO device_feature (id, device_id) VALUES (107, 90);
INSERT INTO feature_scalarcmd (id, feature_id, actuator_type_id, description, range_min, range_max) VALUES (107, 107, 2, NULL, 0, 100);
INSERT INTO device_feature (id, device_id) VALUES (108, 90);
INSERT INTO feature_scalarcmd (id, feature_id, actuator_type_id, description, range_min, range_max) VALUES (108, 108, 2, NULL, 0, 100);
INSERT INTO device (id, protocol_id, identifier, device_name) VALUES (91, 1, NULL, "Satisfyer Device");
INSERT INTO device_feature (id, device_id) VALUES (109, 91);
INSERT INTO feature_scalarcmd (id, feature_id, actuator_type_id, description, range_min, range_max) VALUES (109, 109, 2, NULL, 0, 100);
INSERT INTO device (id, protocol_id, identifier, device_name) VALUES (92, 1, "10132", "Satisfyer Shiny Petal");
INSERT INTO device (id, protocol_id, identifier, device_name) VALUES (93, 1, "10049", "Satisfyer Double Fun");
INSERT INTO device_feature (id, device_id) VALUES (110, 93);
INSERT INTO feature_scalarcmd (id, feature_id, actuator_type_id, description, range_min, range_max) VALUES (110, 110, 2, NULL, 0, 100);
INSERT INTO device_feature (id, device_id) VALUES (111, 93);
INSERT INTO feature_scalarcmd (id, feature_id, actuator_type_id, description, range_min, range_max) VALUES (111, 111, 2, NULL, 0, 100);
INSERT INTO device (id, protocol_id, identifier, device_name) VALUES (94, 1, "10006", "Satisfyer Heated Affair");
INSERT INTO device_feature (id, device_id) VALUES (112, 94);
INSERT INTO feature_scalarcmd (id, feature_id, actuator_type_id, description, range_min, range_max) VALUES (112, 112, 2, NULL, 0, 100);
INSERT INTO device_feature (id, device_id) VALUES (113, 94);
INSERT INTO feature_scalarcmd (id, feature_id, actuator_type_id, description, range_min, range_max) VALUES (113, 113, 2, NULL, 0, 100);
INSERT INTO device (id, protocol_id, identifier, device_name) VALUES (95, 1, "10024", "Satisfyer Love Triangle");
INSERT INTO device_feature (id, device_id) VALUES (114, 95);
INSERT INTO feature_scalarcmd (id, feature_id, actuator_type_id, description, range_min, range_max) VALUES (114, 114, 2, NULL, 0, 100);
INSERT INTO device_feature (id, device_id) VALUES (115, 95);
INSERT INTO feature_scalarcmd (id, feature_id, actuator_type_id, description, range_min, range_max) VALUES (115, 115, 2, NULL, 0, 100);
INSERT INTO device (id, protocol_id, identifier, device_name) VALUES (96, 1, "10150", "Satisfyer Trendsetter");
INSERT INTO device (id, protocol_id, identifier, device_name) VALUES (97, 1, "10129", "Satisfyer Ribbed Petal");
INSERT INTO device (id, protocol_id, identifier, device_name) VALUES (98, 1, "10120", "Satisfyer Love Birds 1");
INSERT INTO device (id, protocol_id, identifier, device_name) VALUES (99, 1, "10184", "Satisfyer Intensity Plug");
INSERT INTO device (id, protocol_id, identifier, device_name) VALUES (100, 1, "10081", "Satisfyer Dual Pleasure");
INSERT INTO device_feature (id, device_id) VALUES (116, 100);
INSERT INTO feature_scalarcmd (id, feature_id, actuator_type_id, description, range_min, range_max) VALUES (116, 116, 2, NULL, 0, 100);
INSERT INTO device_feature (id, device_id) VALUES (117, 100);
INSERT INTO feature_scalarcmd (id, feature_id, actuator_type_id, description, range_min, range_max) VALUES (117, 117, 2, NULL, 0, 100);
INSERT INTO device (id, protocol_id, identifier, device_name) VALUES (101, 1, "10028", "Satisfyer Curvy 1+");
INSERT INTO device_feature (id, device_id) VALUES (118, 101);
INSERT INTO feature_scalarcmd (id, feature_id, actuator_type_id, description, range_min, range_max) VALUES (118, 118, 2, NULL, 0, 100);
INSERT INTO device_feature (id, device_id) VALUES (119, 101);
INSERT INTO feature_scalarcmd (id, feature_id, actuator_type_id, description, range_min, range_max) VALUES (119, 119, 2, NULL, 0, 100);
INSERT INTO device (id, protocol_id, identifier, device_name) VALUES (102, 1, "10165", "Satisfyer Double Lust");
INSERT INTO device_feature (id, device_id) VALUES (120, 102);
INSERT INTO feature_scalarcmd (id, feature_id, actuator_type_id, description, range_min, range_max) VALUES (120, 120, 2, NULL, 0, 100);
INSERT INTO device_feature (id, device_id) VALUES (121, 102);
INSERT INTO feature_scalarcmd (id, feature_id, actuator_type_id, description, range_min, range_max) VALUES (121, 121, 2, NULL, 0, 100);
INSERT INTO device (id, protocol_id, identifier, device_name) VALUES (103, 1, "10076", "Satisfyer Powerful One");
INSERT INTO device (id, protocol_id, identifier, device_name) VALUES (104, 1, "10133", "Satisfyer Shiny Petal");
INSERT INTO device (id, protocol_id, identifier, device_name) VALUES (105, 1, "10091", "Satisfyer Knight+");
INSERT INTO device_feature (id, device_id) VALUES (122, 105);
INSERT INTO feature_scalarcmd (id, feature_id, actuator_type_id, description, range_min, range_max) VALUES (122, 122, 2, NULL, 0, 100);
INSERT INTO device (id, protocol_id, identifier, device_name) VALUES (106, 1, "10062", "Satisfyer Mono Flex");
INSERT INTO device_feature (id, device_id) VALUES (123, 106);
INSERT INTO feature_scalarcmd (id, feature_id, actuator_type_id, description, range_min, range_max) VALUES (123, 123, 2, NULL, 0, 100);
INSERT INTO device_feature (id, device_id) VALUES (124, 106);
INSERT INTO feature_scalarcmd (id, feature_id, actuator_type_id, description, range_min, range_max) VALUES (124, 124, 2, NULL, 0, 100);
INSERT INTO device (id, protocol_id, identifier, device_name) VALUES (107, 1, "10204", "Satisfyer Twirling Pro+");
INSERT INTO device_feature (id, device_id) VALUES (125, 107);
INSERT INTO feature_scalarcmd (id, feature_id, actuator_type_id, description, range_min, range_max) VALUES (125, 125, 2, NULL, 0, 100);
INSERT INTO device_feature (id, device_id) VALUES (126, 107);
INSERT INTO feature_scalarcmd (id, feature_id, actuator_type_id, description, range_min, range_max) VALUES (126, 126, 2, NULL, 0, 100);
INSERT INTO device (id, protocol_id, identifier, device_name) VALUES (108, 1, "10102", "Satisfyer Plug-ilicious 2");
INSERT INTO device_feature (id, device_id) VALUES (127, 108);
INSERT INTO feature_scalarcmd (id, feature_id, actuator_type_id, description, range_min, range_max) VALUES (127, 127, 2, NULL, 0, 100);
INSERT INTO device_feature (id, device_id) VALUES (128, 108);
INSERT INTO feature_scalarcmd (id, feature_id, actuator_type_id, description, range_min, range_max) VALUES (128, 128, 2, NULL, 0, 100);
INSERT INTO device (id, protocol_id, identifier, device_name) VALUES (109, 1, "10148", "Satisfyer Sweet Seal");
INSERT INTO device (id, protocol_id, identifier, device_name) VALUES (110, 1, "10160", "Satisfyer Double Desire");
INSERT INTO device_feature (id, device_id) VALUES (129, 110);
INSERT INTO feature_scalarcmd (id, feature_id, actuator_type_id, description, range_min, range_max) VALUES (129, 129, 2, NULL, 0, 100);
INSERT INTO device_feature (id, device_id) VALUES (130, 110);
INSERT INTO feature_scalarcmd (id, feature_id, actuator_type_id, description, range_min, range_max) VALUES (130, 130, 2, NULL, 0, 100);
INSERT INTO device (id, protocol_id, identifier, device_name) VALUES (111, 1, "10195", "Satisfyer Air Pump Booty 5+");
INSERT INTO device_feature (id, device_id) VALUES (131, 111);
INSERT INTO feature_scalarcmd (id, feature_id, actuator_type_id, description, range_min, range_max) VALUES (131, 131, 2, NULL, 0, 100);
INSERT INTO device (id, protocol_id, identifier, device_name) VALUES (112, 1, "10196", "Satisfyer Pro+ Wave 4");
INSERT INTO device_feature (id, device_id) VALUES (132, 112);
INSERT INTO feature_scalarcmd (id, feature_id, actuator_type_id, description, range_min, range_max) VALUES (132, 132, 2, NULL, 0, 100);
INSERT INTO device_feature (id, device_id) VALUES (133, 112);
INSERT INTO feature_scalarcmd (id, feature_id, actuator_type_id, description, range_min, range_max) VALUES (133, 133, 2, NULL, 0, 100);
INSERT INTO device (id, protocol_id, identifier, device_name) VALUES (113, 1, "10163", "Satisfyer Double Lust");
INSERT INTO device_feature (id, device_id) VALUES (134, 113);
INSERT INTO feature_scalarcmd (id, feature_id, actuator_type_id, description, range_min, range_max) VALUES (134, 134, 2, NULL, 0, 100);
INSERT INTO device_feature (id, device_id) VALUES (135, 113);
INSERT INTO feature_scalarcmd (id, feature_id, actuator_type_id, description, range_min, range_max) VALUES (135, 135, 2, NULL, 0, 100);
INSERT INTO device (id, protocol_id, identifier, device_name) VALUES (114, 1, "10127", "Satisfyer Ribbed Petal");
INSERT INTO device (id, protocol_id, identifier, device_name) VALUES (115, 1, "10135", "Satisfyer Smooth Petal");
INSERT INTO device (id, protocol_id, identifier, device_name) VALUES (116, 1, "10012", "Satisfyer Hot Passion");
INSERT INTO device_feature (id, device_id) VALUES (136, 116);
INSERT INTO feature_scalarcmd (id, feature_id, actuator_type_id, description, range_min, range_max) VALUES (136, 136, 2, NULL, 0, 100);
INSERT INTO device (id, protocol_id, identifier, device_name) VALUES (117, 1, "10161", "Satisfyer Double Desire");
INSERT INTO device_feature (id, device_id) VALUES (137, 117);
INSERT INTO feature_scalarcmd (id, feature_id, actuator_type_id, description, range_min, range_max) VALUES (137, 137, 2, NULL, 0, 100);
INSERT INTO device_feature (id, device_id) VALUES (138, 117);
INSERT INTO feature_scalarcmd (id, feature_id, actuator_type_id, description, range_min, range_max) VALUES (138, 138, 2, NULL, 0, 100);
INSERT INTO device (id, protocol_id, identifier, device_name) VALUES (118, 1, "10241", "Satisfyer Rrrolling Sensation");
INSERT INTO device_feature (id, device_id) VALUES (139, 118);
INSERT INTO feature_scalarcmd (id, feature_id, actuator_type_id, description, range_min, range_max) VALUES (139, 139, 2, NULL, 0, 100);
INSERT INTO device_feature (id, device_id) VALUES (140, 118);
INSERT INTO feature_scalarcmd (id, feature_id, actuator_type_id, description, range_min, range_max) VALUES (140, 140, 2, NULL, 0, 100);
INSERT INTO device (id, protocol_id, identifier, device_name) VALUES (119, 1, "10055", "Satisfyer Curvy 3+");
INSERT INTO device_feature (id, device_id) VALUES (141, 119);
INSERT INTO feature_scalarcmd (id, feature_id, actuator_type_id, description, range_min, range_max) VALUES (141, 141, 2, NULL, 0, 100);
INSERT INTO device_feature (id, device_id) VALUES (142, 119);
INSERT INTO feature_scalarcmd (id, feature_id, actuator_type_id, description, range_min, range_max) VALUES (142, 142, 2, NULL, 0, 100);
INSERT INTO device (id, protocol_id, identifier, device_name) VALUES (120, 1, "10181", "Satisfyer Curvy Trinity 5+");
INSERT INTO device_feature (id, device_id) VALUES (143, 120);
INSERT INTO feature_scalarcmd (id, feature_id, actuator_type_id, description, range_min, range_max) VALUES (143, 143, 2, NULL, 0, 100);
INSERT INTO device_feature (id, device_id) VALUES (144, 120);
INSERT INTO feature_scalarcmd (id, feature_id, actuator_type_id, description, range_min, range_max) VALUES (144, 144, 2, NULL, 0, 100);
INSERT INTO device (id, protocol_id, identifier, device_name) VALUES (121, 1, "10080", "Satisfyer Dual Love");
INSERT INTO device_feature (id, device_id) VALUES (145, 121);
INSERT INTO feature_scalarcmd (id, feature_id, actuator_type_id, description, range_min, range_max) VALUES (145, 145, 2, NULL, 0, 100);
INSERT INTO device_feature (id, device_id) VALUES (146, 121);
INSERT INTO feature_scalarcmd (id, feature_id, actuator_type_id, description, range_min, range_max) VALUES (146, 146, 2, NULL, 0, 100);
INSERT INTO device (id, protocol_id, identifier, device_name) VALUES (122, 1, "10174", "Satisfyer Top Secret+");
INSERT INTO device_feature (id, device_id) VALUES (147, 122);
INSERT INTO feature_scalarcmd (id, feature_id, actuator_type_id, description, range_min, range_max) VALUES (147, 147, 2, NULL, 0, 100);
INSERT INTO device_feature (id, device_id) VALUES (148, 122);
INSERT INTO feature_scalarcmd (id, feature_id, actuator_type_id, description, range_min, range_max) VALUES (148, 148, 2, NULL, 0, 100);
INSERT INTO device (id, protocol_id, identifier, device_name) VALUES (123, 1, "10082", "Satisfyer Dual Pleasure");
INSERT INTO device_feature (id, device_id) VALUES (149, 123);
INSERT INTO feature_scalarcmd (id, feature_id, actuator_type_id, description, range_min, range_max) VALUES (149, 149, 2, NULL, 0, 100);
INSERT INTO device_feature (id, device_id) VALUES (150, 123);
INSERT INTO feature_scalarcmd (id, feature_id, actuator_type_id, description, range_min, range_max) VALUES (150, 150, 2, NULL, 0, 100);
INSERT INTO device (id, protocol_id, identifier, device_name) VALUES (124, 1, "10173", "Satisfyer Top Secret+");
INSERT INTO device_feature (id, device_id) VALUES (151, 124);
INSERT INTO feature_scalarcmd (id, feature_id, actuator_type_id, description, range_min, range_max) VALUES (151, 151, 2, NULL, 0, 100);
INSERT INTO device_feature (id, device_id) VALUES (152, 124);
INSERT INTO feature_scalarcmd (id, feature_id, actuator_type_id, description, range_min, range_max) VALUES (152, 152, 2, NULL, 0, 100);
INSERT INTO device (id, protocol_id, identifier, device_name) VALUES (125, 1, "10168", "Satisfyer Pleasure Wand+");
INSERT INTO device (id, protocol_id, identifier, device_name) VALUES (126, 1, "10188", "Satisfyer Air Pump Bunny 5+");
INSERT INTO device_feature (id, device_id) VALUES (153, 126);
INSERT INTO feature_scalarcmd (id, feature_id, actuator_type_id, description, range_min, range_max) VALUES (153, 153, 2, NULL, 0, 100);
INSERT INTO device_feature (id, device_id) VALUES (154, 126);
INSERT INTO feature_scalarcmd (id, feature_id, actuator_type_id, description, range_min, range_max) VALUES (154, 154, 2, NULL, 0, 100);
INSERT INTO device (id, protocol_id, identifier, device_name) VALUES (127, 1, "10157", "Satisfyer Ultra Power Bullet 8");
INSERT INTO device (id, protocol_id, identifier, device_name) VALUES (128, 1, "10202", "Satisfyer Smooth Petal");
INSERT INTO device (id, protocol_id, identifier, device_name) VALUES (129, 1, "10009", "Satisfyer Hot Bunny");
INSERT INTO device_feature (id, device_id) VALUES (155, 129);
INSERT INTO feature_scalarcmd (id, feature_id, actuator_type_id, description, range_min, range_max) VALUES (155, 155, 2, NULL, 0, 100);
INSERT INTO device_feature (id, device_id) VALUES (156, 129);
INSERT INTO feature_scalarcmd (id, feature_id, actuator_type_id, description, range_min, range_max) VALUES (156, 156, 2, NULL, 0, 100);
INSERT INTO device (id, protocol_id, identifier, device_name) VALUES (130, 1, "10119", "Satisfyer Love Birds 1");
INSERT INTO device (id, protocol_id, identifier, device_name) VALUES (131, 1, "10125", "Satisfyer Love Birds Vary");
INSERT INTO device (id, protocol_id, identifier, device_name) VALUES (132, 1, "10074", "Satisfyer Strong One");
INSERT INTO device (id, protocol_id, identifier, device_name) VALUES (133, 1, "10121", "Satisfyer Love Birds 2");
INSERT INTO device (id, protocol_id, identifier, device_name) VALUES (134, 1, "10079", "Satisfyer Dual Love");
INSERT INTO device_feature (id, device_id) VALUES (157, 134);
INSERT INTO feature_scalarcmd (id, feature_id, actuator_type_id, description, range_min, range_max) VALUES (157, 157, 2, NULL, 0, 100);
INSERT INTO device_feature (id, device_id) VALUES (158, 134);
INSERT INTO feature_scalarcmd (id, feature_id, actuator_type_id, description, range_min, range_max) VALUES (158, 158, 2, NULL, 0, 100);
INSERT INTO device (id, protocol_id, identifier, device_name) VALUES (135, 1, "10201", "Satisfyer Ribbed Petal");
INSERT INTO device (id, protocol_id, identifier, device_name) VALUES (136, 1, "10144", "Satisfyer Rotator Plug 2+");
INSERT INTO device_feature (id, device_id) VALUES (159, 136);
INSERT INTO feature_scalarcmd (id, feature_id, actuator_type_id, description, range_min, range_max) VALUES (159, 159, 2, NULL, 0, 100);
INSERT INTO device_feature (id, device_id) VALUES (160, 136);
INSERT INTO feature_scalarcmd (id, feature_id, actuator_type_id, description, range_min, range_max) VALUES (160, 160, 2, NULL, 0, 100);
INSERT INTO device (id, protocol_id, identifier, device_name) VALUES (137, 1, "10071", "Satisfyer Heat Wave");
INSERT INTO device_feature (id, device_id) VALUES (161, 137);
INSERT INTO feature_scalarcmd (id, feature_id, actuator_type_id, description, range_min, range_max) VALUES (161, 161, 2, NULL, 0, 100);
INSERT INTO device_feature (id, device_id) VALUES (162, 137);
INSERT INTO feature_scalarcmd (id, feature_id, actuator_type_id, description, range_min, range_max) VALUES (162, 162, 2, NULL, 0, 100);
INSERT INTO device (id, protocol_id, identifier, device_name) VALUES (138, 1, "10194", "Satisfyer G-Spot Flex 5+");
INSERT INTO device (id, protocol_id, identifier, device_name) VALUES (139, 1, "10111", "Satisfyer E-Love G-Spotter+");
INSERT INTO device_feature (id, device_id) VALUES (163, 139);
INSERT INTO feature_scalarcmd (id, feature_id, actuator_type_id, description, range_min, range_max) VALUES (163, 163, 2, NULL, 0, 100);
INSERT INTO device_feature (id, device_id) VALUES (164, 139);
INSERT INTO feature_scalarcmd (id, feature_id, actuator_type_id, description, range_min, range_max) VALUES (164, 164, 2, NULL, 0, 100);
INSERT INTO device (id, protocol_id, identifier, device_name) VALUES (140, 1, "10110", "Satisfyer E-Love G-Spotter");
INSERT INTO device_feature (id, device_id) VALUES (165, 140);
INSERT INTO feature_scalarcmd (id, feature_id, actuator_type_id, description, range_min, range_max) VALUES (165, 165, 2, NULL, 0, 100);
INSERT INTO device (id, protocol_id, identifier, device_name) VALUES (141, 1, "10008", "Satisfyer Heated Thrill");
INSERT INTO device_feature (id, device_id) VALUES (166, 141);
INSERT INTO feature_scalarcmd (id, feature_id, actuator_type_id, description, range_min, range_max) VALUES (166, 166, 2, NULL, 0, 100);
INSERT INTO device (id, protocol_id, identifier, device_name) VALUES (142, 1, "10065", "Satisfyer Double Flex");
INSERT INTO device_feature (id, device_id) VALUES (167, 142);
INSERT INTO feature_scalarcmd (id, feature_id, actuator_type_id, description, range_min, range_max) VALUES (167, 167, 2, NULL, 0, 100);
INSERT INTO device_feature (id, device_id) VALUES (168, 142);
INSERT INTO feature_scalarcmd (id, feature_id, actuator_type_id, description, range_min, range_max) VALUES (168, 168, 2, NULL, 0, 100);
INSERT INTO device_feature (id, device_id) VALUES (169, 142);
INSERT INTO feature_scalarcmd (id, feature_id, actuator_type_id, description, range_min, range_max) VALUES (169, 169, 2, NULL, 0, 100);
INSERT INTO device (id, protocol_id, identifier, device_name) VALUES (143, 1, "10007", "Satisfyer Big Heat");
INSERT INTO device (id, protocol_id, identifier, device_name) VALUES (144, 1, "10124", "Satisfyer Love Birds Vary");
INSERT INTO device (id, protocol_id, identifier, device_name) VALUES (145, 1, "10145", "Satisfyer Rotator Plug 2+");
INSERT INTO device_feature (id, device_id) VALUES (170, 145);
INSERT INTO feature_scalarcmd (id, feature_id, actuator_type_id, description, range_min, range_max) VALUES (170, 170, 2, NULL, 0, 100);
INSERT INTO device_feature (id, device_id) VALUES (171, 145);
INSERT INTO feature_scalarcmd (id, feature_id, actuator_type_id, description, range_min, range_max) VALUES (171, 171, 2, NULL, 0, 100);
INSERT INTO device (id, protocol_id, identifier, device_name) VALUES (146, 1, "10046", "Satisfyer Double Joy");
INSERT INTO device_feature (id, device_id) VALUES (172, 146);
INSERT INTO feature_scalarcmd (id, feature_id, actuator_type_id, description, range_min, range_max) VALUES (172, 172, 2, NULL, 0, 100);
INSERT INTO device_feature (id, device_id) VALUES (173, 146);
INSERT INTO feature_scalarcmd (id, feature_id, actuator_type_id, description, range_min, range_max) VALUES (173, 173, 2, NULL, 0, 100);
INSERT INTO device (id, protocol_id, identifier, device_name) VALUES (147, 1, "10182", "Satisfyer Love Birds 1");
INSERT INTO device (id, protocol_id, identifier, device_name) VALUES (148, 1, "10059", "Satisfyer Hot Lover");
INSERT INTO device_feature (id, device_id) VALUES (174, 148);
INSERT INTO feature_scalarcmd (id, feature_id, actuator_type_id, description, range_min, range_max) VALUES (174, 174, 2, NULL, 0, 100);
INSERT INTO device_feature (id, device_id) VALUES (175, 148);
INSERT INTO feature_scalarcmd (id, feature_id, actuator_type_id, description, range_min, range_max) VALUES (175, 175, 2, NULL, 0, 100);
INSERT INTO device (id, protocol_id, identifier, device_name) VALUES (149, 1, "10158", "Satisfyer Ultra Power Bullet 8");
INSERT INTO device (id, protocol_id, identifier, device_name) VALUES (150, 1, "10060", "Satisfyer Hot Lover");
INSERT INTO device_feature (id, device_id) VALUES (176, 150);
INSERT INTO feature_scalarcmd (id, feature_id, actuator_type_id, description, range_min, range_max) VALUES (176, 176, 2, NULL, 0, 100);
INSERT INTO device_feature (id, device_id) VALUES (177, 150);
INSERT INTO feature_scalarcmd (id, feature_id, actuator_type_id, description, range_min, range_max) VALUES (177, 177, 2, NULL, 0, 100);
INSERT INTO device (id, protocol_id, identifier, device_name) VALUES (151, 1, "10187", "Satisfyer Hug me");
INSERT INTO device_feature (id, device_id) VALUES (178, 151);
INSERT INTO feature_scalarcmd (id, feature_id, actuator_type_id, description, range_min, range_max) VALUES (178, 178, 2, NULL, 0, 100);
INSERT INTO device_feature (id, device_id) VALUES (179, 151);
INSERT INTO feature_scalarcmd (id, feature_id, actuator_type_id, description, range_min, range_max) VALUES (179, 179, 2, NULL, 0, 100);
INSERT INTO device (id, protocol_id, identifier, device_name) VALUES (152, 1, "10122", "Satisfyer Love Birds 2");
INSERT INTO device (id, protocol_id, identifier, device_name) VALUES (153, 1, "10176", "Satisfyer Bullseye");
INSERT INTO device (id, protocol_id, identifier, device_name) VALUES (154, 1, "10063", "Satisfyer Mono Flex");
INSERT INTO device_feature (id, device_id) VALUES (180, 154);
INSERT INTO feature_scalarcmd (id, feature_id, actuator_type_id, description, range_min, range_max) VALUES (180, 180, 2, NULL, 0, 100);
INSERT INTO device_feature (id, device_id) VALUES (181, 154);
INSERT INTO feature_scalarcmd (id, feature_id, actuator_type_id, description, range_min, range_max) VALUES (181, 181, 2, NULL, 0, 100);
INSERT INTO protocol (id, protocol_name, display_name) VALUES (2, "mizzzee", "mizzzee");
INSERT INTO protocol_bluetooth_name (protocol_id, bluetooth_name) VALUES (2, "NFY008");
INSERT INTO protocol_bluetooth_service (id, protocol_id, service_uuid) VALUES (4, 2, "0000eea0-0000-1000-8000-00805f9b34fb");
INSERT INTO protocol_bluetooth_characteristic (id, service_id, endpoint, characteristic_uuid) VALUES (4, 4, "tx", "0000eea1-0000-1000-8000-00805f9b34fb");
INSERT INTO device (id, protocol_id, identifier, device_name) VALUES (155, 2, NULL, "Mizz Zee Device");
INSERT INTO device_feature (id, device_id) VALUES (182, 155);
INSERT INTO feature_scalarcmd (id, feature_id, actuator_type_id, description, range_min, range_max) VALUES (182, 182, 2, NULL, 0, 68);
INSERT INTO protocol (id, protocol_name, display_name) VALUES (3, "youcups", "youcups");
INSERT INTO protocol_bluetooth_name (protocol_id, bluetooth_name) VALUES (3, "Youcups");
INSERT INTO protocol_bluetooth_service (id, protocol_id, service_uuid) VALUES (6, 3, "0000fee9-0000-1000-8000-00805f9b34fb");
INSERT INTO protocol_bluetooth_characteristic (id, service_id, endpoint, characteristic_uuid) VALUES (5, 6, "tx", "d44bc439-abfd-45a2-b575-925416129600");
INSERT INTO device (id, protocol_id, identifier, device_name) VALUES (156, 3, NULL, "Youcups Warrior II");
INSERT INTO device_feature (id, device_id) VALUES (183, 156);
INSERT INTO feature_scalarcmd (id, feature_id, actuator_type_id, description, range_min, range_max) VALUES (183, 183, 2, NULL, 0, 8);
INSERT INTO protocol (id, protocol_name, display_name) VALUES (4, "kiiroo-v2-vibrator", "kiiroo-v2-vibrator");
INSERT INTO protocol_bluetooth_name (protocol_id, bluetooth_name) VALUES (4, "Fuse");
INSERT INTO protocol_bluetooth_name (protocol_id, bluetooth_name) VALUES (4, "Titan");
INSERT INTO protocol_bluetooth_name (protocol_id, bluetooth_name) VALUES (4, "Virtual Rabbit");
INSERT INTO protocol_bluetooth_name (protocol_id, bluetooth_name) VALUES (4, "Pearl2");
INSERT INTO protocol_bluetooth_name (protocol_id, bluetooth_name) VALUES (4, "Virtual Blowbot");
INSERT INTO protocol_bluetooth_service (id, protocol_id, service_uuid) VALUES (8, 4, "88f82580-0000-01e6-aace-0002a5d5c51b");
INSERT INTO protocol_bluetooth_characteristic (id, service_id, endpoint, characteristic_uuid) VALUES (6, 8, "rxaccel", "88f82584-0000-01e6-aace-0002a5d5c51b");
INSERT INTO protocol_bluetooth_characteristic (id, service_id, endpoint, characteristic_uuid) VALUES (7, 8, "rxtouch", "88f82582-0000-01e6-aace-0002a5d5c51b");
INSERT INTO protocol_bluetooth_characteristic (id, service_id, endpoint, characteristic_uuid) VALUES (8, 8, "tx", "88f82581-0000-01e6-aace-0002a5d5c51b");
INSERT INTO device (id, protocol_id, identifier, device_name) VALUES (157, 4, "Fuse", "OhMiBod Fuse");
INSERT INTO device_feature (id, device_id) VALUES (184, 157);
INSERT INTO feature_scalarcmd (id, feature_id, actuator_type_id, description, range_min, range_max) VALUES (184, 184, 2, NULL, 0, 100);
INSERT INTO device_feature (id, device_id) VALUES (185, 157);
INSERT INTO feature_scalarcmd (id, feature_id, actuator_type_id, description, range_min, range_max) VALUES (185, 185, 2, NULL, 0, 100);
INSERT INTO device (id, protocol_id, identifier, device_name) VALUES (158, 4, NULL, "Kiiroo V2 Vibrator Device");
INSERT INTO device_feature (id, device_id) VALUES (186, 158);
INSERT INTO feature_scalarcmd (id, feature_id, actuator_type_id, description, range_min, range_max) VALUES (186, 186, 2, NULL, 0, 100);
INSERT INTO device_feature (id, device_id) VALUES (187, 158);
INSERT INTO feature_scalarcmd (id, feature_id, actuator_type_id, description, range_min, range_max) VALUES (187, 187, 2, NULL, 0, 100);
INSERT INTO device_feature (id, device_id) VALUES (188, 158);
INSERT INTO feature_scalarcmd (id, feature_id, actuator_type_id, description, range_min, range_max) VALUES (188, 188, 2, NULL, 0, 100);
INSERT INTO device (id, protocol_id, identifier, device_name) VALUES (159, 4, "Virtual Blowbot", "PornHub Virtual Blowbot");
INSERT INTO device_feature (id, device_id) VALUES (189, 159);
INSERT INTO feature_scalarcmd (id, feature_id, actuator_type_id, description, range_min, range_max) VALUES (189, 189, 2, NULL, 0, 100);
INSERT INTO device_feature (id, device_id) VALUES (190, 159);
INSERT INTO feature_scalarcmd (id, feature_id, actuator_type_id, description, range_min, range_max) VALUES (190, 190, 2, NULL, 0, 100);
INSERT INTO device (id, protocol_id, identifier, device_name) VALUES (160, 4, "Titan", "Kiiroo Titan");
INSERT INTO device_feature (id, device_id) VALUES (191, 160);
INSERT INTO feature_scalarcmd (id, feature_id, actuator_type_id, description, range_min, range_max) VALUES (191, 191, 2, NULL, 0, 100);
INSERT INTO device_feature (id, device_id) VALUES (192, 160);
INSERT INTO feature_scalarcmd (id, feature_id, actuator_type_id, description, range_min, range_max) VALUES (192, 192, 2, NULL, 0, 100);
INSERT INTO device_feature (id, device_id) VALUES (193, 160);
INSERT INTO feature_scalarcmd (id, feature_id, actuator_type_id, description, range_min, range_max) VALUES (193, 193, 2, NULL, 0, 100);
INSERT INTO device (id, protocol_id, identifier, device_name) VALUES (161, 4, "Pearl2", "Kiiroo Pearl 2");
INSERT INTO device_feature (id, device_id) VALUES (194, 161);
INSERT INTO feature_scalarcmd (id, feature_id, actuator_type_id, description, range_min, range_max) VALUES (194, 194, 2, NULL, 0, 100);
INSERT INTO device (id, protocol_id, identifier, device_name) VALUES (162, 4, "Virtual Rabbit", "PornHub Virtual Rabit");
INSERT INTO device_feature (id, device_id) VALUES (195, 162);
INSERT INTO feature_scalarcmd (id, feature_id, actuator_type_id, description, range_min, range_max) VALUES (195, 195, 2, NULL, 0, 100);
INSERT INTO device_feature (id, device_id) VALUES (196, 162);
INSERT INTO feature_scalarcmd (id, feature_id, actuator_type_id, description, range_min, range_max) VALUES (196, 196, 2, NULL, 0, 100);
INSERT INTO protocol (id, protocol_name, display_name) VALUES (5, "svakom-sam", "svakom-sam");
INSERT INTO protocol_bluetooth_name (protocol_id, bluetooth_name) VALUES (5, "Sam Neo");
INSERT INTO protocol_bluetooth_service (id, protocol_id, service_uuid) VALUES (10, 5, "0000ae00-0000-1000-8000-00805f9b34fb");
INSERT INTO protocol_bluetooth_characteristic (id, service_id, endpoint, characteristic_uuid) VALUES (9, 10, "tx", "0000ae01-0000-1000-8000-00805f9b34fb");
INSERT INTO device (id, protocol_id, identifier, device_name) VALUES (163, 5, NULL, "Svakom Sam Neo");
INSERT INTO device_feature (id, device_id) VALUES (197, 163);
INSERT INTO feature_scalarcmd (id, feature_id, actuator_type_id, description, range_min, range_max) VALUES (197, 197, 2, NULL, 0, 10);
INSERT INTO device_feature (id, device_id) VALUES (198, 163);
INSERT INTO feature_scalarcmd (id, feature_id, actuator_type_id, description, range_min, range_max) VALUES (198, 198, 2, NULL, 0, 1);
INSERT INTO protocol (id, protocol_name, display_name) VALUES (6, "metaxsire", "metaxsire");
INSERT INTO protocol_bluetooth_name (protocol_id, bluetooth_name) VALUES (6, "Cali");
INSERT INTO protocol_bluetooth_name (protocol_id, bluetooth_name) VALUES (6, "Olis");
INSERT INTO protocol_bluetooth_name (protocol_id, bluetooth_name) VALUES (6, "Rex");
INSERT INTO protocol_bluetooth_service (id, protocol_id, service_uuid) VALUES (12, 6, "0000ffe0-0000-1000-8000-00805f9b34fb");
INSERT INTO protocol_bluetooth_characteristic (id, service_id, endpoint, characteristic_uuid) VALUES (10, 12, "tx", "0000ffe1-0000-1000-8000-00805f9b34fb");
INSERT INTO protocol_bluetooth_characteristic (id, service_id, endpoint, characteristic_uuid) VALUES (11, 12, "rx", "0000ffe2-0000-1000-8000-00805f9b34fb");
INSERT INTO device (id, protocol_id, identifier, device_name) VALUES (164, 6, "Rex", "metaXsire Rex");
INSERT INTO device (id, protocol_id, identifier, device_name) VALUES (165, 6, NULL, "metaXsire Device");
INSERT INTO device_feature (id, device_id) VALUES (199, 165);
INSERT INTO feature_scalarcmd (id, feature_id, actuator_type_id, description, range_min, range_max) VALUES (199, 199, 2, NULL, 0, 255);
INSERT INTO device (id, protocol_id, identifier, device_name) VALUES (166, 6, "Olis", "metaXsire Olis");
INSERT INTO device_feature (id, device_id) VALUES (200, 166);
INSERT INTO feature_scalarcmd (id, feature_id, actuator_type_id, description, range_min, range_max) VALUES (200, 200, 2, NULL, 0, 255);
INSERT INTO device_feature (id, device_id) VALUES (201, 166);
INSERT INTO feature_scalarcmd (id, feature_id, actuator_type_id, description, range_min, range_max) VALUES (201, 201, 2, NULL, 0, 255);
INSERT INTO device_feature (id, device_id) VALUES (202, 166);
INSERT INTO feature_scalarcmd (id, feature_id, actuator_type_id, description, range_min, range_max) VALUES (202, 202, 3, NULL, 0, 255);
INSERT INTO device (id, protocol_id, identifier, device_name) VALUES (167, 6, "Cali", "metaXsire Cali");
INSERT INTO device_feature (id, device_id) VALUES (203, 167);
INSERT INTO feature_scalarcmd (id, feature_id, actuator_type_id, description, range_min, range_max) VALUES (203, 203, 2, NULL, 0, 255);
INSERT INTO device_feature (id, device_id) VALUES (204, 167);
INSERT INTO feature_scalarcmd (id, feature_id, actuator_type_id, description, range_min, range_max) VALUES (204, 204, 5, NULL, 0, 255);
INSERT INTO protocol (id, protocol_name, display_name) VALUES (7, "patoo", "patoo");
INSERT INTO protocol_bluetooth_prefix (protocol_id, prefix) VALUES (7, "PBT*");
INSERT INTO protocol_bluetooth_prefix (protocol_id, prefix) VALUES (7, "PHT*");
INSERT INTO protocol_bluetooth_prefix (protocol_id, prefix) VALUES (7, "PTVEA*");
INSERT INTO protocol_bluetooth_prefix (protocol_id, prefix) VALUES (7, "PCS*");
INSERT INTO protocol_bluetooth_service (id, protocol_id, service_uuid) VALUES (14, 7, "f000aa64-0451-4000-b000-000000000000");
INSERT INTO protocol_bluetooth_characteristic (id, service_id, endpoint, characteristic_uuid) VALUES (12, 14, "txmode", "f000aa65-0451-4000-b000-000000000000");
INSERT INTO protocol_bluetooth_characteristic (id, service_id, endpoint, characteristic_uuid) VALUES (13, 14, "tx", "f000aa68-0451-4000-b000-000000000000");
INSERT INTO device (id, protocol_id, identifier, device_name) VALUES (168, 7, "PHT", "Patoo Bean Sprout");
INSERT INTO device (id, protocol_id, identifier, device_name) VALUES (169, 7, "PTVEA", "Patoo Carrot");
INSERT INTO device (id, protocol_id, identifier, device_name) VALUES (170, 7, "PBT", "Patoo Devil");
INSERT INTO device_feature (id, device_id) VALUES (205, 170);
INSERT INTO feature_scalarcmd (id, feature_id, actuator_type_id, description, range_min, range_max) VALUES (205, 205, 2, NULL, 0, 100);
INSERT INTO device_feature (id, device_id) VALUES (206, 170);
INSERT INTO feature_scalarcmd (id, feature_id, actuator_type_id, description, range_min, range_max) VALUES (206, 206, 2, NULL, 0, 100);
INSERT INTO device (id, protocol_id, identifier, device_name) VALUES (171, 7, "PCS", "Patoo Vibrator");
INSERT INTO device (id, protocol_id, identifier, device_name) VALUES (172, 7, NULL, "Patoo Device");
INSERT INTO device_feature (id, device_id) VALUES (207, 172);
INSERT INTO feature_scalarcmd (id, feature_id, actuator_type_id, description, range_min, range_max) VALUES (207, 207, 2, NULL, 0, 100);
INSERT INTO protocol (id, protocol_name, display_name) VALUES (8, "svakom", "svakom");
INSERT INTO protocol_bluetooth_name (protocol_id, bluetooth_name) VALUES (8, "Aogu SUV");
INSERT INTO protocol_bluetooth_name (protocol_id, bluetooth_name) VALUES (8, "Emma NEO");
INSERT INTO protocol_bluetooth_name (protocol_id, bluetooth_name) VALUES (8, "Vick NEO");
INSERT INTO protocol_bluetooth_name (protocol_id, bluetooth_name) VALUES (8, "Phoenix NEO");
INSERT INTO protocol_bluetooth_name (protocol_id, bluetooth_name) VALUES (8, "Ella NEO");
INSERT INTO protocol_bluetooth_name (protocol_id, bluetooth_name) VALUES (8, "Aogu SCB");
INSERT INTO protocol_bluetooth_service (id, protocol_id, service_uuid) VALUES (16, 8, "0000ffe0-0000-1000-8000-00805f9b34fb");
INSERT INTO protocol_bluetooth_characteristic (id, service_id, endpoint, characteristic_uuid) VALUES (14, 16, "tx", "0000ffe1-0000-1000-8000-00805f9b34fb");
INSERT INTO protocol_bluetooth_characteristic (id, service_id, endpoint, characteristic_uuid) VALUES (15, 16, "rx", "0000ffe2-0000-1000-8000-00805f9b34fb");
INSERT INTO device (id, protocol_id, identifier, device_name) VALUES (173, 8, NULL, "Svakom Device");
INSERT INTO device_feature (id, device_id) VALUES (208, 173);
INSERT INTO feature_scalarcmd (id, feature_id, actuator_type_id, description, range_min, range_max) VALUES (208, 208, 2, NULL, 0, 19);
INSERT INTO device (id, protocol_id, identifier, device_name) VALUES (174, 8, "Phoenix NEO", "Svakom Phoenix Neo");
INSERT INTO device (id, protocol_id, identifier, device_name) VALUES (175, 8, "Vick NEO", "Svakom Vick Neo");
INSERT INTO device (id, protocol_id, identifier, device_name) VALUES (176, 8, "Ella NEO", "Svakom Ella Neo");
INSERT INTO device (id, protocol_id, identifier, device_name) VALUES (177, 8, "Emma NEO", "Svakom Emma Neo");
INSERT INTO device (id, protocol_id, identifier, device_name) VALUES (178, 8, "Aogu SCB", "Svakom Ella");
INSERT INTO protocol (id, protocol_name, display_name) VALUES (9, "magic-motion-1", "magic-motion-1");
INSERT INTO protocol_bluetooth_name (protocol_id, bluetooth_name) VALUES (9, "Gballs2");
INSERT INTO protocol_bluetooth_name (protocol_id, bluetooth_name) VALUES (9, "FM-LILAC-101");
INSERT INTO protocol_bluetooth_name (protocol_id, bluetooth_name) VALUES (9, "GBalls3");
INSERT INTO protocol_bluetooth_name (protocol_id, bluetooth_name) VALUES (9, "Flamingo");
INSERT INTO protocol_bluetooth_name (protocol_id, bluetooth_name) VALUES (9, "Fugu");
INSERT INTO protocol_bluetooth_prefix (protocol_id, prefix) VALUES (9, "Smart Mini Vibe*");
INSERT INTO protocol_bluetooth_name (protocol_id, bluetooth_name) VALUES (9, "Magic Cell");
INSERT INTO protocol_bluetooth_name (protocol_id, bluetooth_name) VALUES (9, "Smart Bean");
INSERT INTO protocol_bluetooth_name (protocol_id, bluetooth_name) VALUES (9, "Magic Wand");
INSERT INTO protocol_bluetooth_service (id, protocol_id, service_uuid) VALUES (18, 9, "78667579-7b48-43db-b8c5-7928a6b0a335");
INSERT INTO protocol_bluetooth_characteristic (id, service_id, endpoint, characteristic_uuid) VALUES (16, 18, "tx", "78667579-a914-49a4-8333-aa3c0cd8fedc");
INSERT INTO protocol_bluetooth_service (id, protocol_id, service_uuid) VALUES (19, 9, "0000180f-0000-1000-8000-00805f9b34fb");
INSERT INTO protocol_bluetooth_characteristic (id, service_id, endpoint, characteristic_uuid) VALUES (17, 19, "rxblebattery", "00002a19-0000-1000-8000-00805f9b34fb");
INSERT INTO device (id, protocol_id, identifier, device_name) VALUES (179, 9, "Smart Mini Vibe", "MagicMotion Smart Mini Vibe");
INSERT INTO device (id, protocol_id, identifier, device_name) VALUES (180, 9, "Magic Fugu", "MagicMotion Fugu");
INSERT INTO device (id, protocol_id, identifier, device_name) VALUES (181, 9, "Smart Bean", "MagicMotion Smart Bean");
INSERT INTO device (id, protocol_id, identifier, device_name) VALUES (182, 9, "Smart Mini Vibe3", "MagicMotion Vini");
INSERT INTO device (id, protocol_id, identifier, device_name) VALUES (183, 9, NULL, "Magic Motion V1 Device");
INSERT INTO device_feature (id, device_id) VALUES (209, 183);
INSERT INTO feature_scalarcmd (id, feature_id, actuator_type_id, description, range_min, range_max) VALUES (209, 209, 2, NULL, 0, 100);
INSERT INTO device (id, protocol_id, identifier, device_name) VALUES (184, 9, "Magic Wand", "MagicMotion Wand");
INSERT INTO device (id, protocol_id, identifier, device_name) VALUES (185, 9, "Flamingo", "MagicMotion Flamingo");
INSERT INTO device (id, protocol_id, identifier, device_name) VALUES (186, 9, "FM-LILAC-101", "Femometer Lilac");
INSERT INTO device (id, protocol_id, identifier, device_name) VALUES (187, 9, "Magic Cell", "MagicMotion Dante/Candy/Rise");
INSERT INTO device (id, protocol_id, identifier, device_name) VALUES (188, 9, "Magic Bean", "MagicMotion Kegel");
INSERT INTO device (id, protocol_id, identifier, device_name) VALUES (189, 9, "GBalls3", "G Vibe Gballs 3");
INSERT INTO device (id, protocol_id, identifier, device_name) VALUES (190, 9, "Gballs2", "G Vibe Gballs 2");
INSERT INTO protocol (id, protocol_name, display_name) VALUES (10, "youou", "youou");
INSERT INTO protocol_bluetooth_prefix (protocol_id, prefix) VALUES (10, "VX001_*");
INSERT INTO protocol_bluetooth_service (id, protocol_id, service_uuid) VALUES (21, 10, "0000fff0-0000-1000-8000-00805f9b34fb");
INSERT INTO protocol_bluetooth_characteristic (id, service_id, endpoint, characteristic_uuid) VALUES (18, 21, "tx", "0000fff6-0000-1000-8000-00805f9b34fb");
INSERT INTO device (id, protocol_id, identifier, device_name) VALUES (191, 10, NULL, "Youou Wand Vibrator");
INSERT INTO device_feature (id, device_id) VALUES (210, 191);
INSERT INTO feature_scalarcmd (id, feature_id, actuator_type_id, description, range_min, range_max) VALUES (210, 210, 2, NULL, 0, 255);
INSERT INTO protocol (id, protocol_name, display_name) VALUES (11, "svakom-iker", "svakom-iker");
INSERT INTO protocol_bluetooth_prefix (protocol_id, prefix) VALUES (11, "Iker*");
INSERT INTO protocol_bluetooth_service (id, protocol_id, service_uuid) VALUES (23, 11, "0000ffe0-0000-1000-8000-00805f9b34fb");
INSERT INTO protocol_bluetooth_characteristic (id, service_id, endpoint, characteristic_uuid) VALUES (19, 23, "tx", "0000ffe1-0000-1000-8000-00805f9b34fb");
INSERT INTO protocol_bluetooth_service (id, protocol_id, service_uuid) VALUES (24, 11, "00001800-0000-1000-8000-00805f9b34fb");
INSERT INTO protocol_bluetooth_characteristic (id, service_id, endpoint, characteristic_uuid) VALUES (20, 24, "rxblemodel", "00002a00-0000-1000-8000-00805f9b34fb");
INSERT INTO device (id, protocol_id, identifier, device_name) VALUES (192, 11, NULL, "Svakom Iker");
INSERT INTO device_feature (id, device_id) VALUES (211, 192);
INSERT INTO feature_scalarcmd (id, feature_id, actuator_type_id, description, range_min, range_max) VALUES (211, 211, 2, NULL, 0, 10);
INSERT INTO device_feature (id, device_id) VALUES (212, 192);
INSERT INTO feature_scalarcmd (id, feature_id, actuator_type_id, description, range_min, range_max) VALUES (212, 212, 2, NULL, 0, 5);
INSERT INTO protocol (id, protocol_name, display_name) VALUES (12, "magic-motion-2", "magic-motion-2");
INSERT INTO protocol_bluetooth_name (protocol_id, bluetooth_name) VALUES (12, "Eidolon");
INSERT INTO protocol_bluetooth_name (protocol_id, bluetooth_name) VALUES (12, "Sword");
INSERT INTO protocol_bluetooth_name (protocol_id, bluetooth_name) VALUES (12, "Curve");
INSERT INTO protocol_bluetooth_name (protocol_id, bluetooth_name) VALUES (12, "Lipstick");
INSERT INTO protocol_bluetooth_service (id, protocol_id, service_uuid) VALUES (26, 12, "0000180f-0000-1000-8000-00805f9b34fb");
INSERT INTO protocol_bluetooth_characteristic (id, service_id, endpoint, characteristic_uuid) VALUES (21, 26, "rxblebattery", "00002a19-0000-1000-8000-00805f9b34fb");
INSERT INTO protocol_bluetooth_service (id, protocol_id, service_uuid) VALUES (27, 12, "78667579-7b48-43db-b8c5-7928a6b0a335");
INSERT INTO protocol_bluetooth_characteristic (id, service_id, endpoint, characteristic_uuid) VALUES (22, 27, "tx", "78667579-a914-49a4-8333-aa3c0cd8fedc");
INSERT INTO device (id, protocol_id, identifier, device_name) VALUES (193, 12, "Sword", "MagicMotion Equinox");
INSERT INTO device (id, protocol_id, identifier, device_name) VALUES (194, 12, "Lipstick", "MagicMotion Awaken");
INSERT INTO device (id, protocol_id, identifier, device_name) VALUES (195, 12, "Curve", "MagicMotion Solstice");
INSERT INTO device (id, protocol_id, identifier, device_name) VALUES (196, 12, "Eidolon", "MagicMotion Eidolon");
INSERT INTO device_feature (id, device_id) VALUES (213, 196);
INSERT INTO feature_scalarcmd (id, feature_id, actuator_type_id, description, range_min, range_max) VALUES (213, 213, 2, NULL, 0, 100);
INSERT INTO device_feature (id, device_id) VALUES (214, 196);
INSERT INTO feature_scalarcmd (id, feature_id, actuator_type_id, description, range_min, range_max) VALUES (214, 214, 2, NULL, 0, 100);
INSERT INTO device (id, protocol_id, identifier, device_name) VALUES (197, 12, NULL, "Magic Motion V2 Device");
INSERT INTO device_feature (id, device_id) VALUES (215, 197);
INSERT INTO feature_scalarcmd (id, feature_id, actuator_type_id, description, range_min, range_max) VALUES (215, 215, 2, NULL, 0, 100);
INSERT INTO protocol (id, protocol_name, display_name) VALUES (13, "svakom-pulse", "svakom-pulse");
INSERT INTO protocol_bluetooth_name (protocol_id, bluetooth_name) VALUES (13, "Pulse Union");
INSERT INTO protocol_bluetooth_name (protocol_id, bluetooth_name) VALUES (13, "SWK-SX013A");
INSERT INTO protocol_bluetooth_service (id, protocol_id, service_uuid) VALUES (29, 13, "0000ffe0-0000-1000-8000-00805f9b34fb");
INSERT INTO protocol_bluetooth_characteristic (id, service_id, endpoint, characteristic_uuid) VALUES (23, 29, "tx", "0000ffe1-0000-1000-8000-00805f9b34fb");
INSERT INTO protocol_bluetooth_characteristic (id, service_id, endpoint, characteristic_uuid) VALUES (24, 29, "rx", "0000ffe2-0000-1000-8000-00805f9b34fb");
INSERT INTO device (id, protocol_id, identifier, device_name) VALUES (198, 13, "SWK-SX013A", "Svakom Pulse Lite Neo");
INSERT INTO device (id, protocol_id, identifier, device_name) VALUES (199, 13, "Pulse Union", "Svakom Pulse Union");
INSERT INTO device (id, protocol_id, identifier, device_name) VALUES (200, 13, NULL, "Svakom Pulse Device");
INSERT INTO device_feature (id, device_id) VALUES (216, 200);
INSERT INTO feature_scalarcmd (id, feature_id, actuator_type_id, description, range_min, range_max) VALUES (216, 216, 2, NULL, 0, 9);
INSERT INTO protocol (id, protocol_name, display_name) VALUES (14, "lelo-f1sv2", "lelo-f1sv2");
INSERT INTO protocol_bluetooth_name (protocol_id, bluetooth_name) VALUES (14, "F1SV2X");
INSERT INTO protocol_bluetooth_name (protocol_id, bluetooth_name) VALUES (14, "F1SV2A");
INSERT INTO protocol_bluetooth_service (id, protocol_id, service_uuid) VALUES (31, 14, "0000fff0-0000-1000-8000-00805f9b34fb");
INSERT INTO protocol_bluetooth_characteristic (id, service_id, endpoint, characteristic_uuid) VALUES (25, 31, "whitelist", "00000a10-0000-1000-8000-00805f9b34fb");
INSERT INTO protocol_bluetooth_characteristic (id, service_id, endpoint, characteristic_uuid) VALUES (26, 31, "rx", "00000a04-0000-1000-8000-00805f9b34fb");
INSERT INTO protocol_bluetooth_characteristic (id, service_id, endpoint, characteristic_uuid) VALUES (27, 31, "tx", "0000fff1-0000-1000-8000-00805f9b34fb");
INSERT INTO device (id, protocol_id, identifier, device_name) VALUES (201, 14, NULL, "Lelo F1s V2");
INSERT INTO device_feature (id, device_id) VALUES (217, 201);
INSERT INTO feature_scalarcmd (id, feature_id, actuator_type_id, description, range_min, range_max) VALUES (217, 217, 2, NULL, 0, 100);
INSERT INTO device_feature (id, device_id) VALUES (218, 201);
INSERT INTO feature_scalarcmd (id, feature_id, actuator_type_id, description, range_min, range_max) VALUES (218, 218, 2, NULL, 0, 100);
INSERT INTO protocol (id, protocol_name, display_name) VALUES (15, "lovense-connect-service", "lovense-connect-service");
INSERT INTO device (id, protocol_id, identifier, device_name) VALUES (202, 15, NULL, "Lovense Connect Service Device");
INSERT INTO device_feature (id, device_id) VALUES (219, 202);
INSERT INTO feature_scalarcmd (id, feature_id, actuator_type_id, description, range_min, range_max) VALUES (219, 219, 2, NULL, 0, 20);
INSERT INTO device (id, protocol_id, identifier, device_name) VALUES (203, 15, "Diamo", "Lovense Diamo");
INSERT INTO device (id, protocol_id, identifier, device_name) VALUES (204, 15, "Gush", "Lovense Gush");
INSERT INTO device (id, protocol_id, identifier, device_name) VALUES (205, 15, "Dolce", "Lovense Dolce");
INSERT INTO device_feature (id, device_id) VALUES (220, 205);
INSERT INTO feature_scalarcmd (id, feature_id, actuator_type_id, description, range_min, range_max) VALUES (220, 220, 2, NULL, 0, 20);
INSERT INTO device_feature (id, device_id) VALUES (221, 205);
INSERT INTO feature_scalarcmd (id, feature_id, actuator_type_id, description, range_min, range_max) VALUES (221, 221, 2, NULL, 0, 20);
INSERT INTO device (id, protocol_id, identifier, device_name) VALUES (206, 15, "ToyS", "Loveai Dolp");
INSERT INTO device (id, protocol_id, identifier, device_name) VALUES (207, 15, "Domi", "Lovense Domi");
INSERT INTO device (id, protocol_id, identifier, device_name) VALUES (208, 15, "Nora", "Lovense Nora");
INSERT INTO device (id, protocol_id, identifier, device_name) VALUES (209, 15, "Ferri", "Lovense Ferri");
INSERT INTO device (id, protocol_id, identifier, device_name) VALUES (210, 15, "Max", "Lovense Max");
INSERT INTO device_feature (id, device_id) VALUES (222, 210);
INSERT INTO feature_scalarcmd (id, feature_id, actuator_type_id, description, range_min, range_max) VALUES (222, 222, 2, "Vibrator", 0, 20);
INSERT INTO device_feature (id, device_id) VALUES (223, 210);
INSERT INTO feature_scalarcmd (id, feature_id, actuator_type_id, description, range_min, range_max) VALUES (223, 223, 5, "Air Pump", 0, 3);
INSERT INTO device (id, protocol_id, identifier, device_name) VALUES (211, 15, "Hyphy", "Lovense Hyphy");
INSERT INTO device_feature (id, device_id) VALUES (224, 211);
INSERT INTO feature_scalarcmd (id, feature_id, actuator_type_id, description, range_min, range_max) VALUES (224, 224, 2, NULL, 0, 20);
INSERT INTO device_feature (id, device_id) VALUES (225, 211);
INSERT INTO feature_scalarcmd (id, feature_id, actuator_type_id, description, range_min, range_max) VALUES (225, 225, 2, NULL, 0, 20);
INSERT INTO device (id, protocol_id, identifier, device_name) VALUES (212, 15, "Hush", "Lovense Hush");
INSERT INTO device (id, protocol_id, identifier, device_name) VALUES (213, 15, "Flexer", "Lovense Flexer");
INSERT INTO device_feature (id, device_id) VALUES (226, 213);
INSERT INTO feature_scalarcmd (id, feature_id, actuator_type_id, description, range_min, range_max) VALUES (226, 226, 2, "Both Vibes", 0, 20);
INSERT INTO device_feature (id, device_id) VALUES (227, 213);
INSERT INTO feature_scalarcmd (id, feature_id, actuator_type_id, description, range_min, range_max) VALUES (227, 227, 3, "Finger motion", 0, 20);
INSERT INTO device (id, protocol_id, identifier, device_name) VALUES (214, 15, "Osci", "Lovense Osci");
INSERT INTO device (id, protocol_id, identifier, device_name) VALUES (215, 15, "XMachine", "Lovense Sex Machine");
INSERT INTO device (id, protocol_id, identifier, device_name) VALUES (216, 15, "Ambi", "Lovense Ambi");
INSERT INTO device (id, protocol_id, identifier, device_name) VALUES (217, 15, "Mission", "Lovense Mission");
INSERT INTO device (id, protocol_id, identifier, device_name) VALUES (218, 15, "Edge", "Lovense Edge");
INSERT INTO device_feature (id, device_id) VALUES (228, 218);
INSERT INTO feature_scalarcmd (id, feature_id, actuator_type_id, description, range_min, range_max) VALUES (228, 228, 2, NULL, 0, 20);
INSERT INTO device_feature (id, device_id) VALUES (229, 218);
INSERT INTO feature_scalarcmd (id, feature_id, actuator_type_id, description, range_min, range_max) VALUES (229, 229, 2, NULL, 0, 20);
INSERT INTO device (id, protocol_id, identifier, device_name) VALUES (219, 15, "Gemini", "Lovense Gemini");
INSERT INTO device_feature (id, device_id) VALUES (230, 219);
INSERT INTO feature_scalarcmd (id, feature_id, actuator_type_id, description, range_min, range_max) VALUES (230, 230, 2, NULL, 0, 20);
INSERT INTO device_feature (id, device_id) VALUES (231, 219);
INSERT INTO feature_scalarcmd (id, feature_id, actuator_type_id, description, range_min, range_max) VALUES (231, 231, 2, NULL, 0, 20);
INSERT INTO device (id, protocol_id, identifier, device_name) VALUES (220, 15, "Lush", "Lovense Lush");
INSERT INTO device (id, protocol_id, identifier, device_name) VALUES (221, 15, "Calor", "Lovense Calor");
INSERT INTO device (id, protocol_id, identifier, device_name) VALUES (222, 15, "Gravity", "Lovense Gravity");
INSERT INTO device_feature (id, device_id) VALUES (232, 222);
INSERT INTO feature_scalarcmd (id, feature_id, actuator_type_id, description, range_min, range_max) VALUES (232, 232, 2, NULL, 0, 20);
INSERT INTO device_feature (id, device_id) VALUES (233, 222);
INSERT INTO feature_scalarcmd (id, feature_id, actuator_type_id, description, range_min, range_max) VALUES (233, 233, 4, NULL, 0, 20);
INSERT INTO protocol (id, protocol_name, display_name) VALUES (16, "realov", "realov");
INSERT INTO protocol_bluetooth_name (protocol_id, bluetooth_name) VALUES (16, "REALOV_VIBE");
INSERT INTO protocol_bluetooth_service (id, protocol_id, service_uuid) VALUES (33, 16, "0000ffe0-0000-1000-8000-00805f9b34fb");
INSERT INTO protocol_bluetooth_characteristic (id, service_id, endpoint, characteristic_uuid) VALUES (28, 33, "tx", "0000ffe1-0000-1000-8000-00805f9b34fb");
INSERT INTO device (id, protocol_id, identifier, device_name) VALUES (223, 16, NULL, "Realov Device");
INSERT INTO device_feature (id, device_id) VALUES (234, 223);
INSERT INTO feature_scalarcmd (id, feature_id, actuator_type_id, description, range_min, range_max) VALUES (234, 234, 2, NULL, 0, 50);
INSERT INTO protocol (id, protocol_name, display_name) VALUES (17, "tcode-v03", "tcode-v03");
INSERT INTO device (id, protocol_id, identifier, device_name) VALUES (224, 17, NULL, "TCode v0.3 (Single Linear Axis)");
INSERT INTO protocol (id, protocol_name, display_name) VALUES (18, "vorze-cyclone-x", "vorze-cyclone-x");
INSERT INTO device (id, protocol_id, identifier, device_name) VALUES (225, 18, NULL, "Vorze Cyclone X10 Device");
INSERT INTO protocol (id, protocol_name, display_name) VALUES (19, "zalo", "zalo");
INSERT INTO protocol_bluetooth_name (protocol_id, bluetooth_name) VALUES (19, "ZALO-King");
INSERT INTO protocol_bluetooth_name (protocol_id, bluetooth_name) VALUES (19, "ZALO-Queen");
INSERT INTO protocol_bluetooth_name (protocol_id, bluetooth_name) VALUES (19, "ZALO-Jeanne");
INSERT INTO protocol_bluetooth_service (id, protocol_id, service_uuid) VALUES (35, 19, "0000fff0-0000-1000-8000-00805f9b34fb");
INSERT INTO protocol_bluetooth_characteristic (id, service_id, endpoint, characteristic_uuid) VALUES (29, 35, "tx", "0000fff1-0000-1000-8000-00805f9b34fb");
INSERT INTO device (id, protocol_id, identifier, device_name) VALUES (226, 19, "ZALO-King", "Zalo King");
INSERT INTO device_feature (id, device_id) VALUES (235, 226);
INSERT INTO feature_scalarcmd (id, feature_id, actuator_type_id, description, range_min, range_max) VALUES (235, 235, 2, NULL, 0, 8);
INSERT INTO device_feature (id, device_id) VALUES (236, 226);
INSERT INTO feature_scalarcmd (id, feature_id, actuator_type_id, description, range_min, range_max) VALUES (236, 236, 2, NULL, 0, 8);
INSERT INTO device (id, protocol_id, identifier, device_name) VALUES (227, 19, "ZALO-Jeanne", "Zalo Jeanne");
INSERT INTO device (id, protocol_id, identifier, device_name) VALUES (228, 19, NULL, "Zalo Device");
INSERT INTO device_feature (id, device_id) VALUES (237, 228);
INSERT INTO feature_scalarcmd (id, feature_id, actuator_type_id, description, range_min, range_max) VALUES (237, 237, 2, NULL, 0, 8);
INSERT INTO device (id, protocol_id, identifier, device_name) VALUES (229, 19, "ZALO-Queen", "Zalo Queen");
INSERT INTO device_feature (id, device_id) VALUES (238, 229);
INSERT INTO feature_scalarcmd (id, feature_id, actuator_type_id, description, range_min, range_max) VALUES (238, 238, 2, NULL, 0, 8);
INSERT INTO device_feature (id, device_id) VALUES (239, 229);
INSERT INTO feature_scalarcmd (id, feature_id, actuator_type_id, description, range_min, range_max) VALUES (239, 239, 2, NULL, 0, 8);
INSERT INTO protocol (id, protocol_name, display_name) VALUES (20, "libo-vibes", "libo-vibes");
INSERT INTO protocol_bluetooth_name (protocol_id, bluetooth_name) VALUES (20, "LuXiaoHan");
INSERT INTO protocol_bluetooth_name (protocol_id, bluetooth_name) VALUES (20, "Haima");
INSERT INTO protocol_bluetooth_name (protocol_id, bluetooth_name) VALUES (20, "XiaoLu");
INSERT INTO protocol_bluetooth_name (protocol_id, bluetooth_name) VALUES (20, "LuWuShuang");
INSERT INTO protocol_bluetooth_name (protocol_id, bluetooth_name) VALUES (20, "Gugudai");
INSERT INTO protocol_bluetooth_name (protocol_id, bluetooth_name) VALUES (20, "LiBo");
INSERT INTO protocol_bluetooth_name (protocol_id, bluetooth_name) VALUES (20, "Huohu");
INSERT INTO protocol_bluetooth_name (protocol_id, bluetooth_name) VALUES (20, "MonsterPub");
INSERT INTO protocol_bluetooth_name (protocol_id, bluetooth_name) VALUES (20, "QingTing");
INSERT INTO protocol_bluetooth_name (protocol_id, bluetooth_name) VALUES (20, "BaiHu");
INSERT INTO protocol_bluetooth_name (protocol_id, bluetooth_name) VALUES (20, "Yuyi");
INSERT INTO protocol_bluetooth_service (id, protocol_id, service_uuid) VALUES (37, 20, "00006000-0000-1000-8000-00805f9b34fb");
INSERT INTO protocol_bluetooth_characteristic (id, service_id, endpoint, characteristic_uuid) VALUES (30, 37, "tx", "00006001-0000-1000-8000-00805f9b34fb");
INSERT INTO protocol_bluetooth_characteristic (id, service_id, endpoint, characteristic_uuid) VALUES (31, 37, "txmode", "00006002-0000-1000-8000-00805f9b34fb");
INSERT INTO device (id, protocol_id, identifier, device_name) VALUES (230, 20, "LuWuShuang", "Libo Adel");
INSERT INTO device (id, protocol_id, identifier, device_name) VALUES (231, 20, "XiaoLu", "Libo Lottie");
INSERT INTO device (id, protocol_id, identifier, device_name) VALUES (232, 20, "Yuyi", "Libo Feather");
INSERT INTO device (id, protocol_id, identifier, device_name) VALUES (233, 20, NULL, "Libo Vibes Device");
INSERT INTO device_feature (id, device_id) VALUES (240, 233);
INSERT INTO feature_scalarcmd (id, feature_id, actuator_type_id, description, range_min, range_max) VALUES (240, 240, 2, NULL, 0, 100);
INSERT INTO device (id, protocol_id, identifier, device_name) VALUES (234, 20, "BaiHu", "Libo LaLa");
INSERT INTO device_feature (id, device_id) VALUES (241, 234);
INSERT INTO feature_scalarcmd (id, feature_id, actuator_type_id, description, range_min, range_max) VALUES (241, 241, 2, NULL, 0, 100);
INSERT INTO device_feature (id, device_id) VALUES (242, 234);
INSERT INTO feature_scalarcmd (id, feature_id, actuator_type_id, description, range_min, range_max) VALUES (242, 242, 2, NULL, 0, 3);
INSERT INTO device (id, protocol_id, identifier, device_name) VALUES (235, 20, "Gugudai", "Libo Carlos");
INSERT INTO device_feature (id, device_id) VALUES (243, 235);
INSERT INTO feature_scalarcmd (id, feature_id, actuator_type_id, description, range_min, range_max) VALUES (243, 243, 2, NULL, 0, 100);
INSERT INTO device_feature (id, device_id) VALUES (244, 235);
INSERT INTO feature_scalarcmd (id, feature_id, actuator_type_id, description, range_min, range_max) VALUES (244, 244, 2, NULL, 0, 3);
INSERT INTO device (id, protocol_id, identifier, device_name) VALUES (236, 20, "Haima", "Libo Selina");
INSERT INTO device_feature (id, device_id) VALUES (245, 236);
INSERT INTO feature_scalarcmd (id, feature_id, actuator_type_id, description, range_min, range_max) VALUES (245, 245, 2, NULL, 0, 100);
INSERT INTO device_feature (id, device_id) VALUES (246, 236);
INSERT INTO feature_scalarcmd (id, feature_id, actuator_type_id, description, range_min, range_max) VALUES (246, 246, 2, NULL, 0, 3);
INSERT INTO device (id, protocol_id, identifier, device_name) VALUES (237, 20, "LuXiaoHan", "Libo LuLu");
INSERT INTO device (id, protocol_id, identifier, device_name) VALUES (238, 20, "Huohu", "Libo Lara");
INSERT INTO device (id, protocol_id, identifier, device_name) VALUES (239, 20, "LiBo", "Libo Lily");
INSERT INTO device (id, protocol_id, identifier, device_name) VALUES (240, 20, "MonsterPub", "Sistalk MonsterPub");
INSERT INTO device (id, protocol_id, identifier, device_name) VALUES (241, 20, "QingTing", "Libo Lucy");
INSERT INTO protocol (id, protocol_name, display_name) VALUES (21, "svakom-alex", "svakom-alex");
INSERT INTO protocol_bluetooth_name (protocol_id, bluetooth_name) VALUES (21, "Alex NEO");
INSERT INTO protocol_bluetooth_service (id, protocol_id, service_uuid) VALUES (39, 21, "0000ffe0-0000-1000-8000-00805f9b34fb");
INSERT INTO protocol_bluetooth_characteristic (id, service_id, endpoint, characteristic_uuid) VALUES (32, 39, "tx", "0000ffe1-0000-1000-8000-00805f9b34fb");
INSERT INTO device (id, protocol_id, identifier, device_name) VALUES (242, 21, NULL, "Svakom Alex Neo");
INSERT INTO device_feature (id, device_id) VALUES (247, 242);
INSERT INTO feature_scalarcmd (id, feature_id, actuator_type_id, description, range_min, range_max) VALUES (247, 247, 2, NULL, 0, 3);
INSERT INTO protocol (id, protocol_name, display_name) VALUES (22, "picobong", "picobong");
INSERT INTO protocol_bluetooth_name (protocol_id, bluetooth_name) VALUES (22, "Picobong Ring");
INSERT INTO protocol_bluetooth_name (protocol_id, bluetooth_name) VALUES (22, "Blow hole");
INSERT INTO protocol_bluetooth_name (protocol_id, bluetooth_name) VALUES (22, "Surfer");
INSERT INTO protocol_bluetooth_name (protocol_id, bluetooth_name) VALUES (22, "Picobong Butt Plug");
INSERT INTO protocol_bluetooth_name (protocol_id, bluetooth_name) VALUES (22, "Egg driver");
INSERT INTO protocol_bluetooth_name (protocol_id, bluetooth_name) VALUES (22, "Life guard");
INSERT INTO protocol_bluetooth_name (protocol_id, bluetooth_name) VALUES (22, "Picobong Male Toy");
INSERT INTO protocol_bluetooth_name (protocol_id, bluetooth_name) VALUES (22, "Surfer_plug");
INSERT INTO protocol_bluetooth_name (protocol_id, bluetooth_name) VALUES (22, "Picobong Egg");
INSERT INTO protocol_bluetooth_name (protocol_id, bluetooth_name) VALUES (22, "Diver");
INSERT INTO protocol_bluetooth_service (id, protocol_id, service_uuid) VALUES (41, 22, "0000fff0-0000-1000-8000-00805f9b34fb");
INSERT INTO protocol_bluetooth_characteristic (id, service_id, endpoint, characteristic_uuid) VALUES (33, 41, "tx", "0000fff1-0000-1000-8000-00805f9b34fb");
INSERT INTO device (id, protocol_id, identifier, device_name) VALUES (243, 22, "Picobong Butt Plug", "Picobong Surfer");
INSERT INTO device (id, protocol_id, identifier, device_name) VALUES (244, 22, "Picobong Ring", "Picobong Life guard");
INSERT INTO device (id, protocol_id, identifier, device_name) VALUES (245, 22, "Picobong Male Toy", "Picobong Blow hole");
INSERT INTO device (id, protocol_id, identifier, device_name) VALUES (246, 22, "Diver", "Picobong Diver");
INSERT INTO device (id, protocol_id, identifier, device_name) VALUES (247, 22, NULL, "Picobong Device");
INSERT INTO device_feature (id, device_id) VALUES (248, 247);
INSERT INTO feature_scalarcmd (id, feature_id, actuator_type_id, description, range_min, range_max) VALUES (248, 248, 2, NULL, 0, 10);
INSERT INTO device (id, protocol_id, identifier, device_name) VALUES (248, 22, "Life guard", "Picobong Life guard");
INSERT INTO device (id, protocol_id, identifier, device_name) VALUES (249, 22, "Picobong Egg", "Picobong Diver");
INSERT INTO device (id, protocol_id, identifier, device_name) VALUES (250, 22, "Surfer_plug", "Picobong Surfer");
INSERT INTO device (id, protocol_id, identifier, device_name) VALUES (251, 22, "Surfer", "Picobong Surfer");
INSERT INTO device (id, protocol_id, identifier, device_name) VALUES (252, 22, "Egg driver", "Picobong Surfer");
INSERT INTO device (id, protocol_id, identifier, device_name) VALUES (253, 22, "Blow hole", "Picobong Blow hole");
INSERT INTO protocol (id, protocol_name, display_name) VALUES (23, "lovedistance", "lovedistance");
INSERT INTO protocol_bluetooth_name (protocol_id, bluetooth_name) VALUES (23, "RANGE");
INSERT INTO protocol_bluetooth_name (protocol_id, bluetooth_name) VALUES (23, "SPAN");
INSERT INTO protocol_bluetooth_name (protocol_id, bluetooth_name) VALUES (23, "REACH G");
INSERT INTO protocol_bluetooth_name (protocol_id, bluetooth_name) VALUES (23, "MAG");
INSERT INTO protocol_bluetooth_name (protocol_id, bluetooth_name) VALUES (23, "REACH");
INSERT INTO protocol_bluetooth_service (id, protocol_id, service_uuid) VALUES (43, 23, "0000ff00-0000-1000-8000-00805f9b34fb");
INSERT INTO protocol_bluetooth_characteristic (id, service_id, endpoint, characteristic_uuid) VALUES (34, 43, "tx", "0000ff01-0000-1000-8000-00805f9b34fb");
INSERT INTO protocol_bluetooth_characteristic (id, service_id, endpoint, characteristic_uuid) VALUES (35, 43, "rx", "0000ff02-0000-1000-8000-00805f9b34fb");
INSERT INTO device (id, protocol_id, identifier, device_name) VALUES (254, 23, "SPAN", "Love Distance Span");
INSERT INTO device (id, protocol_id, identifier, device_name) VALUES (255, 23, "MAG", "Love Distance Mag");
INSERT INTO device (id, protocol_id, identifier, device_name) VALUES (256, 23, NULL, "Love Distance Device");
INSERT INTO device_feature (id, device_id) VALUES (249, 256);
INSERT INTO feature_scalarcmd (id, feature_id, actuator_type_id, description, range_min, range_max) VALUES (249, 249, 2, NULL, 0, 121);
INSERT INTO device (id, protocol_id, identifier, device_name) VALUES (257, 23, "REACH G", "Love Distance Reach G");
INSERT INTO device (id, protocol_id, identifier, device_name) VALUES (258, 23, "RANGE", "Love Distance Range");
INSERT INTO device (id, protocol_id, identifier, device_name) VALUES (259, 23, "REACH", "Love Distance Reach");
INSERT INTO protocol (id, protocol_name, display_name) VALUES (24, "maxpro", "maxpro");
INSERT INTO protocol_bluetooth_name (protocol_id, bluetooth_name) VALUES (24, "M2");
INSERT INTO protocol_bluetooth_service (id, protocol_id, service_uuid) VALUES (45, 24, "6e400001-b5a3-f393-e0a9-e50e24dcca9e");
INSERT INTO protocol_bluetooth_characteristic (id, service_id, endpoint, characteristic_uuid) VALUES (36, 45, "tx", "6e400002-b5a3-f393-e0a9-e50e24dcca9e");
INSERT INTO device (id, protocol_id, identifier, device_name) VALUES (260, 24, NULL, "MaxPro 2");
INSERT INTO device_feature (id, device_id) VALUES (250, 260);
INSERT INTO feature_scalarcmd (id, feature_id, actuator_type_id, description, range_min, range_max) VALUES (250, 250, 2, NULL, 0, 100);
INSERT INTO protocol (id, protocol_name, display_name) VALUES (25, "kiiroo-v1", "kiiroo-v1");
INSERT INTO protocol_bluetooth_name (protocol_id, bluetooth_name) VALUES (25, "ONYX");
INSERT INTO protocol_bluetooth_name (protocol_id, bluetooth_name) VALUES (25, "PEARL");
INSERT INTO protocol_bluetooth_service (id, protocol_id, service_uuid) VALUES (47, 25, "49535343-fe7d-4ae5-8fa9-9fafd205e455");
INSERT INTO protocol_bluetooth_characteristic (id, service_id, endpoint, characteristic_uuid) VALUES (37, 47, "rx", "49535343-1e4d-4bd9-ba61-23c647249616");
INSERT INTO protocol_bluetooth_characteristic (id, service_id, endpoint, characteristic_uuid) VALUES (38, 47, "tx", "49535343-8841-43f4-a8d4-ecbe34729bb3");
INSERT INTO protocol_bluetooth_characteristic (id, service_id, endpoint, characteristic_uuid) VALUES (39, 47, "command", "49535343-aca3-481c-91ec-d85e28a60318");
INSERT INTO device (id, protocol_id, identifier, device_name) VALUES (261, 25, "PEARL", "Kiiroo Pearl");
INSERT INTO device_feature (id, device_id) VALUES (251, 261);
INSERT INTO feature_scalarcmd (id, feature_id, actuator_type_id, description, range_min, range_max) VALUES (251, 251, 2, NULL, 0, 4);
INSERT INTO device (id, protocol_id, identifier, device_name) VALUES (262, 25, NULL, "Kiiroo V1 Device");
INSERT INTO device (id, protocol_id, identifier, device_name) VALUES (263, 25, "ONYX", "Kiiroo Onyx");
INSERT INTO protocol (id, protocol_name, display_name) VALUES (26, "wevibe-8bit", "wevibe-8bit");
INSERT INTO protocol_bluetooth_name (protocol_id, bluetooth_name) VALUES (26, "Vector");
INSERT INTO protocol_bluetooth_name (protocol_id, bluetooth_name) VALUES (26, "Nova_2");
INSERT INTO protocol_bluetooth_name (protocol_id, bluetooth_name) VALUES (26, "Moxie");
INSERT INTO protocol_bluetooth_name (protocol_id, bluetooth_name) VALUES (26, "Nova 2");
INSERT INTO protocol_bluetooth_name (protocol_id, bluetooth_name) VALUES (26, "Bond");
INSERT INTO protocol_bluetooth_name (protocol_id, bluetooth_name) VALUES (26, "Wand");
INSERT INTO protocol_bluetooth_name (protocol_id, bluetooth_name) VALUES (26, "Melt");
INSERT INTO protocol_bluetooth_name (protocol_id, bluetooth_name) VALUES (26, "Nelson");
INSERT INTO protocol_bluetooth_name (protocol_id, bluetooth_name) VALUES (26, "Nova2");
INSERT INTO protocol_bluetooth_service (id, protocol_id, service_uuid) VALUES (49, 26, "f000bb03-0451-4000-b000-000000000000");
INSERT INTO protocol_bluetooth_characteristic (id, service_id, endpoint, characteristic_uuid) VALUES (40, 49, "tx", "f000c000-0451-4000-b000-000000000000");
INSERT INTO protocol_bluetooth_characteristic (id, service_id, endpoint, characteristic_uuid) VALUES (41, 49, "rx", "f000b000-0451-4000-b000-000000000000");
INSERT INTO device (id, protocol_id, identifier, device_name) VALUES (264, 26, "Nelson", "WeVibe Bond");
INSERT INTO device_feature (id, device_id) VALUES (252, 264);
INSERT INTO feature_scalarcmd (id, feature_id, actuator_type_id, description, range_min, range_max) VALUES (252, 252, 2, NULL, 0, 27);
INSERT INTO device (id, protocol_id, identifier, device_name) VALUES (265, 26, "Nova2", "WeVibe Nova 2");
INSERT INTO device_feature (id, device_id) VALUES (253, 265);
INSERT INTO feature_scalarcmd (id, feature_id, actuator_type_id, description, range_min, range_max) VALUES (253, 253, 2, NULL, 0, 27);
INSERT INTO device_feature (id, device_id) VALUES (254, 265);
INSERT INTO feature_scalarcmd (id, feature_id, actuator_type_id, description, range_min, range_max) VALUES (254, 254, 2, NULL, 0, 27);
INSERT INTO device (id, protocol_id, identifier, device_name) VALUES (266, 26, NULL, "WeVibe 8-bit Device");
INSERT INTO device_feature (id, device_id) VALUES (255, 266);
INSERT INTO feature_scalarcmd (id, feature_id, actuator_type_id, description, range_min, range_max) VALUES (255, 255, 2, NULL, 0, 12);
INSERT INTO device (id, protocol_id, identifier, device_name) VALUES (267, 26, "Vector", "WeVibe Vector");
INSERT INTO device_feature (id, device_id) VALUES (256, 267);
INSERT INTO feature_scalarcmd (id, feature_id, actuator_type_id, description, range_min, range_max) VALUES (256, 256, 2, NULL, 0, 12);
INSERT INTO device_feature (id, device_id) VALUES (257, 267);
INSERT INTO feature_scalarcmd (id, feature_id, actuator_type_id, description, range_min, range_max) VALUES (257, 257, 2, NULL, 0, 12);
INSERT INTO device (id, protocol_id, identifier, device_name) VALUES (268, 26, "Nova 2", "WeVibe Nova 2");
INSERT INTO device_feature (id, device_id) VALUES (258, 268);
INSERT INTO feature_scalarcmd (id, feature_id, actuator_type_id, description, range_min, range_max) VALUES (258, 258, 2, NULL, 0, 27);
INSERT INTO device_feature (id, device_id) VALUES (259, 268);
INSERT INTO feature_scalarcmd (id, feature_id, actuator_type_id, description, range_min, range_max) VALUES (259, 259, 2, NULL, 0, 27);
INSERT INTO device (id, protocol_id, identifier, device_name) VALUES (269, 26, "Melt", "WeVibe Melt");
INSERT INTO device_feature (id, device_id) VALUES (260, 269);
INSERT INTO feature_scalarcmd (id, feature_id, actuator_type_id, description, range_min, range_max) VALUES (260, 260, 2, NULL, 0, 22);
INSERT INTO device (id, protocol_id, identifier, device_name) VALUES (270, 26, "Wand", "WeVibe Wand");
INSERT INTO device_feature (id, device_id) VALUES (261, 270);
INSERT INTO feature_scalarcmd (id, feature_id, actuator_type_id, description, range_min, range_max) VALUES (261, 261, 2, NULL, 0, 22);
INSERT INTO device (id, protocol_id, identifier, device_name) VALUES (271, 26, "Moxie", "WeVibe Moxie");
INSERT INTO device (id, protocol_id, identifier, device_name) VALUES (272, 26, "Bond", "WeVibe Bond");
INSERT INTO device_feature (id, device_id) VALUES (262, 272);
INSERT INTO feature_scalarcmd (id, feature_id, actuator_type_id, description, range_min, range_max) VALUES (262, 262, 2, NULL, 0, 27);
INSERT INTO device (id, protocol_id, identifier, device_name) VALUES (273, 26, "Nova_2", "WeVibe Nova 2");
INSERT INTO device_feature (id, device_id) VALUES (263, 273);
INSERT INTO feature_scalarcmd (id, feature_id, actuator_type_id, description, range_min, range_max) VALUES (263, 263, 2, NULL, 0, 27);
INSERT INTO device_feature (id, device_id) VALUES (264, 273);
INSERT INTO feature_scalarcmd (id, feature_id, actuator_type_id, description, range_min, range_max) VALUES (264, 264, 2, NULL, 0, 27);
INSERT INTO protocol (id, protocol_name, display_name) VALUES (27, "xinput", "xinput");
INSERT INTO device (id, protocol_id, identifier, device_name) VALUES (274, 27, NULL, "XBox (XInput) Compatible Gamepad");
INSERT INTO device_feature (id, device_id) VALUES (265, 274);
INSERT INTO feature_scalarcmd (id, feature_id, actuator_type_id, description, range_min, range_max) VALUES (265, 265, 2, NULL, 0, 65535);
INSERT INTO device_feature (id, device_id) VALUES (266, 274);
INSERT INTO feature_scalarcmd (id, feature_id, actuator_type_id, description, range_min, range_max) VALUES (266, 266, 2, NULL, 0, 65535);
INSERT INTO protocol (id, protocol_name, display_name) VALUES (28, "aneros", "aneros");
INSERT INTO protocol_bluetooth_name (protocol_id, bluetooth_name) VALUES (28, "Massage Demo");
INSERT INTO protocol_bluetooth_service (id, protocol_id, service_uuid) VALUES (51, 28, "0000ff00-0000-1000-8000-00805f9b34fb");
INSERT INTO protocol_bluetooth_characteristic (id, service_id, endpoint, characteristic_uuid) VALUES (42, 51, "tx", "0000ff01-0000-1000-8000-00805f9b34fb");
INSERT INTO device (id, protocol_id, identifier, device_name) VALUES (275, 28, NULL, "Aneros Vivi");
INSERT INTO device_feature (id, device_id) VALUES (267, 275);
INSERT INTO feature_scalarcmd (id, feature_id, actuator_type_id, description, range_min, range_max) VALUES (267, 267, 2, "Perineum Vibrator", 0, 127);
INSERT INTO device_feature (id, device_id) VALUES (268, 275);
INSERT INTO feature_scalarcmd (id, feature_id, actuator_type_id, description, range_min, range_max) VALUES (268, 268, 2, "Internal Vibrator", 0, 127);
INSERT INTO protocol (id, protocol_name, display_name) VALUES (29, "magic-motion-3", "magic-motion-3");
INSERT INTO protocol_bluetooth_name (protocol_id, bluetooth_name) VALUES (29, "Krush");
INSERT INTO protocol_bluetooth_service (id, protocol_id, service_uuid) VALUES (53, 29, "78667579-7b48-43db-b8c5-7928a6b0a335");
INSERT INTO protocol_bluetooth_characteristic (id, service_id, endpoint, characteristic_uuid) VALUES (43, 53, "tx", "78667579-a914-49a4-8333-aa3c0cd8fedc");
INSERT INTO protocol_bluetooth_service (id, protocol_id, service_uuid) VALUES (54, 29, "0000180f-0000-1000-8000-00805f9b34fb");
INSERT INTO protocol_bluetooth_characteristic (id, service_id, endpoint, characteristic_uuid) VALUES (44, 54, "rxblebattery", "00002a19-0000-1000-8000-00805f9b34fb");
INSERT INTO device (id, protocol_id, identifier, device_name) VALUES (276, 29, NULL, "LoveLife Krush");
INSERT INTO device_feature (id, device_id) VALUES (269, 276);
INSERT INTO feature_scalarcmd (id, feature_id, actuator_type_id, description, range_min, range_max) VALUES (269, 269, 2, NULL, 0, 77);
INSERT INTO protocol (id, protocol_name, display_name) VALUES (30, "wevibe-chorus", "wevibe-chorus");
INSERT INTO protocol_bluetooth_name (protocol_id, bluetooth_name) VALUES (30, "skeena");
INSERT INTO protocol_bluetooth_name (protocol_id, bluetooth_name) VALUES (30, "Chorus");
INSERT INTO protocol_bluetooth_service (id, protocol_id, service_uuid) VALUES (56, 30, "f000bb03-0451-4000-b000-000000000000");
INSERT INTO protocol_bluetooth_characteristic (id, service_id, endpoint, characteristic_uuid) VALUES (45, 56, "tx", "f000c000-0451-4000-b000-000000000000");
INSERT INTO protocol_bluetooth_characteristic (id, service_id, endpoint, characteristic_uuid) VALUES (46, 56, "rx", "f000b000-0451-4000-b000-000000000000");
INSERT INTO device (id, protocol_id, identifier, device_name) VALUES (277, 30, NULL, "WeVibe Chorus");
INSERT INTO device_feature (id, device_id) VALUES (270, 277);
INSERT INTO feature_scalarcmd (id, feature_id, actuator_type_id, description, range_min, range_max) VALUES (270, 270, 2, NULL, 0, 30);
INSERT INTO device_feature (id, device_id) VALUES (271, 277);
INSERT INTO feature_scalarcmd (id, feature_id, actuator_type_id, description, range_min, range_max) VALUES (271, 271, 2, NULL, 0, 30);
INSERT INTO protocol (id, protocol_name, display_name) VALUES (31, "thehandy", "thehandy");
INSERT INTO protocol_bluetooth_name (protocol_id, bluetooth_name) VALUES (31, "The Handy");
INSERT INTO protocol_bluetooth_service (id, protocol_id, service_uuid) VALUES (58, 31, "1775244d-6b43-439b-877c-060f2d9bed07");
INSERT INTO protocol_bluetooth_characteristic (id, service_id, endpoint, characteristic_uuid) VALUES (47, 58, "firmware", "1775ff51-6b43-439b-877c-060f2d9bed07");
INSERT INTO protocol_bluetooth_characteristic (id, service_id, endpoint, characteristic_uuid) VALUES (48, 58, "tx", "1775ff55-6b43-439b-877c-060f2d9bed07");
INSERT INTO device (id, protocol_id, identifier, device_name) VALUES (278, 31, NULL, "The Handy");
INSERT INTO protocol (id, protocol_name, display_name) VALUES (32, "libo-elle", "libo-elle");
INSERT INTO protocol_bluetooth_name (protocol_id, bluetooth_name) VALUES (32, "PiPiJing");
INSERT INTO protocol_bluetooth_name (protocol_id, bluetooth_name) VALUES (32, "Shuidi");
INSERT INTO protocol_bluetooth_service (id, protocol_id, service_uuid) VALUES (60, 32, "00006000-0000-1000-8000-00805f9b34fb");
INSERT INTO protocol_bluetooth_characteristic (id, service_id, endpoint, characteristic_uuid) VALUES (49, 60, "txmode", "00006002-0000-1000-8000-00805f9b34fb");
INSERT INTO protocol_bluetooth_characteristic (id, service_id, endpoint, characteristic_uuid) VALUES (50, 60, "tx", "00006001-0000-1000-8000-00805f9b34fb");
INSERT INTO device (id, protocol_id, identifier, device_name) VALUES (279, 32, "Shuidi", "Libo Elle 2");
INSERT INTO device (id, protocol_id, identifier, device_name) VALUES (280, 32, "PiPiJing", "LiBo Elle");
INSERT INTO device (id, protocol_id, identifier, device_name) VALUES (281, 32, NULL, "Libo Elle Device");
INSERT INTO device_feature (id, device_id) VALUES (272, 281);
INSERT INTO feature_scalarcmd (id, feature_id, actuator_type_id, description, range_min, range_max) VALUES (272, 272, 2, NULL, 0, 3);
INSERT INTO protocol (id, protocol_name, display_name) VALUES (33, "magic-motion-4", "magic-motion-4");
INSERT INTO protocol_bluetooth_name (protocol_id, bluetooth_name) VALUES (33, "umi");
INSERT INTO protocol_bluetooth_name (protocol_id, bluetooth_name) VALUES (33, "funkegel");
INSERT INTO protocol_bluetooth_name (protocol_id, bluetooth_name) VALUES (33, "bobi2");
INSERT INTO protocol_bluetooth_name (protocol_id, bluetooth_name) VALUES (33, "nyx");
INSERT INTO protocol_bluetooth_name (protocol_id, bluetooth_name) VALUES (33, "Kegel Coach");
INSERT INTO protocol_bluetooth_name (protocol_id, bluetooth_name) VALUES (33, "funone");
INSERT INTO protocol_bluetooth_name (protocol_id, bluetooth_name) VALUES (33, "Magic Sundi");
INSERT INTO protocol_bluetooth_name (protocol_id, bluetooth_name) VALUES (33, "Magic Lotos");
INSERT INTO protocol_bluetooth_service (id, protocol_id, service_uuid) VALUES (62, 33, "78667579-7b48-43db-b8c5-7928a6b0a335");
INSERT INTO protocol_bluetooth_characteristic (id, service_id, endpoint, characteristic_uuid) VALUES (51, 62, "tx", "78667579-a914-49a4-8333-aa3c0cd8fedc");
INSERT INTO protocol_bluetooth_service (id, protocol_id, service_uuid) VALUES (63, 33, "0000180f-0000-1000-8000-00805f9b34fb");
INSERT INTO protocol_bluetooth_characteristic (id, service_id, endpoint, characteristic_uuid) VALUES (52, 63, "rxblebattery", "00002a19-0000-1000-8000-00805f9b34fb");
INSERT INTO device (id, protocol_id, identifier, device_name) VALUES (282, 33, "nyx", "MagicMotion Nyx");
INSERT INTO device (id, protocol_id, identifier, device_name) VALUES (283, 33, "Magic Sundi", "MagicMotion Sundae");
INSERT INTO device (id, protocol_id, identifier, device_name) VALUES (284, 33, "bobi2", "MagicMotion Bobi");
INSERT INTO device_feature (id, device_id) VALUES (273, 284);
INSERT INTO feature_scalarcmd (id, feature_id, actuator_type_id, description, range_min, range_max) VALUES (273, 273, 2, NULL, 0, 100);
INSERT INTO device_feature (id, device_id) VALUES (274, 284);
INSERT INTO feature_scalarcmd (id, feature_id, actuator_type_id, description, range_min, range_max) VALUES (274, 274, 2, NULL, 0, 100);
INSERT INTO device (id, protocol_id, identifier, device_name) VALUES (285, 33, "Kegel Coach", "MagicMotion Kegel Coach");
INSERT INTO device (id, protocol_id, identifier, device_name) VALUES (286, 33, "umi", "MagicMotion Umi");
INSERT INTO device_feature (id, device_id) VALUES (275, 286);
INSERT INTO feature_scalarcmd (id, feature_id, actuator_type_id, description, range_min, range_max) VALUES (275, 275, 2, NULL, 0, 100);
INSERT INTO device_feature (id, device_id) VALUES (276, 286);
INSERT INTO feature_scalarcmd (id, feature_id, actuator_type_id, description, range_min, range_max) VALUES (276, 276, 2, NULL, 0, 100);
INSERT INTO device (id, protocol_id, identifier, device_name) VALUES (287, 33, "funone", "MagicMotion Bunny");
INSERT INTO device (id, protocol_id, identifier, device_name) VALUES (288, 33, "Magic Lotos", "MagicMotion Lotos");
INSERT INTO device (id, protocol_id, identifier, device_name) VALUES (289, 33, NULL, "Magic Motion V4 Device");
INSERT INTO device_feature (id, device_id) VALUES (277, 289);
INSERT INTO feature_scalarcmd (id, feature_id, actuator_type_id, description, range_min, range_max) VALUES (277, 277, 2, NULL, 0, 100);
INSERT INTO device (id, protocol_id, identifier, device_name) VALUES (290, 33, "funkegel", "MagicMotion Crystal");
INSERT INTO protocol (id, protocol_name, display_name) VALUES (34, "vorze-sa", "vorze-sa");
INSERT INTO protocol_bluetooth_name (protocol_id, bluetooth_name) VALUES (34, "VorzePiston");
INSERT INTO protocol_bluetooth_name (protocol_id, bluetooth_name) VALUES (34, "ROCKET");
INSERT INTO protocol_bluetooth_name (protocol_id, bluetooth_name) VALUES (34, "CycSA");
INSERT INTO protocol_bluetooth_name (protocol_id, bluetooth_name) VALUES (34, "Bach smart");
INSERT INTO protocol_bluetooth_name (protocol_id, bluetooth_name) VALUES (34, "UFOSA");
INSERT INTO protocol_bluetooth_name (protocol_id, bluetooth_name) VALUES (34, "UFO-TW");
INSERT INTO protocol_bluetooth_service (id, protocol_id, service_uuid) VALUES (65, 34, "40ee1111-63ec-4b7f-8ce7-712efd55b90e");
INSERT INTO protocol_bluetooth_characteristic (id, service_id, endpoint, characteristic_uuid) VALUES (53, 65, "tx", "40ee2222-63ec-4b7f-8ce7-712efd55b90e");
INSERT INTO device (id, protocol_id, identifier, device_name) VALUES (291, 34, "ROCKET", "Adult Festa Rocket");
INSERT INTO device_feature (id, device_id) VALUES (278, 291);
INSERT INTO feature_scalarcmd (id, feature_id, actuator_type_id, description, range_min, range_max) VALUES (278, 278, 2, NULL, 0, 100);
INSERT INTO device (id, protocol_id, identifier, device_name) VALUES (292, 34, "VorzePiston", "Vorze Piston");
INSERT INTO device (id, protocol_id, identifier, device_name) VALUES (293, 34, "Bach smart", "Vorze Bach");
INSERT INTO device_feature (id, device_id) VALUES (279, 293);
INSERT INTO feature_scalarcmd (id, feature_id, actuator_type_id, description, range_min, range_max) VALUES (279, 279, 2, NULL, 0, 100);
INSERT INTO device (id, protocol_id, identifier, device_name) VALUES (294, 34, "UFOSA", "Vorze UFO SA");
INSERT INTO device (id, protocol_id, identifier, device_name) VALUES (295, 34, "UFO-TW", "Vorze UFO TW");
INSERT INTO device (id, protocol_id, identifier, device_name) VALUES (296, 34, "CycSA", "Vorze A10 Cyclone SA");
INSERT INTO device (id, protocol_id, identifier, device_name) VALUES (297, 34, NULL, "Vorze Device");
INSERT INTO protocol (id, protocol_name, display_name) VALUES (35, "twerkingbutt", "twerkingbutt");
INSERT INTO protocol_bluetooth_name (protocol_id, bluetooth_name) VALUES (35, "BODIKANG");
INSERT INTO protocol_bluetooth_name (protocol_id, bluetooth_name) VALUES (35, "TwerkingButt");
INSERT INTO protocol_bluetooth_name (protocol_id, bluetooth_name) VALUES (35, "Twerking Butt");
INSERT INTO protocol_bluetooth_service (id, protocol_id, service_uuid) VALUES (67, 35, "00000a60-0000-1000-8000-00805f9b34fb");
INSERT INTO protocol_bluetooth_characteristic (id, service_id, endpoint, characteristic_uuid) VALUES (54, 67, "tx", "00000a66-0000-1000-8000-00805f9b34fb");
INSERT INTO protocol_bluetooth_characteristic (id, service_id, endpoint, characteristic_uuid) VALUES (55, 67, "rx", "00000a67-0000-1000-8000-00805f9b34fb");
INSERT INTO device (id, protocol_id, identifier, device_name) VALUES (298, 35, NULL, "Twerking Butt");
INSERT INTO protocol (id, protocol_name, display_name) VALUES (36, "kiiroo-v2", "kiiroo-v2");
INSERT INTO protocol_bluetooth_name (protocol_id, bluetooth_name) VALUES (36, "Onyx2");
INSERT INTO protocol_bluetooth_name (protocol_id, bluetooth_name) VALUES (36, "Launch");
INSERT INTO protocol_bluetooth_service (id, protocol_id, service_uuid) VALUES (69, 36, "88f80580-0000-01e6-aace-0002a5d5c51b");
INSERT INTO protocol_bluetooth_characteristic (id, service_id, endpoint, characteristic_uuid) VALUES (56, 69, "tx", "88f80581-0000-01e6-aace-0002a5d5c51b");
INSERT INTO protocol_bluetooth_characteristic (id, service_id, endpoint, characteristic_uuid) VALUES (57, 69, "firmware", "88f80583-0000-01e6-aace-0002a5d5c51b");
INSERT INTO protocol_bluetooth_characteristic (id, service_id, endpoint, characteristic_uuid) VALUES (58, 69, "rx", "88f80582-0000-01e6-aace-0002a5d5c51b");
INSERT INTO protocol_bluetooth_service (id, protocol_id, service_uuid) VALUES (70, 36, "f60402a6-0293-4bdb-9f20-6758133f7090");
INSERT INTO protocol_bluetooth_characteristic (id, service_id, endpoint, characteristic_uuid) VALUES (59, 70, "firmware", "c7b7a04b-2cc4-40ff-8b10-5d531d1161db");
INSERT INTO protocol_bluetooth_characteristic (id, service_id, endpoint, characteristic_uuid) VALUES (60, 70, "rx", "d44d0393-0731-43b3-a373-8fc70b1f3323");
INSERT INTO protocol_bluetooth_characteristic (id, service_id, endpoint, characteristic_uuid) VALUES (61, 70, "tx", "02962ac9-e86f-4094-989d-231d69995fc2");
INSERT INTO device (id, protocol_id, identifier, device_name) VALUES (299, 36, "Launch", "Fleshlight Launch");
INSERT INTO device (id, protocol_id, identifier, device_name) VALUES (300, 36, NULL, "Kiiroo v2 Device");
INSERT INTO device (id, protocol_id, identifier, device_name) VALUES (301, 36, "Onyx2", "Kiiroo Onyx 2");
INSERT INTO protocol (id, protocol_name, display_name) VALUES (37, "svakom-v2", "svakom-v2");
INSERT INTO protocol_bluetooth_name (protocol_id, bluetooth_name) VALUES (37, "116");
INSERT INTO protocol_bluetooth_name (protocol_id, bluetooth_name) VALUES (37, "Viviana");
INSERT INTO protocol_bluetooth_service (id, protocol_id, service_uuid) VALUES (72, 37, "0000ffe0-0000-1000-8000-00805f9b34fb");
INSERT INTO protocol_bluetooth_characteristic (id, service_id, endpoint, characteristic_uuid) VALUES (62, 72, "rx", "0000ffe2-0000-1000-8000-00805f9b34fb");
INSERT INTO protocol_bluetooth_characteristic (id, service_id, endpoint, characteristic_uuid) VALUES (63, 72, "tx", "0000ffe1-0000-1000-8000-00805f9b34fb");
INSERT INTO device (id, protocol_id, identifier, device_name) VALUES (302, 37, NULL, "Svakom Device v2");
INSERT INTO device_feature (id, device_id) VALUES (280, 302);
INSERT INTO feature_scalarcmd (id, feature_id, actuator_type_id, description, range_min, range_max) VALUES (280, 280, 2, NULL, 0, 10);
INSERT INTO device (id, protocol_id, identifier, device_name) VALUES (303, 37, "116", "Svakom Phoenix Neo");
INSERT INTO device (id, protocol_id, identifier, device_name) VALUES (304, 37, "Viviana", "Svakom Viviana");
INSERT INTO protocol (id, protocol_name, display_name) VALUES (38, "libo-karen", "libo-karen");
INSERT INTO protocol_bluetooth_name (protocol_id, bluetooth_name) VALUES (38, "SuoYinQiu");
INSERT INTO protocol_bluetooth_service (id, protocol_id, service_uuid) VALUES (74, 38, "00006000-0000-1000-8000-00805f9b34fb");
INSERT INTO protocol_bluetooth_characteristic (id, service_id, endpoint, characteristic_uuid) VALUES (64, 74, "tx", "00006001-0000-1000-8000-00805f9b34fb");
INSERT INTO protocol_bluetooth_characteristic (id, service_id, endpoint, characteristic_uuid) VALUES (65, 74, "txmode", "00006002-0000-1000-8000-00805f9b34fb");
INSERT INTO protocol_bluetooth_service (id, protocol_id, service_uuid) VALUES (75, 38, "00006050-0000-1000-8000-00805f9b34fb");
INSERT INTO protocol_bluetooth_characteristic (id, service_id, endpoint, characteristic_uuid) VALUES (66, 75, "rxpressure", "00006051-0000-1000-8000-00805f9b34fb");
INSERT INTO device (id, protocol_id, identifier, device_name) VALUES (305, 38, NULL, "Libo Karen");
INSERT INTO protocol (id, protocol_name, display_name) VALUES (39, "hgod", "hgod");
INSERT INTO protocol_bluetooth_name (protocol_id, bluetooth_name) VALUES (39, "AMN NEO");
INSERT INTO protocol_bluetooth_service (id, protocol_id, service_uuid) VALUES (77, 39, "0000ffe3-0000-1000-8000-00805f9b34fb");
INSERT INTO protocol_bluetooth_characteristic (id, service_id, endpoint, characteristic_uuid) VALUES (67, 77, "tx", "0000ffe1-0000-1000-8000-00805f9b34fb");
INSERT INTO protocol_bluetooth_characteristic (id, service_id, endpoint, characteristic_uuid) VALUES (68, 77, "rx", "0000ffe2-0000-1000-8000-00805f9b34fb");
INSERT INTO device (id, protocol_id, identifier, device_name) VALUES (306, 39, NULL, "Hgod Device");
INSERT INTO device_feature (id, device_id) VALUES (281, 306);
INSERT INTO feature_scalarcmd (id, feature_id, actuator_type_id, description, range_min, range_max) VALUES (281, 281, 2, NULL, 0, 10);
INSERT INTO protocol (id, protocol_name, display_name) VALUES (40, "sayberx", "sayberx");
INSERT INTO protocol_bluetooth_name (protocol_id, bluetooth_name) VALUES (40, "SayberX");
INSERT INTO protocol_bluetooth_prefix (protocol_id, prefix) VALUES (40, "X-Ring *");
INSERT INTO protocol_bluetooth_service (id, protocol_id, service_uuid) VALUES (79, 40, "0000fff0-0000-1000-8000-00805f9b34fb");
INSERT INTO protocol_bluetooth_characteristic (id, service_id, endpoint, characteristic_uuid) VALUES (69, 79, "rx", "0000fff8-0000-1000-8000-00805f9b34fb");
INSERT INTO protocol_bluetooth_characteristic (id, service_id, endpoint, characteristic_uuid) VALUES (70, 79, "tx", "0000fff6-0000-1000-8000-00805f9b34fb");
INSERT INTO device (id, protocol_id, identifier, device_name) VALUES (307, 40, "SayberX", "SayberX");
INSERT INTO device_feature (id, device_id) VALUES (282, 307);
INSERT INTO feature_scalarcmd (id, feature_id, actuator_type_id, description, range_min, range_max) VALUES (282, 282, 2, NULL, 0, 4);
INSERT INTO device (id, protocol_id, identifier, device_name) VALUES (308, 40, NULL, "SayberX Device");
INSERT INTO device (id, protocol_id, identifier, device_name) VALUES (309, 40, "X-Ring", "Sayber X-Ring");
INSERT INTO protocol (id, protocol_name, display_name) VALUES (41, "muse", "muse");
INSERT INTO protocol_bluetooth_name (protocol_id, bluetooth_name) VALUES (41, "WB-TDD");
INSERT INTO protocol_bluetooth_name (protocol_id, bluetooth_name) VALUES (41, "WB-ZDB-WST");
INSERT INTO protocol_bluetooth_service (id, protocol_id, service_uuid) VALUES (81, 41, "0000aaa0-0000-1000-8000-00805f9b34fb");
INSERT INTO protocol_bluetooth_characteristic (id, service_id, endpoint, characteristic_uuid) VALUES (71, 81, "tx", "0000aaa1-0000-1000-8000-00805f9b34fb");
INSERT INTO device (id, protocol_id, identifier, device_name) VALUES (310, 41, "WB-TDD", "Galaku Panty Vib");
INSERT INTO device (id, protocol_id, identifier, device_name) VALUES (311, 41, NULL, "Muse Device");
INSERT INTO device_feature (id, device_id) VALUES (283, 311);
INSERT INTO feature_scalarcmd (id, feature_id, actuator_type_id, description, range_min, range_max) VALUES (283, 283, 2, NULL, 0, 9);
INSERT INTO device (id, protocol_id, identifier, device_name) VALUES (312, 41, "WB-ZDB-WST", "Dream Lover Archer 2");
INSERT INTO protocol (id, protocol_name, display_name) VALUES (42, "sensee", "sensee");
INSERT INTO protocol_bluetooth_name (protocol_id, bluetooth_name) VALUES (42, "CTY222S4");
INSERT INTO protocol_bluetooth_service (id, protocol_id, service_uuid) VALUES (83, 42, "0000fff0-0000-1000-8000-00805f9b34fb");
INSERT INTO protocol_bluetooth_characteristic (id, service_id, endpoint, characteristic_uuid) VALUES (72, 83, "tx", "0000fff5-0000-1000-8000-00805f9b34fb");
INSERT INTO device (id, protocol_id, identifier, device_name) VALUES (313, 42, NULL, "Sensee Diandou Rabbit");
INSERT INTO device_feature (id, device_id) VALUES (284, 313);
INSERT INTO feature_scalarcmd (id, feature_id, actuator_type_id, description, range_min, range_max) VALUES (284, 284, 2, NULL, 0, 100);
INSERT INTO protocol (id, protocol_name, display_name) VALUES (43, "mysteryvibe", "mysteryvibe");
INSERT INTO protocol_bluetooth_name (protocol_id, bluetooth_name) VALUES (43, "MV Poco     ");
INSERT INTO protocol_bluetooth_name (protocol_id, bluetooth_name) VALUES (43, "MV Crescendo");
INSERT INTO protocol_bluetooth_name (protocol_id, bluetooth_name) VALUES (43, "MV Tenuto   ");
INSERT INTO protocol_bluetooth_service (id, protocol_id, service_uuid) VALUES (85, 43, "f0006900-110c-478b-b74b-6f403b364a9c");
INSERT INTO protocol_bluetooth_characteristic (id, service_id, endpoint, characteristic_uuid) VALUES (73, 85, "txmode", "f0006901-110c-478b-b74b-6f403b364a9c");
INSERT INTO protocol_bluetooth_characteristic (id, service_id, endpoint, characteristic_uuid) VALUES (74, 85, "txvibrate", "f0006903-110c-478b-b74b-6f403b364a9c");
INSERT INTO device (id, protocol_id, identifier, device_name) VALUES (314, 43, "MV Crescendo", "MysteryVibe Crescendo");
INSERT INTO device (id, protocol_id, identifier, device_name) VALUES (315, 43, "MV Poco     ", "MysteryVibe Poco");
INSERT INTO device_feature (id, device_id) VALUES (285, 315);
INSERT INTO feature_scalarcmd (id, feature_id, actuator_type_id, description, range_min, range_max) VALUES (285, 285, 2, NULL, 0, 56);
INSERT INTO device_feature (id, device_id) VALUES (286, 315);
INSERT INTO feature_scalarcmd (id, feature_id, actuator_type_id, description, range_min, range_max) VALUES (286, 286, 2, NULL, 0, 56);
INSERT INTO device (id, protocol_id, identifier, device_name) VALUES (316, 43, NULL, "Mysteryvibe Device");
INSERT INTO device_feature (id, device_id) VALUES (287, 316);
INSERT INTO feature_scalarcmd (id, feature_id, actuator_type_id, description, range_min, range_max) VALUES (287, 287, 2, NULL, 0, 56);
INSERT INTO device_feature (id, device_id) VALUES (288, 316);
INSERT INTO feature_scalarcmd (id, feature_id, actuator_type_id, description, range_min, range_max) VALUES (288, 288, 2, NULL, 0, 56);
INSERT INTO device_feature (id, device_id) VALUES (289, 316);
INSERT INTO feature_scalarcmd (id, feature_id, actuator_type_id, description, range_min, range_max) VALUES (289, 289, 2, NULL, 0, 56);
INSERT INTO device_feature (id, device_id) VALUES (290, 316);
INSERT INTO feature_scalarcmd (id, feature_id, actuator_type_id, description, range_min, range_max) VALUES (290, 290, 2, NULL, 0, 56);
INSERT INTO device_feature (id, device_id) VALUES (291, 316);
INSERT INTO feature_scalarcmd (id, feature_id, actuator_type_id, description, range_min, range_max) VALUES (291, 291, 2, NULL, 0, 56);
INSERT INTO device_feature (id, device_id) VALUES (292, 316);
INSERT INTO feature_scalarcmd (id, feature_id, actuator_type_id, description, range_min, range_max) VALUES (292, 292, 2, NULL, 0, 56);
INSERT INTO device (id, protocol_id, identifier, device_name) VALUES (317, 43, "MV Tenuto   ", "MysteryVibe Tenuto");
INSERT INTO protocol (id, protocol_name, display_name) VALUES (44, "cachito", "cachito");
INSERT INTO protocol_bluetooth_name (protocol_id, bluetooth_name) VALUES (44, "CCTSK");
INSERT INTO protocol_bluetooth_name (protocol_id, bluetooth_name) VALUES (44, "CCTXueGao");
INSERT INTO protocol_bluetooth_service (id, protocol_id, service_uuid) VALUES (87, 44, "0000fff0-0000-1000-8000-00805f9b34fb");
INSERT INTO protocol_bluetooth_characteristic (id, service_id, endpoint, characteristic_uuid) VALUES (75, 87, "tx", "0000fff2-0000-1000-8000-00805f9b34fb");
INSERT INTO device (id, protocol_id, identifier, device_name) VALUES (318, 44, "CCTXueGao", "Cachito Ice Cream");
INSERT INTO device (id, protocol_id, identifier, device_name) VALUES (319, 44, "CCTSK", "Cachito Lure Tao");
INSERT INTO device (id, protocol_id, identifier, device_name) VALUES (320, 44, NULL, "Cachito Device");
INSERT INTO device_feature (id, device_id) VALUES (293, 320);
INSERT INTO feature_scalarcmd (id, feature_id, actuator_type_id, description, range_min, range_max) VALUES (293, 293, 2, NULL, 0, 5);
INSERT INTO device_feature (id, device_id) VALUES (294, 320);
INSERT INTO feature_scalarcmd (id, feature_id, actuator_type_id, description, range_min, range_max) VALUES (294, 294, 2, NULL, 0, 100);
INSERT INTO protocol (id, protocol_name, display_name) VALUES (45, "lelo-harmony", "lelo-harmony");
INSERT INTO protocol_bluetooth_name (protocol_id, bluetooth_name) VALUES (45, "Ida Wave");
INSERT INTO protocol_bluetooth_name (protocol_id, bluetooth_name) VALUES (45, "TianiHarmony");
INSERT INTO protocol_bluetooth_name (protocol_id, bluetooth_name) VALUES (45, "IdaWave");
INSERT INTO protocol_bluetooth_name (protocol_id, bluetooth_name) VALUES (45, "Tiani Harmony");
INSERT INTO protocol_bluetooth_service (id, protocol_id, service_uuid) VALUES (89, 45, "0000fff0-0000-1000-8000-00805f9b34fb");
INSERT INTO protocol_bluetooth_characteristic (id, service_id, endpoint, characteristic_uuid) VALUES (76, 89, "tx", "0000fff2-0000-1000-8000-00805f9b34fb");
INSERT INTO protocol_bluetooth_characteristic (id, service_id, endpoint, characteristic_uuid) VALUES (77, 89, "command", "0000fff1-0000-1000-8000-00805f9b34fb");
INSERT INTO protocol_bluetooth_characteristic (id, service_id, endpoint, characteristic_uuid) VALUES (78, 89, "whitelist", "00000a11-0000-1000-8000-00805f9b34fb");
INSERT INTO device (id, protocol_id, identifier, device_name) VALUES (321, 45, "Ida Wave", "Lelo Ida Wave");
INSERT INTO device_feature (id, device_id) VALUES (295, 321);
INSERT INTO feature_scalarcmd (id, feature_id, actuator_type_id, description, range_min, range_max) VALUES (295, 295, 2, NULL, 0, 100);
INSERT INTO device_feature (id, device_id) VALUES (296, 321);
INSERT INTO feature_scalarcmd (id, feature_id, actuator_type_id, description, range_min, range_max) VALUES (296, 296, 3, NULL, 0, 100);
INSERT INTO device (id, protocol_id, identifier, device_name) VALUES (322, 45, NULL, "Lelo Tiani Harmony");
INSERT INTO device_feature (id, device_id) VALUES (297, 322);
INSERT INTO feature_scalarcmd (id, feature_id, actuator_type_id, description, range_min, range_max) VALUES (297, 297, 2, NULL, 0, 100);
INSERT INTO device_feature (id, device_id) VALUES (298, 322);
INSERT INTO feature_scalarcmd (id, feature_id, actuator_type_id, description, range_min, range_max) VALUES (298, 298, 2, NULL, 0, 100);
INSERT INTO device (id, protocol_id, identifier, device_name) VALUES (323, 45, "IdaWave", "Lelo Ida Wave");
INSERT INTO device_feature (id, device_id) VALUES (299, 323);
INSERT INTO feature_scalarcmd (id, feature_id, actuator_type_id, description, range_min, range_max) VALUES (299, 299, 2, NULL, 0, 100);
INSERT INTO device_feature (id, device_id) VALUES (300, 323);
INSERT INTO feature_scalarcmd (id, feature_id, actuator_type_id, description, range_min, range_max) VALUES (300, 300, 3, NULL, 0, 100);
INSERT INTO protocol (id, protocol_name, display_name) VALUES (46, "prettylove", "prettylove");
INSERT INTO protocol_bluetooth_prefix (protocol_id, prefix) VALUES (46, "Aogu BLE *");
INSERT INTO protocol_bluetooth_service (id, protocol_id, service_uuid) VALUES (91, 46, "0000ffe5-0000-1000-8000-00805f9b34fb");
INSERT INTO protocol_bluetooth_characteristic (id, service_id, endpoint, characteristic_uuid) VALUES (79, 91, "tx", "0000ffe9-0000-1000-8000-00805f9b34fb");
INSERT INTO protocol_bluetooth_characteristic (id, service_id, endpoint, characteristic_uuid) VALUES (80, 91, "rx", "0000ffe2-0000-1000-8000-00805f9b34fb");
INSERT INTO device (id, protocol_id, identifier, device_name) VALUES (324, 46, NULL, "Pretty Love Device");
INSERT INTO device_feature (id, device_id) VALUES (301, 324);
INSERT INTO feature_scalarcmd (id, feature_id, actuator_type_id, description, range_min, range_max) VALUES (301, 301, 2, NULL, 0, 3);
INSERT INTO protocol (id, protocol_name, display_name) VALUES (47, "kiiroo-v21-initialized", "kiiroo-v21-initialized");
INSERT INTO protocol_bluetooth_name (protocol_id, bluetooth_name) VALUES (47, "Onyx2.1");
INSERT INTO protocol_bluetooth_name (protocol_id, bluetooth_name) VALUES (47, "KEON");
INSERT INTO protocol_bluetooth_name (protocol_id, bluetooth_name) VALUES (47, "Rey");
INSERT INTO protocol_bluetooth_name (protocol_id, bluetooth_name) VALUES (47, "Onyx+");
INSERT INTO protocol_bluetooth_name (protocol_id, bluetooth_name) VALUES (47, "We-Vibe Rocketman");
INSERT INTO protocol_bluetooth_name (protocol_id, bluetooth_name) VALUES (47, "Keon R2");
INSERT INTO protocol_bluetooth_service (id, protocol_id, service_uuid) VALUES (93, 47, "00001900-0000-1000-8000-00805f9b34fb");
INSERT INTO protocol_bluetooth_characteristic (id, service_id, endpoint, characteristic_uuid) VALUES (81, 93, "rx", "00001903-0000-1000-8000-00805f9b34fb");
INSERT INTO protocol_bluetooth_characteristic (id, service_id, endpoint, characteristic_uuid) VALUES (82, 93, "whitelist", "00001901-0000-1000-8000-00805f9b34fb");
INSERT INTO protocol_bluetooth_characteristic (id, service_id, endpoint, characteristic_uuid) VALUES (83, 93, "tx", "00001902-0000-1000-8000-00805f9b34fb");
INSERT INTO device (id, protocol_id, identifier, device_name) VALUES (325, 47, NULL, "Kiiroo V2.1 Initialized Device");
INSERT INTO device (id, protocol_id, identifier, device_name) VALUES (326, 47, "We-Vibe Rocketman", "Kiiroo Onyx+ Realm Edition");
INSERT INTO device (id, protocol_id, identifier, device_name) VALUES (327, 47, "Keon R2", "Kiiroo Keon");
INSERT INTO device (id, protocol_id, identifier, device_name) VALUES (328, 47, "KEON", "Kiiroo Keon");
INSERT INTO device (id, protocol_id, identifier, device_name) VALUES (329, 47, "Rey", "Kiiroo Onyx+ Realm Edition");
INSERT INTO device (id, protocol_id, identifier, device_name) VALUES (330, 47, "Onyx2.1", "Kiiroo Onyx 2.1");
INSERT INTO device (id, protocol_id, identifier, device_name) VALUES (331, 47, "Onyx+", "Kiiroo Onyx+");
INSERT INTO protocol (id, protocol_name, display_name) VALUES (48, "galaku-pump", "galaku-pump");
INSERT INTO protocol_bluetooth_name (protocol_id, bluetooth_name) VALUES (48, "V415");
INSERT INTO protocol_bluetooth_service (id, protocol_id, service_uuid) VALUES (95, 48, "00001000-0000-1000-8000-00805f9b34fb");
INSERT INTO protocol_bluetooth_characteristic (id, service_id, endpoint, characteristic_uuid) VALUES (84, 95, "tx", "00001001-0000-1000-8000-00805f9b34fb");
INSERT INTO device (id, protocol_id, identifier, device_name) VALUES (332, 48, "V415", "Galaku Nebula");
INSERT INTO device (id, protocol_id, identifier, device_name) VALUES (333, 48, NULL, "Galaku Device");
INSERT INTO device_feature (id, device_id) VALUES (302, 333);
INSERT INTO feature_scalarcmd (id, feature_id, actuator_type_id, description, range_min, range_max) VALUES (302, 302, 4, NULL, 0, 100);
INSERT INTO device_feature (id, device_id) VALUES (303, 333);
INSERT INTO feature_scalarcmd (id, feature_id, actuator_type_id, description, range_min, range_max) VALUES (303, 303, 2, NULL, 0, 100);
INSERT INTO protocol (id, protocol_name, display_name) VALUES (49, "synchro", "synchro");
INSERT INTO protocol_bluetooth_name (protocol_id, bluetooth_name) VALUES (49, "Shinkuro");
INSERT INTO protocol_bluetooth_service (id, protocol_id, service_uuid) VALUES (97, 49, "0000ffe0-0000-1000-8000-00805f9b34fb");
INSERT INTO protocol_bluetooth_characteristic (id, service_id, endpoint, characteristic_uuid) VALUES (85, 97, "tx", "0000ffe1-0000-1000-8000-00805f9b34fb");
INSERT INTO device (id, protocol_id, identifier, device_name) VALUES (334, 49, NULL, "Synchro");
INSERT INTO protocol (id, protocol_name, display_name) VALUES (50, "lovehoney-desire", "lovehoney-desire");
INSERT INTO protocol_bluetooth_name (protocol_id, bluetooth_name) VALUES (50, "PROSTATE VIBE");
INSERT INTO protocol_bluetooth_name (protocol_id, bluetooth_name) VALUES (50, "LOVE EGG");
INSERT INTO protocol_bluetooth_name (protocol_id, bluetooth_name) VALUES (50, "KNICKER VIBE");
INSERT INTO protocol_bluetooth_service (id, protocol_id, service_uuid) VALUES (99, 50, "0000ff00-0000-1000-8000-00805f9b34fb");
INSERT INTO protocol_bluetooth_characteristic (id, service_id, endpoint, characteristic_uuid) VALUES (86, 99, "tx", "0000ff01-0000-1000-8000-00805f9b34fb");
INSERT INTO device (id, protocol_id, identifier, device_name) VALUES (335, 50, "LOVE EGG", "Lovehoney Desire Love Egg");
INSERT INTO device_feature (id, device_id) VALUES (304, 335);
INSERT INTO feature_scalarcmd (id, feature_id, actuator_type_id, description, range_min, range_max) VALUES (304, 304, 2, NULL, 0, 127);
INSERT INTO device (id, protocol_id, identifier, device_name) VALUES (336, 50, NULL, "Lovehoney Device");
INSERT INTO device_feature (id, device_id) VALUES (305, 336);
INSERT INTO feature_scalarcmd (id, feature_id, actuator_type_id, description, range_min, range_max) VALUES (305, 305, 2, NULL, 0, 127);
INSERT INTO device_feature (id, device_id) VALUES (306, 336);
INSERT INTO feature_scalarcmd (id, feature_id, actuator_type_id, description, range_min, range_max) VALUES (306, 306, 2, NULL, 0, 127);
INSERT INTO device (id, protocol_id, identifier, device_name) VALUES (337, 50, "KNICKER VIBE", "Lovehoney Desire Knicker Vibrator");
INSERT INTO device_feature (id, device_id) VALUES (307, 337);
INSERT INTO feature_scalarcmd (id, feature_id, actuator_type_id, description, range_min, range_max) VALUES (307, 307, 2, NULL, 0, 127);
INSERT INTO device (id, protocol_id, identifier, device_name) VALUES (338, 50, "PROSTATE VIBE", "Lovehoney Desire Prostate Vibrator");
INSERT INTO protocol (id, protocol_name, display_name) VALUES (51, "pink_punch", "pink_punch");
INSERT INTO protocol_bluetooth_name (protocol_id, bluetooth_name) VALUES (51, "Pink_Punch");
INSERT INTO protocol_bluetooth_service (id, protocol_id, service_uuid) VALUES (101, 51, "0000ffe0-0000-1000-8000-00805f9b34fb");
INSERT INTO protocol_bluetooth_characteristic (id, service_id, endpoint, characteristic_uuid) VALUES (87, 101, "tx", "0000ffe1-0000-1000-8000-00805f9b34fb");
INSERT INTO device (id, protocol_id, identifier, device_name) VALUES (339, 51, NULL, "Pink Punch Sunset Mushroom");
INSERT INTO device_feature (id, device_id) VALUES (308, 339);
INSERT INTO feature_scalarcmd (id, feature_id, actuator_type_id, description, range_min, range_max) VALUES (308, 308, 2, NULL, 0, 100);
INSERT INTO protocol (id, protocol_name, display_name) VALUES (52, "wevibe", "wevibe");
INSERT INTO protocol_bluetooth_name (protocol_id, bluetooth_name) VALUES (52, "classic");
INSERT INTO protocol_bluetooth_name (protocol_id, bluetooth_name) VALUES (52, "4_Plus");
INSERT INTO protocol_bluetooth_name (protocol_id, bluetooth_name) VALUES (52, "Jive");
INSERT INTO protocol_bluetooth_name (protocol_id, bluetooth_name) VALUES (52, "Rave");
INSERT INTO protocol_bluetooth_name (protocol_id, bluetooth_name) VALUES (52, "Ditto");
INSERT INTO protocol_bluetooth_name (protocol_id, bluetooth_name) VALUES (52, "Sync");
INSERT INTO protocol_bluetooth_name (protocol_id, bluetooth_name) VALUES (52, "4 Plus");
INSERT INTO protocol_bluetooth_name (protocol_id, bluetooth_name) VALUES (52, "4plus");
INSERT INTO protocol_bluetooth_name (protocol_id, bluetooth_name) VALUES (52, "Pivot");
INSERT INTO protocol_bluetooth_name (protocol_id, bluetooth_name) VALUES (52, "Classic");
INSERT INTO protocol_bluetooth_name (protocol_id, bluetooth_name) VALUES (52, "Gala");
INSERT INTO protocol_bluetooth_name (protocol_id, bluetooth_name) VALUES (52, "Nova");
INSERT INTO protocol_bluetooth_name (protocol_id, bluetooth_name) VALUES (52, "Cougar");
INSERT INTO protocol_bluetooth_name (protocol_id, bluetooth_name) VALUES (52, "Wish");
INSERT INTO protocol_bluetooth_name (protocol_id, bluetooth_name) VALUES (52, "Bloom");
INSERT INTO protocol_bluetooth_name (protocol_id, bluetooth_name) VALUES (52, "Verge");
INSERT INTO protocol_bluetooth_service (id, protocol_id, service_uuid) VALUES (103, 52, "f000bb03-0451-4000-b000-000000000000");
INSERT INTO protocol_bluetooth_characteristic (id, service_id, endpoint, characteristic_uuid) VALUES (88, 103, "tx", "f000c000-0451-4000-b000-000000000000");
INSERT INTO protocol_bluetooth_characteristic (id, service_id, endpoint, characteristic_uuid) VALUES (89, 103, "rx", "f000b000-0451-4000-b000-000000000000");
INSERT INTO device (id, protocol_id, identifier, device_name) VALUES (340, 52, "Bloom", "WeVibe Bloom");
INSERT INTO device (id, protocol_id, identifier, device_name) VALUES (341, 52, "classic", "WeVibe 4 Plus");
INSERT INTO device_feature (id, device_id) VALUES (309, 341);
INSERT INTO feature_scalarcmd (id, feature_id, actuator_type_id, description, range_min, range_max) VALUES (309, 309, 2, NULL, 0, 15);
INSERT INTO device_feature (id, device_id) VALUES (310, 341);
INSERT INTO feature_scalarcmd (id, feature_id, actuator_type_id, description, range_min, range_max) VALUES (310, 310, 2, NULL, 0, 15);
INSERT INTO device (id, protocol_id, identifier, device_name) VALUES (342, 52, "Pivot", "WeVibe Pivot");
INSERT INTO device (id, protocol_id, identifier, device_name) VALUES (343, 52, "Gala", "WeVibe Gala");
INSERT INTO device_feature (id, device_id) VALUES (311, 343);
INSERT INTO feature_scalarcmd (id, feature_id, actuator_type_id, description, range_min, range_max) VALUES (311, 311, 2, NULL, 0, 15);
INSERT INTO device_feature (id, device_id) VALUES (312, 343);
INSERT INTO feature_scalarcmd (id, feature_id, actuator_type_id, description, range_min, range_max) VALUES (312, 312, 2, NULL, 0, 15);
INSERT INTO device (id, protocol_id, identifier, device_name) VALUES (344, 52, "4plus", "WeVibe 4 Plus");
INSERT INTO device_feature (id, device_id) VALUES (313, 344);
INSERT INTO feature_scalarcmd (id, feature_id, actuator_type_id, description, range_min, range_max) VALUES (313, 313, 2, NULL, 0, 15);
INSERT INTO device_feature (id, device_id) VALUES (314, 344);
INSERT INTO feature_scalarcmd (id, feature_id, actuator_type_id, description, range_min, range_max) VALUES (314, 314, 2, NULL, 0, 15);
INSERT INTO device (id, protocol_id, identifier, device_name) VALUES (345, 52, "4 Plus", "WeVibe 4 Plus");
INSERT INTO device_feature (id, device_id) VALUES (315, 345);
INSERT INTO feature_scalarcmd (id, feature_id, actuator_type_id, description, range_min, range_max) VALUES (315, 315, 2, NULL, 0, 15);
INSERT INTO device_feature (id, device_id) VALUES (316, 345);
INSERT INTO feature_scalarcmd (id, feature_id, actuator_type_id, description, range_min, range_max) VALUES (316, 316, 2, NULL, 0, 15);
INSERT INTO device (id, protocol_id, identifier, device_name) VALUES (346, 52, "Nova", "WeVibe Nova");
INSERT INTO device_feature (id, device_id) VALUES (317, 346);
INSERT INTO feature_scalarcmd (id, feature_id, actuator_type_id, description, range_min, range_max) VALUES (317, 317, 2, NULL, 0, 15);
INSERT INTO device_feature (id, device_id) VALUES (318, 346);
INSERT INTO feature_scalarcmd (id, feature_id, actuator_type_id, description, range_min, range_max) VALUES (318, 318, 2, NULL, 0, 15);
INSERT INTO device (id, protocol_id, identifier, device_name) VALUES (347, 52, "4_Plus", "WeVibe 4 Plus");
INSERT INTO device_feature (id, device_id) VALUES (319, 347);
INSERT INTO feature_scalarcmd (id, feature_id, actuator_type_id, description, range_min, range_max) VALUES (319, 319, 2, NULL, 0, 15);
INSERT INTO device_feature (id, device_id) VALUES (320, 347);
INSERT INTO feature_scalarcmd (id, feature_id, actuator_type_id, description, range_min, range_max) VALUES (320, 320, 2, NULL, 0, 15);
INSERT INTO device (id, protocol_id, identifier, device_name) VALUES (348, 52, "Jive", "WeVibe Jive");
INSERT INTO device (id, protocol_id, identifier, device_name) VALUES (349, 52, "Rave", "WeVibe Rave");
INSERT INTO device (id, protocol_id, identifier, device_name) VALUES (350, 52, "Wish", "WeVibe Wish");
INSERT INTO device (id, protocol_id, identifier, device_name) VALUES (351, 52, "Classic", "WeVibe 4 Plus");
INSERT INTO device_feature (id, device_id) VALUES (321, 351);
INSERT INTO feature_scalarcmd (id, feature_id, actuator_type_id, description, range_min, range_max) VALUES (321, 321, 2, NULL, 0, 15);
INSERT INTO device_feature (id, device_id) VALUES (322, 351);
INSERT INTO feature_scalarcmd (id, feature_id, actuator_type_id, description, range_min, range_max) VALUES (322, 322, 2, NULL, 0, 15);
INSERT INTO device (id, protocol_id, identifier, device_name) VALUES (352, 52, "Verge", "WeVibe Verge");
INSERT INTO device (id, protocol_id, identifier, device_name) VALUES (353, 52, "Sync", "WeVibe Sync");
INSERT INTO device_feature (id, device_id) VALUES (323, 353);
INSERT INTO feature_scalarcmd (id, feature_id, actuator_type_id, description, range_min, range_max) VALUES (323, 323, 2, NULL, 0, 15);
INSERT INTO device_feature (id, device_id) VALUES (324, 353);
INSERT INTO feature_scalarcmd (id, feature_id, actuator_type_id, description, range_min, range_max) VALUES (324, 324, 2, NULL, 0, 15);
INSERT INTO device (id, protocol_id, identifier, device_name) VALUES (354, 52, "Cougar", "WeVibe 4 Plus");
INSERT INTO device_feature (id, device_id) VALUES (325, 354);
INSERT INTO feature_scalarcmd (id, feature_id, actuator_type_id, description, range_min, range_max) VALUES (325, 325, 2, NULL, 0, 15);
INSERT INTO device_feature (id, device_id) VALUES (326, 354);
INSERT INTO feature_scalarcmd (id, feature_id, actuator_type_id, description, range_min, range_max) VALUES (326, 326, 2, NULL, 0, 15);
INSERT INTO device (id, protocol_id, identifier, device_name) VALUES (355, 52, "Ditto", "WeVibe Ditto");
INSERT INTO device (id, protocol_id, identifier, device_name) VALUES (356, 52, NULL, "WeVibe Device");
INSERT INTO device_feature (id, device_id) VALUES (327, 356);
INSERT INTO feature_scalarcmd (id, feature_id, actuator_type_id, description, range_min, range_max) VALUES (327, 327, 2, NULL, 0, 15);
INSERT INTO protocol (id, protocol_name, display_name) VALUES (53, "realtouch", "realtouch");
INSERT INTO device (id, protocol_id, identifier, device_name) VALUES (357, 53, NULL, "RealTouch");
INSERT INTO protocol (id, protocol_name, display_name) VALUES (54, "lelo-f1s", "lelo-f1s");
INSERT INTO protocol_bluetooth_name (protocol_id, bluetooth_name) VALUES (54, "F1s");
INSERT INTO protocol_bluetooth_service (id, protocol_id, service_uuid) VALUES (105, 54, "0000fff0-0000-1000-8000-00805f9b34fb");
INSERT INTO protocol_bluetooth_characteristic (id, service_id, endpoint, characteristic_uuid) VALUES (90, 105, "rx", "00000aa4-0000-1000-8000-00805f9b34fb");
INSERT INTO protocol_bluetooth_characteristic (id, service_id, endpoint, characteristic_uuid) VALUES (91, 105, "tx", "0000fff1-0000-1000-8000-00805f9b34fb");
INSERT INTO device (id, protocol_id, identifier, device_name) VALUES (358, 54, NULL, "Lelo F1s");
INSERT INTO device_feature (id, device_id) VALUES (328, 358);
INSERT INTO feature_scalarcmd (id, feature_id, actuator_type_id, description, range_min, range_max) VALUES (328, 328, 2, NULL, 0, 100);
INSERT INTO device_feature (id, device_id) VALUES (329, 358);
INSERT INTO feature_scalarcmd (id, feature_id, actuator_type_id, description, range_min, range_max) VALUES (329, 329, 2, NULL, 0, 100);
INSERT INTO protocol (id, protocol_name, display_name) VALUES (55, "rez-trancevibrator", "rez-trancevibrator");
INSERT INTO device (id, protocol_id, identifier, device_name) VALUES (359, 55, NULL, "Rez TranceVibrator");
INSERT INTO device_feature (id, device_id) VALUES (330, 359);
INSERT INTO feature_scalarcmd (id, feature_id, actuator_type_id, description, range_min, range_max) VALUES (330, 330, 2, NULL, 0, 255);
INSERT INTO protocol (id, protocol_name, display_name) VALUES (56, "ankni", "ankni");
INSERT INTO protocol_bluetooth_name (protocol_id, bluetooth_name) VALUES (56, "DSJM");
INSERT INTO protocol_bluetooth_service (id, protocol_id, service_uuid) VALUES (107, 56, "0000180a-0000-1000-8000-00805f9b34fb");
INSERT INTO protocol_bluetooth_characteristic (id, service_id, endpoint, characteristic_uuid) VALUES (92, 107, "generic0", "00002a50-0000-1000-8000-00805f9b34fb");
INSERT INTO protocol_bluetooth_service (id, protocol_id, service_uuid) VALUES (108, 56, "0000fffe-0000-1000-8000-00805f9b34fb");
INSERT INTO protocol_bluetooth_characteristic (id, service_id, endpoint, characteristic_uuid) VALUES (93, 108, "tx", "0000fe01-0000-1000-8000-00805f9b34fb");
INSERT INTO protocol_bluetooth_characteristic (id, service_id, endpoint, characteristic_uuid) VALUES (94, 108, "rx", "0000fe02-0000-1000-8000-00805f9b34fb");
INSERT INTO protocol_bluetooth_service (id, protocol_id, service_uuid) VALUES (109, 56, "0000fe00-0000-1000-8000-00805f9b34fb");
INSERT INTO protocol_bluetooth_characteristic (id, service_id, endpoint, characteristic_uuid) VALUES (95, 109, "rx", "0000fe02-0000-1000-8000-00805f9b34fb");
INSERT INTO protocol_bluetooth_characteristic (id, service_id, endpoint, characteristic_uuid) VALUES (96, 109, "tx", "0000fe01-0000-1000-8000-00805f9b34fb");
INSERT INTO device (id, protocol_id, identifier, device_name) VALUES (360, 56, NULL, "Roselex Device");
INSERT INTO device_feature (id, device_id) VALUES (331, 360);
INSERT INTO feature_scalarcmd (id, feature_id, actuator_type_id, description, range_min, range_max) VALUES (331, 331, 2, NULL, 0, 3);
INSERT INTO protocol (id, protocol_name, display_name) VALUES (57, "mannuo", "mannuo");
INSERT INTO protocol_bluetooth_name (protocol_id, bluetooth_name) VALUES (57, "LXCDVP");
INSERT INTO protocol_bluetooth_name (protocol_id, bluetooth_name) VALUES (57, "Sex toys");
INSERT INTO protocol_bluetooth_name (protocol_id, bluetooth_name) VALUES (57, "Sex Toys");
INSERT INTO protocol_bluetooth_name (protocol_id, bluetooth_name) VALUES (57, "MANO PRODUCT");
INSERT INTO protocol_bluetooth_service (id, protocol_id, service_uuid) VALUES (111, 57, "0000fff0-0000-1000-8000-00805f9b34fb");
INSERT INTO protocol_bluetooth_characteristic (id, service_id, endpoint, characteristic_uuid) VALUES (97, 111, "tx", "0000fff1-0000-1000-8000-00805f9b34fb");
INSERT INTO protocol_bluetooth_characteristic (id, service_id, endpoint, characteristic_uuid) VALUES (98, 111, "rx", "0000fff4-0000-1000-8000-00805f9b34fb");
INSERT INTO device (id, protocol_id, identifier, device_name) VALUES (361, 57, NULL, "ManNuo Device");
INSERT INTO device_feature (id, device_id) VALUES (332, 361);
INSERT INTO feature_scalarcmd (id, feature_id, actuator_type_id, description, range_min, range_max) VALUES (332, 332, 2, NULL, 0, 3);
INSERT INTO protocol (id, protocol_name, display_name) VALUES (58, "wetoy", "wetoy");
INSERT INTO protocol_bluetooth_name (protocol_id, bluetooth_name) VALUES (58, "WeToy");
INSERT INTO protocol_bluetooth_service (id, protocol_id, service_uuid) VALUES (113, 58, "0000fff0-0000-1000-8000-00805f9b34fb");
INSERT INTO protocol_bluetooth_characteristic (id, service_id, endpoint, characteristic_uuid) VALUES (99, 113, "tx", "0000fff3-0000-1000-8000-00805f9b34fb");
INSERT INTO device (id, protocol_id, identifier, device_name) VALUES (362, 58, NULL, "WeToy MiNa");
INSERT INTO device_feature (id, device_id) VALUES (333, 362);
INSERT INTO feature_scalarcmd (id, feature_id, actuator_type_id, description, range_min, range_max) VALUES (333, 333, 2, NULL, 0, 3);
INSERT INTO protocol (id, protocol_name, display_name) VALUES (59, "jejoue", "jejoue");
INSERT INTO protocol_bluetooth_name (protocol_id, bluetooth_name) VALUES (59, "Je Joue");
INSERT INTO protocol_bluetooth_service (id, protocol_id, service_uuid) VALUES (115, 59, "0000fff0-0000-1000-8000-00805f9b34fb");
INSERT INTO protocol_bluetooth_characteristic (id, service_id, endpoint, characteristic_uuid) VALUES (100, 115, "tx", "0000fff1-0000-1000-8000-00805f9b34fb");
INSERT INTO device (id, protocol_id, identifier, device_name) VALUES (363, 59, NULL, "Je Joue Device");
INSERT INTO device_feature (id, device_id) VALUES (334, 363);
INSERT INTO feature_scalarcmd (id, feature_id, actuator_type_id, description, range_min, range_max) VALUES (334, 334, 2, NULL, 0, 5);
INSERT INTO device_feature (id, device_id) VALUES (335, 363);
INSERT INTO feature_scalarcmd (id, feature_id, actuator_type_id, description, range_min, range_max) VALUES (335, 335, 2, NULL, 0, 5);
INSERT INTO protocol (id, protocol_name, display_name) VALUES (60, "fredorch", "fredorch");
INSERT INTO protocol_bluetooth_name (protocol_id, bluetooth_name) VALUES (60, "YXlinksSPP");
INSERT INTO protocol_bluetooth_service (id, protocol_id, service_uuid) VALUES (117, 60, "0000ffb0-0000-1000-8000-00805f9b34fb");
INSERT INTO protocol_bluetooth_characteristic (id, service_id, endpoint, characteristic_uuid) VALUES (101, 117, "tx", "0000ffb1-0000-1000-8000-00805f9b34fb");
INSERT INTO protocol_bluetooth_characteristic (id, service_id, endpoint, characteristic_uuid) VALUES (102, 117, "rx", "0000ffb2-0000-1000-8000-00805f9b34fb");
INSERT INTO device (id, protocol_id, identifier, device_name) VALUES (364, 60, NULL, "Fredorch Device");
INSERT INTO protocol (id, protocol_name, display_name) VALUES (61, "fox", "fox");
INSERT INTO protocol_bluetooth_name (protocol_id, bluetooth_name) VALUES (61, "FOX");
INSERT INTO protocol_bluetooth_name (protocol_id, bluetooth_name) VALUES (61, "FoxM70Pro");
INSERT INTO protocol_bluetooth_name (protocol_id, bluetooth_name) VALUES (61, "FOX M70 Pro");
INSERT INTO protocol_bluetooth_service (id, protocol_id, service_uuid) VALUES (119, 61, "0000ae00-0000-1000-8000-00805f9b34fb");
INSERT INTO protocol_bluetooth_characteristic (id, service_id, endpoint, characteristic_uuid) VALUES (103, 119, "tx", "0000ae01-0000-1000-8000-00805f9b34fb");
INSERT INTO device (id, protocol_id, identifier, device_name) VALUES (365, 61, NULL, "Fox Device");
INSERT INTO device_feature (id, device_id) VALUES (336, 365);
INSERT INTO feature_scalarcmd (id, feature_id, actuator_type_id, description, range_min, range_max) VALUES (336, 336, 2, NULL, 0, 3);
INSERT INTO protocol (id, protocol_name, display_name) VALUES (62, "kizuna", "kizuna");
INSERT INTO device (id, protocol_id, identifier, device_name) VALUES (366, 62, NULL, "Kizuna Smart");
INSERT INTO device_feature (id, device_id) VALUES (337, 366);
INSERT INTO feature_scalarcmd (id, feature_id, actuator_type_id, description, range_min, range_max) VALUES (337, 337, 3, NULL, 0, 9);
INSERT INTO protocol (id, protocol_name, display_name) VALUES (63, "nobra", "nobra");
INSERT INTO protocol_bluetooth_prefix (protocol_id, prefix) VALUES (63, "NobraControl*");
INSERT INTO protocol_bluetooth_service (id, protocol_id, service_uuid) VALUES (121, 63, "0000abf0-0000-1000-8000-00805f9b34fb");
INSERT INTO protocol_bluetooth_characteristic (id, service_id, endpoint, characteristic_uuid) VALUES (104, 121, "tx", "0000abf1-0000-1000-8000-00805f9b34fb");
INSERT INTO device (id, protocol_id, identifier, device_name) VALUES (367, 63, NULL, "Nobra's Silicone Dreams Toy");
INSERT INTO device_feature (id, device_id) VALUES (338, 367);
INSERT INTO feature_scalarcmd (id, feature_id, actuator_type_id, description, range_min, range_max) VALUES (338, 338, 2, NULL, 0, 15);
INSERT INTO protocol (id, protocol_name, display_name) VALUES (64, "meese", "meese");
INSERT INTO protocol_bluetooth_name (protocol_id, bluetooth_name) VALUES (64, "Meese-V389");
INSERT INTO protocol_bluetooth_service (id, protocol_id, service_uuid) VALUES (123, 64, "0000ffe0-0000-1000-8000-00805f9b34fb");
INSERT INTO protocol_bluetooth_characteristic (id, service_id, endpoint, characteristic_uuid) VALUES (105, 123, "tx", "0000ffe1-0000-1000-8000-00805f9b34fb");
INSERT INTO device (id, protocol_id, identifier, device_name) VALUES (368, 64, NULL, "Meese Tera");
INSERT INTO device_feature (id, device_id) VALUES (339, 368);
INSERT INTO feature_scalarcmd (id, feature_id, actuator_type_id, description, range_min, range_max) VALUES (339, 339, 2, NULL, 0, 10);
INSERT INTO device_feature (id, device_id) VALUES (340, 368);
INSERT INTO feature_scalarcmd (id, feature_id, actuator_type_id, description, range_min, range_max) VALUES (340, 340, 2, NULL, 0, 3);
INSERT INTO protocol (id, protocol_name, display_name) VALUES (65, "hismith", "hismith");
INSERT INTO protocol_bluetooth_name (protocol_id, bluetooth_name) VALUES (65, "Wildolo");
INSERT INTO protocol_bluetooth_name (protocol_id, bluetooth_name) VALUES (65, "HISMITH");
INSERT INTO protocol_bluetooth_service (id, protocol_id, service_uuid) VALUES (125, 65, "0000ffe5-0000-1000-8000-00805f9b34fb");
INSERT INTO protocol_bluetooth_characteristic (id, service_id, endpoint, characteristic_uuid) VALUES (106, 125, "tx", "0000ffe9-0000-1000-8000-00805f9b34fb");
INSERT INTO protocol_bluetooth_service (id, protocol_id, service_uuid) VALUES (126, 65, "0000ff90-0000-1000-8000-00805f9b34fb");
INSERT INTO protocol_bluetooth_characteristic (id, service_id, endpoint, characteristic_uuid) VALUES (107, 126, "rxblemodel", "0000ff96-0000-1000-8000-00805f9b34fb");
INSERT INTO device (id, protocol_id, identifier, device_name) VALUES (369, 65, "1002", "Hismith Pro Traveler");
INSERT INTO device (id, protocol_id, identifier, device_name) VALUES (370, 65, "1101", "Hismith Sex Machine");
INSERT INTO device (id, protocol_id, identifier, device_name) VALUES (371, 65, "4001", "Auxfun Sex Machine");
INSERT INTO device (id, protocol_id, identifier, device_name) VALUES (372, 65, "1001", "Hismith Sex Machine");
INSERT INTO device (id, protocol_id, identifier, device_name) VALUES (373, 65, NULL, "Hismith device");
INSERT INTO device_feature (id, device_id) VALUES (341, 373);
INSERT INTO feature_scalarcmd (id, feature_id, actuator_type_id, description, range_min, range_max) VALUES (341, 341, 4, "Fucking Machine Oscillation Speed", 0, 100);
INSERT INTO device (id, protocol_id, identifier, device_name) VALUES (374, 65, "2001", "Hismith Thrusting Cup");
INSERT INTO device_feature (id, device_id) VALUES (342, 374);
INSERT INTO feature_scalarcmd (id, feature_id, actuator_type_id, description, range_min, range_max) VALUES (342, 342, 4, "Stroker Oscillation Speed", 0, 100);
INSERT INTO device_feature (id, device_id) VALUES (343, 374);
INSERT INTO feature_scalarcmd (id, feature_id, actuator_type_id, description, range_min, range_max) VALUES (343, 343, 2, NULL, 0, 1);
INSERT INTO device (id, protocol_id, identifier, device_name) VALUES (375, 65, "1005", "Hismith Mini Sex Machine");
INSERT INTO device (id, protocol_id, identifier, device_name) VALUES (376, 65, "1003", "Hismith Capsule");
INSERT INTO device (id, protocol_id, identifier, device_name) VALUES (377, 65, "3001", "Wildolo Device");
INSERT INTO device_feature (id, device_id) VALUES (344, 377);
INSERT INTO feature_scalarcmd (id, feature_id, actuator_type_id, description, range_min, range_max) VALUES (344, 344, 2, NULL, 0, 100);
INSERT INTO protocol (id, protocol_name, display_name) VALUES (66, "tryfun", "tryfun");
INSERT INTO protocol_bluetooth_name (protocol_id, bluetooth_name) VALUES (66, "TRYFUN-ONE");
INSERT INTO protocol_bluetooth_service (id, protocol_id, service_uuid) VALUES (128, 66, "0000ff10-0000-1000-8000-00805f9b34fb");
INSERT INTO protocol_bluetooth_characteristic (id, service_id, endpoint, characteristic_uuid) VALUES (108, 128, "tx", "0000fff1-0000-1000-8000-00805f9b34fb");
INSERT INTO device (id, protocol_id, identifier, device_name) VALUES (378, 66, NULL, "TryFun Yuan Series");
INSERT INTO device_feature (id, device_id) VALUES (345, 378);
INSERT INTO feature_scalarcmd (id, feature_id, actuator_type_id, description, range_min, range_max) VALUES (345, 345, 4, NULL, 0, 9);
INSERT INTO device_feature (id, device_id) VALUES (346, 378);
INSERT INTO feature_scalarcmd (id, feature_id, actuator_type_id, description, range_min, range_max) VALUES (346, 346, 3, NULL, 0, 9);
INSERT INTO protocol (id, protocol_name, display_name) VALUES (67, "lovense", "lovense");
INSERT INTO protocol_bluetooth_prefix (protocol_id, prefix) VALUES (67, "LOVE-*");
INSERT INTO protocol_bluetooth_prefix (protocol_id, prefix) VALUES (67, "LVS-*");
INSERT INTO protocol_bluetooth_service (id, protocol_id, service_uuid) VALUES (130, 67, "45440001-0023-4bd4-bbd5-a6920e4c5653");
INSERT INTO protocol_bluetooth_characteristic (id, service_id, endpoint, characteristic_uuid) VALUES (109, 130, "rx", "45440003-0023-4bd4-bbd5-a6920e4c5653");
INSERT INTO protocol_bluetooth_characteristic (id, service_id, endpoint, characteristic_uuid) VALUES (110, 130, "tx", "45440002-0023-4bd4-bbd5-a6920e4c5653");
INSERT INTO protocol_bluetooth_service (id, protocol_id, service_uuid) VALUES (131, 67, "54300001-0023-4bd4-bbd5-a6920e4c5653");
INSERT INTO protocol_bluetooth_characteristic (id, service_id, endpoint, characteristic_uuid) VALUES (111, 131, "tx", "54300002-0023-4bd4-bbd5-a6920e4c5653");
INSERT INTO protocol_bluetooth_characteristic (id, service_id, endpoint, characteristic_uuid) VALUES (112, 131, "rx", "54300003-0023-4bd4-bbd5-a6920e4c5653");
INSERT INTO protocol_bluetooth_service (id, protocol_id, service_uuid) VALUES (132, 67, "58300001-0023-4bd4-bbd5-a6920e4c5653");
INSERT INTO protocol_bluetooth_characteristic (id, service_id, endpoint, characteristic_uuid) VALUES (113, 132, "rx", "58300003-0023-4bd4-bbd5-a6920e4c5653");
INSERT INTO protocol_bluetooth_characteristic (id, service_id, endpoint, characteristic_uuid) VALUES (114, 132, "tx", "58300002-0023-4bd4-bbd5-a6920e4c5653");
INSERT INTO protocol_bluetooth_service (id, protocol_id, service_uuid) VALUES (133, 67, "45490001-0023-4bd4-bbd5-a6920e4c5653");
INSERT INTO protocol_bluetooth_characteristic (id, service_id, endpoint, characteristic_uuid) VALUES (115, 133, "tx", "45490002-0023-4bd4-bbd5-a6920e4c5653");
INSERT INTO protocol_bluetooth_characteristic (id, service_id, endpoint, characteristic_uuid) VALUES (116, 133, "rx", "45490003-0023-4bd4-bbd5-a6920e4c5653");
INSERT INTO protocol_bluetooth_service (id, protocol_id, service_uuid) VALUES (134, 67, "4e300001-0023-4bd4-bbd5-a6920e4c5653");
INSERT INTO protocol_bluetooth_characteristic (id, service_id, endpoint, characteristic_uuid) VALUES (117, 134, "tx", "4e300002-0023-4bd4-bbd5-a6920e4c5653");
INSERT INTO protocol_bluetooth_characteristic (id, service_id, endpoint, characteristic_uuid) VALUES (118, 134, "rx", "4e300003-0023-4bd4-bbd5-a6920e4c5653");
INSERT INTO protocol_bluetooth_service (id, protocol_id, service_uuid) VALUES (135, 67, "5a300001-0024-4bd4-bbd5-a6920e4c5653");
INSERT INTO protocol_bluetooth_characteristic (id, service_id, endpoint, characteristic_uuid) VALUES (119, 135, "tx", "5a300002-0024-4bd4-bbd5-a6920e4c5653");
INSERT INTO protocol_bluetooth_characteristic (id, service_id, endpoint, characteristic_uuid) VALUES (120, 135, "rx", "5a300003-0024-4bd4-bbd5-a6920e4c5653");
INSERT INTO protocol_bluetooth_service (id, protocol_id, service_uuid) VALUES (136, 67, "4c300001-0023-4bd4-bbd5-a6920e4c5653");
INSERT INTO protocol_bluetooth_characteristic (id, service_id, endpoint, characteristic_uuid) VALUES (121, 136, "tx", "4c300002-0023-4bd4-bbd5-a6920e4c5653");
INSERT INTO protocol_bluetooth_characteristic (id, service_id, endpoint, characteristic_uuid) VALUES (122, 136, "rx", "4c300003-0023-4bd4-bbd5-a6920e4c5653");
INSERT INTO protocol_bluetooth_service (id, protocol_id, service_uuid) VALUES (137, 67, "45420001-0023-4bd4-bbd5-a6920e4c5653");
INSERT INTO protocol_bluetooth_characteristic (id, service_id, endpoint, characteristic_uuid) VALUES (123, 137, "tx", "45420002-0023-4bd4-bbd5-a6920e4c5653");
INSERT INTO protocol_bluetooth_characteristic (id, service_id, endpoint, characteristic_uuid) VALUES (124, 137, "rx", "45420003-0023-4bd4-bbd5-a6920e4c5653");
INSERT INTO protocol_bluetooth_service (id, protocol_id, service_uuid) VALUES (138, 67, "4f300001-0023-4bd4-bbd5-a6920e4c5653");
INSERT INTO protocol_bluetooth_characteristic (id, service_id, endpoint, characteristic_uuid) VALUES (125, 138, "tx", "4f300002-0023-4bd4-bbd5-a6920e4c5653");
INSERT INTO protocol_bluetooth_characteristic (id, service_id, endpoint, characteristic_uuid) VALUES (126, 138, "rx", "4f300003-0023-4bd4-bbd5-a6920e4c5653");
INSERT INTO protocol_bluetooth_service (id, protocol_id, service_uuid) VALUES (139, 67, "53300001-0023-4bd4-bbd5-a6920e4c5653");
INSERT INTO protocol_bluetooth_characteristic (id, service_id, endpoint, characteristic_uuid) VALUES (127, 139, "rx", "53300003-0023-4bd4-bbd5-a6920e4c5653");
INSERT INTO protocol_bluetooth_characteristic (id, service_id, endpoint, characteristic_uuid) VALUES (128, 139, "tx", "53300002-0023-4bd4-bbd5-a6920e4c5653");
INSERT INTO protocol_bluetooth_service (id, protocol_id, service_uuid) VALUES (140, 67, "50300001-0023-4bd4-bbd5-a6920e4c5653");
INSERT INTO protocol_bluetooth_characteristic (id, service_id, endpoint, characteristic_uuid) VALUES (129, 140, "rx", "50300003-0023-4bd4-bbd5-a6920e4c5653");
INSERT INTO protocol_bluetooth_characteristic (id, service_id, endpoint, characteristic_uuid) VALUES (130, 140, "tx", "50300002-0023-4bd4-bbd5-a6920e4c5653");
INSERT INTO protocol_bluetooth_service (id, protocol_id, service_uuid) VALUES (141, 67, "57300001-0023-4bd4-bbd5-a6920e4c5653");
INSERT INTO protocol_bluetooth_characteristic (id, service_id, endpoint, characteristic_uuid) VALUES (131, 141, "tx", "57300002-0023-4bd4-bbd5-a6920e4c5653");
INSERT INTO protocol_bluetooth_characteristic (id, service_id, endpoint, characteristic_uuid) VALUES (132, 141, "rx", "57300003-0023-4bd4-bbd5-a6920e4c5653");
INSERT INTO protocol_bluetooth_service (id, protocol_id, service_uuid) VALUES (142, 67, "52300001-0023-4bd4-bbd5-a6920e4c5653");
INSERT INTO protocol_bluetooth_characteristic (id, service_id, endpoint, characteristic_uuid) VALUES (133, 142, "rx", "52300003-0023-4bd4-bbd5-a6920e4c5653");
INSERT INTO protocol_bluetooth_characteristic (id, service_id, endpoint, characteristic_uuid) VALUES (134, 142, "tx", "52300002-0023-4bd4-bbd5-a6920e4c5653");
INSERT INTO protocol_bluetooth_service (id, protocol_id, service_uuid) VALUES (143, 67, "6e400001-b5a3-f393-e0a9-e50e24dcca9e");
INSERT INTO protocol_bluetooth_characteristic (id, service_id, endpoint, characteristic_uuid) VALUES (135, 143, "rx", "6e400003-b5a3-f393-e0a9-e50e24dcca9e");
INSERT INTO protocol_bluetooth_characteristic (id, service_id, endpoint, characteristic_uuid) VALUES (136, 143, "tx", "6e400002-b5a3-f393-e0a9-e50e24dcca9e");
INSERT INTO protocol_bluetooth_service (id, protocol_id, service_uuid) VALUES (144, 67, "46300001-0023-4bd4-bbd5-a6920e4c5653");
INSERT INTO protocol_bluetooth_characteristic (id, service_id, endpoint, characteristic_uuid) VALUES (137, 144, "tx", "46300002-0023-4bd4-bbd5-a6920e4c5653");
INSERT INTO protocol_bluetooth_characteristic (id, service_id, endpoint, characteristic_uuid) VALUES (138, 144, "rx", "46300003-0023-4bd4-bbd5-a6920e4c5653");
INSERT INTO protocol_bluetooth_service (id, protocol_id, service_uuid) VALUES (145, 67, "45410001-0023-4bd4-bbd5-a6920e4c5653");
INSERT INTO protocol_bluetooth_characteristic (id, service_id, endpoint, characteristic_uuid) VALUES (139, 145, "rx", "45410003-0023-4bd4-bbd5-a6920e4c5653");
INSERT INTO protocol_bluetooth_characteristic (id, service_id, endpoint, characteristic_uuid) VALUES (140, 145, "tx", "45410002-0023-4bd4-bbd5-a6920e4c5653");
INSERT INTO protocol_bluetooth_service (id, protocol_id, service_uuid) VALUES (146, 67, "43300001-0023-4bd4-bbd5-a6920e4c5653");
INSERT INTO protocol_bluetooth_characteristic (id, service_id, endpoint, characteristic_uuid) VALUES (141, 146, "tx", "43300002-0023-4bd4-bbd5-a6920e4c5653");
INSERT INTO protocol_bluetooth_characteristic (id, service_id, endpoint, characteristic_uuid) VALUES (142, 146, "rx", "43300003-0023-4bd4-bbd5-a6920e4c5653");
INSERT INTO protocol_bluetooth_service (id, protocol_id, service_uuid) VALUES (147, 67, "0000fff0-0000-1000-8000-00805f9b34fb");
INSERT INTO protocol_bluetooth_characteristic (id, service_id, endpoint, characteristic_uuid) VALUES (143, 147, "tx", "0000fff2-0000-1000-8000-00805f9b34fb");
INSERT INTO protocol_bluetooth_characteristic (id, service_id, endpoint, characteristic_uuid) VALUES (144, 147, "rx", "0000fff1-0000-1000-8000-00805f9b34fb");
INSERT INTO protocol_bluetooth_service (id, protocol_id, service_uuid) VALUES (148, 67, "50300001-0024-4bd4-bbd5-a6920e4c5653");
INSERT INTO protocol_bluetooth_characteristic (id, service_id, endpoint, characteristic_uuid) VALUES (145, 148, "tx", "50300002-0024-4bd4-bbd5-a6920e4c5653");
INSERT INTO protocol_bluetooth_characteristic (id, service_id, endpoint, characteristic_uuid) VALUES (146, 148, "rx", "50300003-0024-4bd4-bbd5-a6920e4c5653");
INSERT INTO protocol_bluetooth_service (id, protocol_id, service_uuid) VALUES (149, 67, "4a300001-0023-4bd4-bbd5-a6920e4c5653");
INSERT INTO protocol_bluetooth_characteristic (id, service_id, endpoint, characteristic_uuid) VALUES (147, 149, "rx", "4a300003-0023-4bd4-bbd5-a6920e4c5653");
INSERT INTO protocol_bluetooth_characteristic (id, service_id, endpoint, characteristic_uuid) VALUES (148, 149, "tx", "4a300002-0023-4bd4-bbd5-a6920e4c5653");
INSERT INTO protocol_bluetooth_service (id, protocol_id, service_uuid) VALUES (150, 67, "5a300001-0023-4bd4-bbd5-a6920e4c5653");
INSERT INTO protocol_bluetooth_characteristic (id, service_id, endpoint, characteristic_uuid) VALUES (149, 150, "tx", "5a300002-0023-4bd4-bbd5-a6920e4c5653");
INSERT INTO protocol_bluetooth_characteristic (id, service_id, endpoint, characteristic_uuid) VALUES (150, 150, "rx", "5a300003-0023-4bd4-bbd5-a6920e4c5653");
INSERT INTO protocol_bluetooth_service (id, protocol_id, service_uuid) VALUES (151, 67, "42300001-0023-4bd4-bbd5-a6920e4c5653");
INSERT INTO protocol_bluetooth_characteristic (id, service_id, endpoint, characteristic_uuid) VALUES (151, 151, "tx", "42300002-0023-4bd4-bbd5-a6920e4c5653");
INSERT INTO protocol_bluetooth_characteristic (id, service_id, endpoint, characteristic_uuid) VALUES (152, 151, "rx", "42300003-0023-4bd4-bbd5-a6920e4c5653");
INSERT INTO protocol_bluetooth_service (id, protocol_id, service_uuid) VALUES (152, 67, "50300011-0023-4bd4-bbd5-a6920e4c5653");
INSERT INTO protocol_bluetooth_characteristic (id, service_id, endpoint, characteristic_uuid) VALUES (153, 152, "rx", "50300013-0023-4bd4-bbd5-a6920e4c5653");
INSERT INTO protocol_bluetooth_characteristic (id, service_id, endpoint, characteristic_uuid) VALUES (154, 152, "tx", "50300012-0023-4bd4-bbd5-a6920e4c5653");
INSERT INTO protocol_bluetooth_service (id, protocol_id, service_uuid) VALUES (153, 67, "56300001-0023-4bd4-bbd5-a6920e4c5653");
INSERT INTO protocol_bluetooth_characteristic (id, service_id, endpoint, characteristic_uuid) VALUES (155, 153, "rx", "56300003-0023-4bd4-bbd5-a6920e4c5653");
INSERT INTO protocol_bluetooth_characteristic (id, service_id, endpoint, characteristic_uuid) VALUES (156, 153, "tx", "56300002-0023-4bd4-bbd5-a6920e4c5653");
INSERT INTO device (id, protocol_id, identifier, device_name) VALUES (379, 67, "Z", "Lovense Hush");
INSERT INTO device (id, protocol_id, identifier, device_name) VALUES (380, 67, "EA", "Lovense Gravity");
INSERT INTO device_feature (id, device_id) VALUES (347, 380);
INSERT INTO feature_scalarcmd (id, feature_id, actuator_type_id, description, range_min, range_max) VALUES (347, 347, 2, NULL, 0, 20);
INSERT INTO device_feature (id, device_id) VALUES (348, 380);
INSERT INTO feature_scalarcmd (id, feature_id, actuator_type_id, description, range_min, range_max) VALUES (348, 348, 4, NULL, 0, 20);
INSERT INTO device (id, protocol_id, identifier, device_name) VALUES (381, 67, "N", "Lovense Gemini");
INSERT INTO device_feature (id, device_id) VALUES (349, 381);
INSERT INTO feature_scalarcmd (id, feature_id, actuator_type_id, description, range_min, range_max) VALUES (349, 349, 2, NULL, 0, 20);
INSERT INTO device_feature (id, device_id) VALUES (350, 381);
INSERT INTO feature_scalarcmd (id, feature_id, actuator_type_id, description, range_min, range_max) VALUES (350, 350, 2, NULL, 0, 20);
INSERT INTO device (id, protocol_id, identifier, device_name) VALUES (382, 67, "W", "Lovense Domi");
INSERT INTO device (id, protocol_id, identifier, device_name) VALUES (383, 67, "B", "Lovense Max");
INSERT INTO device_feature (id, device_id) VALUES (351, 383);
INSERT INTO feature_scalarcmd (id, feature_id, actuator_type_id, description, range_min, range_max) VALUES (351, 351, 2, "Vibrator", 0, 20);
INSERT INTO device_feature (id, device_id) VALUES (352, 383);
INSERT INTO feature_scalarcmd (id, feature_id, actuator_type_id, description, range_min, range_max) VALUES (352, 352, 5, "Air Pump", 0, 3);
INSERT INTO device (id, protocol_id, identifier, device_name) VALUES (384, 67, "F", "Lovense Sex Machine");
INSERT INTO device_feature (id, device_id) VALUES (353, 384);
INSERT INTO feature_scalarcmd (id, feature_id, actuator_type_id, description, range_min, range_max) VALUES (353, 353, 4, "Fucking Machine Oscillation Speed", 0, 20);
INSERT INTO device (id, protocol_id, identifier, device_name) VALUES (385, 67, "P", "Lovense Edge");
INSERT INTO device_feature (id, device_id) VALUES (354, 385);
INSERT INTO feature_scalarcmd (id, feature_id, actuator_type_id, description, range_min, range_max) VALUES (354, 354, 2, NULL, 0, 20);
INSERT INTO device_feature (id, device_id) VALUES (355, 385);
INSERT INTO feature_scalarcmd (id, feature_id, actuator_type_id, description, range_min, range_max) VALUES (355, 355, 2, NULL, 0, 20);
INSERT INTO device (id, protocol_id, identifier, device_name) VALUES (386, 67, "A", "Lovense Nora");
INSERT INTO device (id, protocol_id, identifier, device_name) VALUES (387, 67, "C", "Lovense Nora");
INSERT INTO device (id, protocol_id, identifier, device_name) VALUES (388, 67, "X", "Lovense Ferri");
INSERT INTO device (id, protocol_id, identifier, device_name) VALUES (389, 67, "ToyS", "Loveai Dolp");
INSERT INTO device (id, protocol_id, identifier, device_name) VALUES (390, 67, "EB", "Lovense Hyphy");
INSERT INTO device_feature (id, device_id) VALUES (356, 390);
INSERT INTO feature_scalarcmd (id, feature_id, actuator_type_id, description, range_min, range_max) VALUES (356, 356, 2, NULL, 0, 20);
INSERT INTO device_feature (id, device_id) VALUES (357, 390);
INSERT INTO feature_scalarcmd (id, feature_id, actuator_type_id, description, range_min, range_max) VALUES (357, 357, 2, NULL, 0, 20);
INSERT INTO device (id, protocol_id, identifier, device_name) VALUES (391, 67, "EI", "Lovense Flexer (Firmware update needed)");
INSERT INTO device (id, protocol_id, identifier, device_name) VALUES (392, 67, "J", "Lovense Dolce");
INSERT INTO device_feature (id, device_id) VALUES (358, 392);
INSERT INTO feature_scalarcmd (id, feature_id, actuator_type_id, description, range_min, range_max) VALUES (358, 358, 2, NULL, 0, 20);
INSERT INTO device_feature (id, device_id) VALUES (359, 392);
INSERT INTO feature_scalarcmd (id, feature_id, actuator_type_id, description, range_min, range_max) VALUES (359, 359, 2, NULL, 0, 20);
INSERT INTO device (id, protocol_id, identifier, device_name) VALUES (393, 67, "S", "Lovense Lush");
INSERT INTO device (id, protocol_id, identifier, device_name) VALUES (394, 67, "L", "Lovense Ambi");
INSERT INTO device (id, protocol_id, identifier, device_name) VALUES (395, 67, "O", "Lovense Osci");
INSERT INTO device (id, protocol_id, identifier, device_name) VALUES (396, 67, "ED", "Lovense Gush");
INSERT INTO device (id, protocol_id, identifier, device_name) VALUES (397, 67, "T", "Lovense Calor");
INSERT INTO device (id, protocol_id, identifier, device_name) VALUES (398, 67, "EI-FW3", "Lovense Flexer");
INSERT INTO device_feature (id, device_id) VALUES (360, 398);
INSERT INTO feature_scalarcmd (id, feature_id, actuator_type_id, description, range_min, range_max) VALUES (360, 360, 2, "Internal Vibe", 0, 20);
INSERT INTO device_feature (id, device_id) VALUES (361, 398);
INSERT INTO feature_scalarcmd (id, feature_id, actuator_type_id, description, range_min, range_max) VALUES (361, 361, 2, "External Vibe", 0, 20);
INSERT INTO device_feature (id, device_id) VALUES (362, 398);
INSERT INTO feature_scalarcmd (id, feature_id, actuator_type_id, description, range_min, range_max) VALUES (362, 362, 3, "Finger motion", 0, 20);
INSERT INTO device (id, protocol_id, identifier, device_name) VALUES (399, 67, NULL, "Lovense Device");
INSERT INTO device_feature (id, device_id) VALUES (363, 399);
INSERT INTO feature_scalarcmd (id, feature_id, actuator_type_id, description, range_min, range_max) VALUES (363, 363, 2, NULL, 0, 20);
INSERT INTO device (id, protocol_id, identifier, device_name) VALUES (400, 67, "R", "Lovense Diamo");
INSERT INTO device (id, protocol_id, identifier, device_name) VALUES (401, 67, "V", "Lovense Mission");
INSERT INTO protocol (id, protocol_name, display_name) VALUES (68, "kiiroo-v21", "kiiroo-v21");
INSERT INTO protocol_bluetooth_name (protocol_id, bluetooth_name) VALUES (68, "OhMiBod NEX3");
INSERT INTO protocol_bluetooth_name (protocol_id, bluetooth_name) VALUES (68, "Cliona");
INSERT INTO protocol_bluetooth_name (protocol_id, bluetooth_name) VALUES (68, "Titan1.1");
INSERT INTO protocol_bluetooth_name (protocol_id, bluetooth_name) VALUES (68, "OhMiBod LUMEN");
INSERT INTO protocol_bluetooth_name (protocol_id, bluetooth_name) VALUES (68, "Pulse Interactive");
INSERT INTO protocol_bluetooth_name (protocol_id, bluetooth_name) VALUES (68, "Pearl2.1");
INSERT INTO protocol_bluetooth_name (protocol_id, bluetooth_name) VALUES (68, "OhMiBod 4.0");
INSERT INTO protocol_bluetooth_service (id, protocol_id, service_uuid) VALUES (155, 68, "00001900-0000-1000-8000-00805f9b34fb");
INSERT INTO protocol_bluetooth_characteristic (id, service_id, endpoint, characteristic_uuid) VALUES (157, 155, "whitelist", "00001901-0000-1000-8000-00805f9b34fb");
INSERT INTO protocol_bluetooth_characteristic (id, service_id, endpoint, characteristic_uuid) VALUES (158, 155, "rx", "00001903-0000-1000-8000-00805f9b34fb");
INSERT INTO protocol_bluetooth_characteristic (id, service_id, endpoint, characteristic_uuid) VALUES (159, 155, "tx", "00001902-0000-1000-8000-00805f9b34fb");
INSERT INTO protocol_bluetooth_service (id, protocol_id, service_uuid) VALUES (156, 68, "a0d70001-4c16-4ba7-977a-d394920e13a3");
INSERT INTO protocol_bluetooth_characteristic (id, service_id, endpoint, characteristic_uuid) VALUES (160, 156, "tx", "a0d70002-4c16-4ba7-977a-d394920e13a3");
INSERT INTO protocol_bluetooth_characteristic (id, service_id, endpoint, characteristic_uuid) VALUES (161, 156, "rx", "a0d70003-4c16-4ba7-977a-d394920e13a3");
INSERT INTO device (id, protocol_id, identifier, device_name) VALUES (402, 68, "Titan1.1", "Kiiroo Titan 1.1");
INSERT INTO device_feature (id, device_id) VALUES (364, 402);
INSERT INTO feature_scalarcmd (id, feature_id, actuator_type_id, description, range_min, range_max) VALUES (364, 364, 2, NULL, 0, 100);
INSERT INTO device (id, protocol_id, identifier, device_name) VALUES (403, 68, "Cliona", "Kiiroo Cliona");
INSERT INTO device_feature (id, device_id) VALUES (365, 403);
INSERT INTO feature_scalarcmd (id, feature_id, actuator_type_id, description, range_min, range_max) VALUES (365, 365, 2, NULL, 0, 100);
INSERT INTO device (id, protocol_id, identifier, device_name) VALUES (404, 68, "Pulse Interactive", "Hot Octopuss Pulse Solo Interactive");
INSERT INTO device_feature (id, device_id) VALUES (366, 404);
INSERT INTO feature_scalarcmd (id, feature_id, actuator_type_id, description, range_min, range_max) VALUES (366, 366, 2, NULL, 0, 6);
INSERT INTO device (id, protocol_id, identifier, device_name) VALUES (405, 68, NULL, "Kiiroo V2.1 Device");
INSERT INTO device (id, protocol_id, identifier, device_name) VALUES (406, 68, "Pearl2.1", "Kiiroo Pearl 2.1");
INSERT INTO device_feature (id, device_id) VALUES (367, 406);
INSERT INTO feature_scalarcmd (id, feature_id, actuator_type_id, description, range_min, range_max) VALUES (367, 367, 2, NULL, 0, 100);
INSERT INTO device (id, protocol_id, identifier, device_name) VALUES (407, 68, "OhMiBod LUMEN", "OhMiBod Lumen");
INSERT INTO device_feature (id, device_id) VALUES (368, 407);
INSERT INTO feature_scalarcmd (id, feature_id, actuator_type_id, description, range_min, range_max) VALUES (368, 368, 2, NULL, 0, 100);
INSERT INTO device (id, protocol_id, identifier, device_name) VALUES (408, 68, "OhMiBod 4.0", "OhMiBod Esca 2");
INSERT INTO device_feature (id, device_id) VALUES (369, 408);
INSERT INTO feature_scalarcmd (id, feature_id, actuator_type_id, description, range_min, range_max) VALUES (369, 369, 2, NULL, 0, 100);
INSERT INTO device (id, protocol_id, identifier, device_name) VALUES (409, 68, "OhMiBod NEX3", "hMiBod NEX|3");
INSERT INTO device_feature (id, device_id) VALUES (370, 409);
INSERT INTO feature_scalarcmd (id, feature_id, actuator_type_id, description, range_min, range_max) VALUES (370, 370, 2, NULL, 0, 100);
INSERT INTO protocol (id, protocol_name, display_name) VALUES (69, "cueme", "cueme");
INSERT INTO protocol_bluetooth_prefix (protocol_id, prefix) VALUES (69, "FUNCODE_*");
INSERT INTO protocol_bluetooth_service (id, protocol_id, service_uuid) VALUES (158, 69, "0000fff0-0000-1000-8000-00805f9b34fb");
INSERT INTO protocol_bluetooth_characteristic (id, service_id, endpoint, characteristic_uuid) VALUES (162, 158, "tx", "0000fff1-0000-1000-8000-00805f9b34fb");
INSERT INTO device (id, protocol_id, identifier, device_name) VALUES (410, 69, "2", "Cueme Bra");
INSERT INTO device (id, protocol_id, identifier, device_name) VALUES (411, 69, NULL, "Cueme Device");
INSERT INTO device_feature (id, device_id) VALUES (371, 411);
INSERT INTO feature_scalarcmd (id, feature_id, actuator_type_id, description, range_min, range_max) VALUES (371, 371, 2, NULL, 0, 15);
INSERT INTO device_feature (id, device_id) VALUES (372, 411);
INSERT INTO feature_scalarcmd (id, feature_id, actuator_type_id, description, range_min, range_max) VALUES (372, 372, 2, NULL, 0, 15);
INSERT INTO device_feature (id, device_id) VALUES (373, 411);
INSERT INTO feature_scalarcmd (id, feature_id, actuator_type_id, description, range_min, range_max) VALUES (373, 373, 2, NULL, 0, 15);
INSERT INTO device_feature (id, device_id) VALUES (374, 411);
INSERT INTO feature_scalarcmd (id, feature_id, actuator_type_id, description, range_min, range_max) VALUES (374, 374, 2, NULL, 0, 15);
INSERT INTO device_feature (id, device_id) VALUES (375, 411);
INSERT INTO feature_scalarcmd (id, feature_id, actuator_type_id, description, range_min, range_max) VALUES (375, 375, 2, NULL, 0, 15);
INSERT INTO device_feature (id, device_id) VALUES (376, 411);
INSERT INTO feature_scalarcmd (id, feature_id, actuator_type_id, description, range_min, range_max) VALUES (376, 376, 2, NULL, 0, 15);
INSERT INTO device_feature (id, device_id) VALUES (377, 411);
INSERT INTO feature_scalarcmd (id, feature_id, actuator_type_id, description, range_min, range_max) VALUES (377, 377, 2, NULL, 0, 15);
INSERT INTO device_feature (id, device_id) VALUES (378, 411);
INSERT INTO feature_scalarcmd (id, feature_id, actuator_type_id, description, range_min, range_max) VALUES (378, 378, 2, NULL, 0, 15);
INSERT INTO device (id, protocol_id, identifier, device_name) VALUES (412, 69, "3", "Cueme Womans");
INSERT INTO device_feature (id, device_id) VALUES (379, 412);
INSERT INTO feature_scalarcmd (id, feature_id, actuator_type_id, description, range_min, range_max) VALUES (379, 379, 2, NULL, 0, 15);
INSERT INTO device_feature (id, device_id) VALUES (380, 412);
INSERT INTO feature_scalarcmd (id, feature_id, actuator_type_id, description, range_min, range_max) VALUES (380, 380, 2, NULL, 0, 15);
INSERT INTO device_feature (id, device_id) VALUES (381, 412);
INSERT INTO feature_scalarcmd (id, feature_id, actuator_type_id, description, range_min, range_max) VALUES (381, 381, 2, NULL, 0, 15);
INSERT INTO device_feature (id, device_id) VALUES (382, 412);
INSERT INTO feature_scalarcmd (id, feature_id, actuator_type_id, description, range_min, range_max) VALUES (382, 382, 2, NULL, 0, 15);
INSERT INTO device (id, protocol_id, identifier, device_name) VALUES (413, 69, "1", "Cueme Mens");
INSERT INTO protocol (id, protocol_name, display_name) VALUES (70, "htk_bm", "htk_bm");
INSERT INTO protocol_bluetooth_name (protocol_id, bluetooth_name) VALUES (70, "HTK-BLE-BM001");
INSERT INTO protocol_bluetooth_service (id, protocol_id, service_uuid) VALUES (160, 70, "00001802-0000-1000-8000-00805f9b34fb");
INSERT INTO protocol_bluetooth_characteristic (id, service_id, endpoint, characteristic_uuid) VALUES (163, 160, "tx", "00002a06-0000-1000-8000-00805f9b34fb");
INSERT INTO protocol_bluetooth_service (id, protocol_id, service_uuid) VALUES (161, 70, "0000180f-0000-1000-8000-00805f9b34fb");
INSERT INTO protocol_bluetooth_characteristic (id, service_id, endpoint, characteristic_uuid) VALUES (164, 161, "rxblebattery", "00002a19-0000-1000-8000-00805f9b34fb");
INSERT INTO device (id, protocol_id, identifier, device_name) VALUES (414, 70, NULL, "HTK Breast Massager");
INSERT INTO device_feature (id, device_id) VALUES (383, 414);
INSERT INTO feature_scalarcmd (id, feature_id, actuator_type_id, description, range_min, range_max) VALUES (383, 383, 2, NULL, 0, 1);
INSERT INTO device_feature (id, device_id) VALUES (384, 414);
INSERT INTO feature_scalarcmd (id, feature_id, actuator_type_id, description, range_min, range_max) VALUES (384, 384, 2, NULL, 0, 1);
INSERT INTO protocol (id, protocol_name, display_name) VALUES (71, "kgoal-boost", "kgoal-boost");
INSERT INTO protocol_bluetooth_name (protocol_id, bluetooth_name) VALUES (71, "Boost");
INSERT INTO protocol_bluetooth_service (id, protocol_id, service_uuid) VALUES (163, 71, "0000180f-0000-1000-8000-00805f9b34fb");
INSERT INTO protocol_bluetooth_characteristic (id, service_id, endpoint, characteristic_uuid) VALUES (165, 163, "rxblebattery", "00002a19-0000-1000-8000-00805f9b34fb");
INSERT INTO protocol_bluetooth_service (id, protocol_id, service_uuid) VALUES (164, 71, "8e7c6065-7656-17ad-1b41-b53d1a548e0d");
INSERT INTO protocol_bluetooth_characteristic (id, service_id, endpoint, characteristic_uuid) VALUES (166, 164, "rxpressure", "10c2be2d-d2d5-b7a8-5f42-e2468c9ebbf5");
INSERT INTO device (id, protocol_id, identifier, device_name) VALUES (415, 71, NULL, "KGoal Boost");
INSERT INTO protocol (id, protocol_name, display_name) VALUES (72, "sakuraneko", "sakuraneko");
INSERT INTO protocol_bluetooth_name (protocol_id, bluetooth_name) VALUES (72, "sakuraneko-02");
INSERT INTO protocol_bluetooth_name (protocol_id, bluetooth_name) VALUES (72, "sakuraneko-04");
INSERT INTO protocol_bluetooth_name (protocol_id, bluetooth_name) VALUES (72, "sakuraneko-01");
INSERT INTO protocol_bluetooth_name (protocol_id, bluetooth_name) VALUES (72, "sakuraneko-03");
INSERT INTO protocol_bluetooth_service (id, protocol_id, service_uuid) VALUES (166, 72, "0000ffe0-0000-1000-8000-00805f9b34fb");
INSERT INTO protocol_bluetooth_characteristic (id, service_id, endpoint, characteristic_uuid) VALUES (167, 166, "tx", "0000ffe1-0000-1000-8000-00805f9b34fb");
INSERT INTO device (id, protocol_id, identifier, device_name) VALUES (416, 72, "sakuraneko-02", "Sakuraneko Nukunuku");
INSERT INTO device (id, protocol_id, identifier, device_name) VALUES (417, 72, "sakuraneko-01", "Sakuraneko Korokoro");
INSERT INTO device (id, protocol_id, identifier, device_name) VALUES (418, 72, "sakuraneko-04", "Sakuraneko Koikoi");
INSERT INTO device_feature (id, device_id) VALUES (385, 418);
INSERT INTO feature_scalarcmd (id, feature_id, actuator_type_id, description, range_min, range_max) VALUES (385, 385, 2, NULL, 0, 100);
INSERT INTO device_feature (id, device_id) VALUES (386, 418);
INSERT INTO feature_scalarcmd (id, feature_id, actuator_type_id, description, range_min, range_max) VALUES (386, 386, 3, NULL, 0, 100);
INSERT INTO device (id, protocol_id, identifier, device_name) VALUES (419, 72, "sakuraneko-03", "Sakuraneko Dokidoki");
INSERT INTO device (id, protocol_id, identifier, device_name) VALUES (420, 72, NULL, "Sakuraneko Device");
INSERT INTO device_feature (id, device_id) VALUES (387, 420);
INSERT INTO feature_scalarcmd (id, feature_id, actuator_type_id, description, range_min, range_max) VALUES (387, 387, 2, NULL, 0, 100);
INSERT INTO protocol (id, protocol_name, display_name) VALUES (73, "cowgirl", "cowgirl");
INSERT INTO protocol_bluetooth_name (protocol_id, bluetooth_name) VALUES (73, "THE COWGIRL");
INSERT INTO protocol_bluetooth_name (protocol_id, bluetooth_name) VALUES (73, "THE UNICORN");
INSERT INTO protocol_bluetooth_service (id, protocol_id, service_uuid) VALUES (168, 73, "0000fe00-0000-1000-8000-00805f9b34fb");
INSERT INTO protocol_bluetooth_characteristic (id, service_id, endpoint, characteristic_uuid) VALUES (168, 168, "tx", "0000fe01-0000-1000-8000-00805f9b34fb");
INSERT INTO device (id, protocol_id, identifier, device_name) VALUES (421, 73, "THE COWGIRL", "The Cowgirl");
INSERT INTO device (id, protocol_id, identifier, device_name) VALUES (422, 73, "THE UNICORN", "The Unicorn");
INSERT INTO device (id, protocol_id, identifier, device_name) VALUES (423, 73, NULL, "The Cowgirl Device");
INSERT INTO device_feature (id, device_id) VALUES (388, 423);
INSERT INTO feature_scalarcmd (id, feature_id, actuator_type_id, description, range_min, range_max) VALUES (388, 388, 2, NULL, 0, 255);
INSERT INTO device_feature (id, device_id) VALUES (389, 423);
INSERT INTO feature_scalarcmd (id, feature_id, actuator_type_id, description, range_min, range_max) VALUES (389, 389, 3, NULL, 0, 255);
INSERT INTO protocol (id, protocol_name, display_name) VALUES (74, "libo-shark", "libo-shark");
INSERT INTO protocol_bluetooth_name (protocol_id, bluetooth_name) VALUES (74, "ShaYu");
INSERT INTO protocol_bluetooth_service (id, protocol_id, service_uuid) VALUES (170, 74, "00006000-0000-1000-8000-00805f9b34fb");
INSERT INTO protocol_bluetooth_characteristic (id, service_id, endpoint, characteristic_uuid) VALUES (169, 170, "txmode", "00006002-0000-1000-8000-00805f9b34fb");
INSERT INTO protocol_bluetooth_characteristic (id, service_id, endpoint, characteristic_uuid) VALUES (170, 170, "tx", "00006001-0000-1000-8000-00805f9b34fb");
INSERT INTO device (id, protocol_id, identifier, device_name) VALUES (424, 74, NULL, "Libo Shark");
INSERT INTO device_feature (id, device_id) VALUES (390, 424);
INSERT INTO feature_scalarcmd (id, feature_id, actuator_type_id, description, range_min, range_max) VALUES (390, 390, 2, NULL, 0, 3);
INSERT INTO device_feature (id, device_id) VALUES (391, 424);
INSERT INTO feature_scalarcmd (id, feature_id, actuator_type_id, description, range_min, range_max) VALUES (391, 391, 2, NULL, 0, 3);
INSERT INTO protocol (id, protocol_name, display_name) VALUES (75, "mizzzee-v2", "mizzzee-v2");
INSERT INTO protocol_bluetooth_name (protocol_id, bluetooth_name) VALUES (75, "XHT");
INSERT INTO protocol_bluetooth_service (id, protocol_id, service_uuid) VALUES (172, 75, "0000eea0-0000-1000-8000-00805f9b34fb");
INSERT INTO protocol_bluetooth_characteristic (id, service_id, endpoint, characteristic_uuid) VALUES (171, 172, "tx", "0000ee01-0000-1000-8000-00805f9b34fb");
INSERT INTO device (id, protocol_id, identifier, device_name) VALUES (425, 75, NULL, "Mizz Zee Device");
INSERT INTO device_feature (id, device_id) VALUES (392, 425);
INSERT INTO feature_scalarcmd (id, feature_id, actuator_type_id, description, range_min, range_max) VALUES (392, 392, 2, NULL, 0, 68);
INSERT INTO protocol (id, protocol_name, display_name) VALUES (76, "wevibe-legacy", "wevibe-legacy");
INSERT INTO protocol_bluetooth_name (protocol_id, bluetooth_name) VALUES (76, "Reina");
INSERT INTO protocol_bluetooth_name (protocol_id, bluetooth_name) VALUES (76, "Interactive Massager");
INSERT INTO protocol_bluetooth_name (protocol_id, bluetooth_name) VALUES (76, "03");
INSERT INTO protocol_bluetooth_name (protocol_id, bluetooth_name) VALUES (76, "imassager");
INSERT INTO protocol_bluetooth_service (id, protocol_id, service_uuid) VALUES (174, 76, "f000bb03-0451-4000-b000-000000000000");
INSERT INTO protocol_bluetooth_characteristic (id, service_id, endpoint, characteristic_uuid) VALUES (172, 174, "tx", "f000c000-0451-4000-b000-000000000000");
INSERT INTO protocol_bluetooth_characteristic (id, service_id, endpoint, characteristic_uuid) VALUES (173, 174, "rx", "f000b000-0451-4000-b000-000000000000");
INSERT INTO device (id, protocol_id, identifier, device_name) VALUES (426, 76, NULL, "WeVibe Realm Reina");
INSERT INTO protocol (id, protocol_name, display_name) VALUES (77, "motorbunny", "motorbunny");
INSERT INTO protocol_bluetooth_name (protocol_id, bluetooth_name) VALUES (77, "MB Controller");
INSERT INTO protocol_bluetooth_name (protocol_id, bluetooth_name) VALUES (77, "MB LINK 201");
INSERT INTO protocol_bluetooth_service (id, protocol_id, service_uuid) VALUES (176, 77, "0000fff0-0000-1000-8000-00805f9b34fb");
INSERT INTO protocol_bluetooth_characteristic (id, service_id, endpoint, characteristic_uuid) VALUES (174, 176, "tx", "0000fff6-0000-1000-8000-00805f9b34fb");
INSERT INTO device (id, protocol_id, identifier, device_name) VALUES (427, 77, NULL, "Motorbunny Device");
INSERT INTO device_feature (id, device_id) VALUES (393, 427);
INSERT INTO feature_scalarcmd (id, feature_id, actuator_type_id, description, range_min, range_max) VALUES (393, 393, 2, NULL, 0, 255);
INSERT INTO device (id, protocol_id, identifier, device_name) VALUES (428, 77, "MB LINK 201", "Motorbunny Buck");
INSERT INTO device (id, protocol_id, identifier, device_name) VALUES (429, 77, "MB Controller", "Motorbunny Classic");
INSERT INTO protocol (id, protocol_name, display_name) VALUES (78, "xibao", "xibao");
INSERT INTO protocol_bluetooth_name (protocol_id, bluetooth_name) VALUES (78, "CCYB_1904");
INSERT INTO protocol_bluetooth_service (id, protocol_id, service_uuid) VALUES (178, 78, "0000fff0-0000-1000-8000-00805f9b34fb");
INSERT INTO protocol_bluetooth_characteristic (id, service_id, endpoint, characteristic_uuid) VALUES (175, 178, "tx", "0000fff2-0000-1000-8000-00805f9b34fb");
INSERT INTO device (id, protocol_id, identifier, device_name) VALUES (430, 78, NULL, "Xibao Smart Masturbation Cup");
INSERT INTO device_feature (id, device_id) VALUES (394, 430);
INSERT INTO feature_scalarcmd (id, feature_id, actuator_type_id, description, range_min, range_max) VALUES (394, 394, 4, NULL, 0, 99);
INSERT INTO protocol (id, protocol_name, display_name) VALUES (79, "lovenuts", "lovenuts");
INSERT INTO protocol_bluetooth_name (protocol_id, bluetooth_name) VALUES (79, "Love_Nuts");
INSERT INTO protocol_bluetooth_service (id, protocol_id, service_uuid) VALUES (180, 79, "0000fff0-0000-1000-8000-00805f9b34fb");
INSERT INTO protocol_bluetooth_characteristic (id, service_id, endpoint, characteristic_uuid) VALUES (176, 180, "tx", "0000fff1-0000-1000-8000-00805f9b34fb");
INSERT INTO device (id, protocol_id, identifier, device_name) VALUES (431, 79, NULL, "Love Nut");
INSERT INTO device_feature (id, device_id) VALUES (395, 431);
INSERT INTO feature_scalarcmd (id, feature_id, actuator_type_id, description, range_min, range_max) VALUES (395, 395, 2, NULL, 0, 15);
INSERT INTO protocol (id, protocol_name, display_name) VALUES (80, "vibratissimo", "vibratissimo");
INSERT INTO protocol_bluetooth_name (protocol_id, bluetooth_name) VALUES (80, "Vibratissimo");
INSERT INTO protocol_bluetooth_service (id, protocol_id, service_uuid) VALUES (182, 80, "0000180a-0000-1000-8000-00805f9b34fb");
INSERT INTO protocol_bluetooth_characteristic (id, service_id, endpoint, characteristic_uuid) VALUES (177, 182, "rxblemodel", "00002a24-0000-1000-8000-00805f9b34fb");
INSERT INTO protocol_bluetooth_service (id, protocol_id, service_uuid) VALUES (183, 80, "00001523-1212-efde-1523-785feabcd123");
INSERT INTO protocol_bluetooth_characteristic (id, service_id, endpoint, characteristic_uuid) VALUES (178, 183, "txmode", "00001524-1212-efde-1523-785feabcd123");
INSERT INTO protocol_bluetooth_characteristic (id, service_id, endpoint, characteristic_uuid) VALUES (179, 183, "txvibrate", "00001526-1212-efde-1523-785feabcd123");
INSERT INTO protocol_bluetooth_characteristic (id, service_id, endpoint, characteristic_uuid) VALUES (180, 183, "rx", "00001527-1212-efde-1523-785feabcd123");
INSERT INTO protocol_bluetooth_service (id, protocol_id, service_uuid) VALUES (184, 80, "0000180f-0000-1000-8000-00805f9b34fb");
INSERT INTO protocol_bluetooth_characteristic (id, service_id, endpoint, characteristic_uuid) VALUES (181, 184, "rxblebattery", "00002a19-0000-1000-8000-00805f9b34fb");
INSERT INTO device (id, protocol_id, identifier, device_name) VALUES (432, 80, NULL, "Vibratissimo Device");
INSERT INTO device_feature (id, device_id) VALUES (396, 432);
INSERT INTO feature_scalarcmd (id, feature_id, actuator_type_id, description, range_min, range_max) VALUES (396, 396, 2, NULL, 0, 255);
INSERT INTO device (id, protocol_id, identifier, device_name) VALUES (433, 80, "Womenizer", "Vibratissimo Licker");
INSERT INTO device_feature (id, device_id) VALUES (397, 433);
INSERT INTO feature_scalarcmd (id, feature_id, actuator_type_id, description, range_min, range_max) VALUES (397, 397, 2, NULL, 0, 255);
INSERT INTO device_feature (id, device_id) VALUES (398, 433);
INSERT INTO feature_scalarcmd (id, feature_id, actuator_type_id, description, range_min, range_max) VALUES (398, 398, 2, NULL, 0, 255);
INSERT INTO device (id, protocol_id, identifier, device_name) VALUES (434, 80, "Rabbit", "Vibratissimo Rabbit");
INSERT INTO device_feature (id, device_id) VALUES (399, 434);
INSERT INTO feature_scalarcmd (id, feature_id, actuator_type_id, description, range_min, range_max) VALUES (399, 399, 2, NULL, 0, 255);
INSERT INTO device_feature (id, device_id) VALUES (400, 434);
INSERT INTO feature_scalarcmd (id, feature_id, actuator_type_id, description, range_min, range_max) VALUES (400, 400, 2, NULL, 0, 255);
INSERT INTO device_feature (id, device_id) VALUES (401, 434);
INSERT INTO feature_scalarcmd (id, feature_id, actuator_type_id, description, range_min, range_max) VALUES (401, 401, 2, NULL, 0, 2);
INSERT INTO device (id, protocol_id, identifier, device_name) VALUES (435, 80, "Licker", "Vibratissimo Licker");
INSERT INTO device_feature (id, device_id) VALUES (402, 435);
INSERT INTO feature_scalarcmd (id, feature_id, actuator_type_id, description, range_min, range_max) VALUES (402, 402, 2, NULL, 0, 255);
INSERT INTO device_feature (id, device_id) VALUES (403, 435);
INSERT INTO feature_scalarcmd (id, feature_id, actuator_type_id, description, range_min, range_max) VALUES (403, 403, 2, NULL, 0, 255);
INSERT INTO device (id, protocol_id, identifier, device_name) VALUES (436, 80, "SecretKiss", "Vibratissimo Licker");
INSERT INTO device_feature (id, device_id) VALUES (404, 436);
INSERT INTO feature_scalarcmd (id, feature_id, actuator_type_id, description, range_min, range_max) VALUES (404, 404, 2, NULL, 0, 255);
INSERT INTO device_feature (id, device_id) VALUES (405, 436);
INSERT INTO feature_scalarcmd (id, feature_id, actuator_type_id, description, range_min, range_max) VALUES (405, 405, 2, NULL, 0, 255);
